DIN.PIN,Brand.Name,Manufacturer.Code,Dosage.Form,Strength,Effective.Date,End.Date,Active.Ingredients,Active.Ingredient.Class.and.Use,Active.Ingredient.Dose,Other.Notes,conversion_factor,
5606,Ritalin,NOV,tab,10mg,2012-04-16,2022-07-11,methylphenidate,stimulant- adhd and narcolepsy,,,1,
5614,Ritalin,NOV,tab,20mg,2012-04-16,,methylphenidate,stimulant- adhd and narcolepsy,,,1,
12696,Dalmane,VAL,cap,15mg,2012-04-16,,flurazepam,bzd- insomnia ,,,0.33,
12718,Dalmane,VAL,cap,30mg,2012-04-16,,flurazepam,bzd- insomnia ,,,0.33,
13285,Valium,HLR,tab,5mg,2012-04-16,,diazepam,bzd,,,1,
50024,Codeine Phosphate Sirop De,LAA,o/l,143mg,2012-04-16,,codeine phosphate,opioid,25mg/5ml,,0.15,
68594,CoActifed,BWE,o/l,2mg/5mL & 30mg/5mL & 10 mg/5mL,2012-04-16,,codeine phosphate + triprolidine hydrochloride + pseudoephedrine hydrochloride,opioid/ stimulant,10mg/ml,,0.15,
68608,Coactifed,GSK,tab,20mg,2012-04-16,,codeine phosphate + triprolidine hydrochloride + pseudoephedrine hydrochloride,opioid/ stimulant,,,0.15,
68756,Coactifed,GSK,o/l,100mg,2012-04-16,,codeine phosphate + triprolidine hydrochloride + pseudoephedrine hydrochloride,opioid/ stimulant,2mg/ml,,0.15,
95494,AC+C,DCL,tab,8mg,2012-04-16,,acetaminophen + codeine phosphate + caffeine,opioid,,,0.15,
108162,222,FRS,tab,8mg,2012-04-16,,acetaminophen + codeine phosphate + caffeine,opioid,,,0.15,
115630,Librax,HLR,cap,5mg & 2.5mg,2012-04-16,,chlordiazepoxide hydrochloride + clidinium bromide,bzd,5mg,,0.4,
125083,Dilaudid,PFP,tab,2mg,2012-04-16,,hydromorphone hydrochloride,opioid,,,5,
125121,Dilaudid,PFP,tab,4mg,2012-04-16,,hydromorphone hydrochloride,opioid,,,5,
176192,Fiorinal C1/4,NOV,cap,330mg & 50mg & 40mg & 15mg,2012-04-16,,butalbital + acetylsalicylic acid + caffeine + codeine phosphate,opioid/ barbituate,15mg,,0.15,
176206,Fiorinal C1/2,NOV,cap,330mg & 50mg & 40mg & 30mg,2012-04-16,,butalbital + acetylsalicylic acid + caffeine + codeine phosphate,opioid/ barbituate,30mg,,0.15,
180041,AC+C 8MG,VIP,tab,8mg,2012-04-16,,acetaminophen + codeine phosphate + caffeine,opioid,,,0.15,
272434,Novo-Dipam,NOP,tab,2mg,2012-11-29,,diazepam,bzd,,,1,
272442,Novo-Dipam,NOP,tab,5mg,2012-11-29,,diazepam,bzd,,,1,
272450,Novo-Dipam,NOP,tab,10mg,2012-11-29,,diazepam,bzd,,,1,
293490,ATASOL-8,HOR,tab,8mg,2012-04-16,,acetaminophen + codeine phosphate + caffeine,opioid,,,0.15,
293504,Atasol-15,HOR,tab,300mg & 15mg & 15mg,2012-04-16,,acetaminophen + codeine phosphate + caffeine,opioid,15mg,,0.15,
293512,Atasol-30,HOR,tab,300mg & 15mg & 30mg,2012-04-16,,acetaminophen + codeine phosphate + caffeine,opioid,30mg,,0.15,
313580,Diazepam 5 Tab,PRD,tab,5mg,2012-04-16,,diazepam,bzd,,,1,
362158,Apo-Diazepam,APX,tab,5mg,2012-04-16,,diazepam,bzd,,,1,
380571,Linctus Codeine Blanc,LAA,o/l,0.2%,2012-04-16,,codeine phosphate,opioid,10mg/ml,,0.15,
382825,Rivotril,HLR,tab,0.5mg,2012-04-16,,clonazepam,bzd,,,10,
382841,Rivotril,HLR,tab,2mg,2012-04-16,,clonazepam,bzd,,,10,
392472,Supeudol,SIL,sup,20mg,2012-04-16,,oxycodone hydrochloride,opioid,,,1.5,
392480,Supeudol,SIL,sup,10mg,2012-04-16,,oxycodone hydrochloride,opioid,,,1.5,
402680,Apo-Oxazepam,APX,tab,10mg,2012-04-16,,oxazepam,bzd,,,0.33,
402737,Apo-Oxazepam,APX,tab,30mg,2012-04-16,,oxazepam,bzd,,,0.33,
402745,Apo-Oxazepam,APX,tab,15mg,2012-04-16,,oxazepam,bzd,,,0.33,
405329,Apo-Diazepam,APX,tab,2mg,2012-04-16,,diazepam,bzd,,,1,
405337,Apo-Diazepam,APX,tab,10mg,2012-04-16,,diazepam,bzd,,,1,
414220,Som Pam,VAL,cap,15mg,2012-04-16,,flurazepam,bzd,,,0.33,
414239,Som Pam,VAL,cap,30mg,2012-04-16,,flurazepam,bzd,,,0.33,
414247,Oxpam,VAL,tab,10mg,2012-04-16,,oxazepam,bzd,,,0.33,
414255,Oxpam,VAL,tab,15mg,2012-04-16,,oxazepam,bzd,,,0.33,
414263,Oxpam,VAL,tab,30mg,2012-04-16,,oxazepam,bzd,,,0.33,
426865,NOVO AC+C 8MG,NOP,tab,8mg,2012-04-16,,acetaminophen + codeine phosphate + caffeine,opioid,,,0.15,
434388,Diazepam 10Tab 10mg,PRD,tab,10mg,2012-04-16,,diazepam,bzd,,,1,
434396,Diazepam 2Tab 2mg,PRD,tab,2mg,2012-04-16,,diazepam,bzd,,,1,
443948,Supeudol,SDZ,tab,10mg,2012-04-16,,oxycodone hydrochloride,opioid,,,1.5,
472549,Vasofrinic Dh,LAT,o/l,30mg,2012-04-16,,hydrocodone bitartrate + chlorpheniramine maleate +pseudoephedrine hydrochloride,opioid,2.5mg/5ml,,1,
486582,M.O.S.,VAL,o/l,1mg/mL,2012-04-16,,morphine hydrochloride,opioid,,,1,
496529,Novoxapam,NOP,tab,15mg,2012-11-29,,oxazepam,bzd,,,0.33,
496537,Novoxapam,NOP,tab,30mg,2012-11-29,,oxazepam,bzd,,,0.33,
497754,Oxazepam 10 Tab 10mg,PRD,tab,10mg,2012-04-16,,oxazepam,bzd,,,0.33,
497762,Oxazepam 15 Tab 15mg,PRD,tab,15mg,2012-04-16,,oxazepam,bzd,,,0.33,
497770,Oxazepam 30 Tab 30mg,PRD,tab,30mg,2012-04-16,,oxazepam,bzd,,,0.33,
500852,Novoxapam,NOP,tab,10mg,2012-11-29,,oxazepam,bzd,,,0.33,
507407,Dalmacol,LAA,o/l,3.33mg,2012-04-16,,alcohol anhydrous + doxylamine succinate + etafedrine hydrochloride + hydrocodone bitartate,opioid,1.65mg/5ml,,1,
511528,Mogadon,VAL,tab,5mg,2012-04-16,,nitrazepam,bzd,,,1,
511536,Mogadon,VAL,tab,10mg,2012-04-16,,nitrazepam,bzd,,,1,
514217,M.O.S.,VAL,o/l,5mg/mL,2012-04-16,,morphine sulfate,opioid,,,1,
518123,Lectopam,HLR,tab,3mg,2012-04-16,,bromazepam,bzd,,,1.7,
518131,Lectopam,HLR,tab,6mg,2012-04-16,,bromazepam,bzd,,,1.7,
521698,Apo-Flurazepam,APX,cap,15mg,2012-04-16,,flurazepam,bzd,,,0.33,
521701,Apo-Flurazepam,APX,cap,30mg,2012-04-16,,flurazepam,bzd,,,0.33,
522724,Chlordiazepoxide,AAP,cap,5mg,2012-04-16,,chlordiazepoxide,bzd,,,0.4,
522988,Chlordiazepoxide,AAP,cap,10mg,2012-04-16,,chlordiazepoxide,bzd,,,0.4,
522996,Chlordiazepoxide,AAP,cap,25mg,2012-04-16,,chlordiazepoxide,bzd,,,0.4,
535230,CALMYLIN,TCH,o/l,125mg/ml & 3.33mg/ml & 12.5mg/ml,2012-04-16,,codeine phosphate + triprolidine hydrochloride + pseudoephedrine hydrochloride,opioid,3.33mg/5ml,,0.15,
548359,Xanax,PFI,tab,0.25mg,2012-04-16,,alprazolam,bzd,,,10,
548367,Xanax,PFI,tab,0.5mg,2012-04-16,,alprazolam,bzd,,,10,
550477,Ratio-Calmydone,RPH,o/l,3.33mg,2012-04-16,,doxylamine succinate + etafedrine hydrochloride + Hydrocodone bitartrate,opioid,0.33mg/ml,,1,
568392,Riva Oxazepam,RIA,tab,10mg,2012-04-16,,oxazepam,bzd,,,0.33,
568406,Riva Oxazepam,RIA,tab,15mg,2012-04-16,,oxazepam,bzd,,,0.33,
568414,Riva Oxazepam,RIA,tab,30mg,2012-04-16,,oxazepam,bzd,,,0.33,
578479,Flurazepam 15,PRD,cap,15mg,2012-04-16,,flurazepam,bzd,,,0.33,
578487,Flurazepam 30,PRD,cap,30mg,2012-04-16,,flurazepam,bzd,,,0.33,
584991,PMS-Methylphenidate,PMS,tab,10mg,2012-04-16,,methylphenidate,stimulant,,,1,
585009,PMS-Methylphenidate,PMS,tab,20mg,2012-04-16,,methylphenidate,stimulant,,,1,
589470,AC+C 1/8GR,PMS,tab,8mg,2012-04-16,,acetaminophen + codeine phosphate + caffeine,opioid,,,0.15,
589489,ACETAMINOPHEN WITH CODEINE,PMS,tab,8mg,2012-04-16,,codeine phosphate,opioid,,,0.15,
591467,Statex,PAL,o/l,1mg/mL,2012-04-16,,morphine sulfate,opioid,,,1,
591475,Statex,PAL,o/l,5mg/mL,2012-04-16,,morphine sulfate,opioid,,,1,
593168,Sirop Cocillana Codeine,LAA,o/l,0.566mg,2012-04-16,,codeine phosphate,opioid,0.667mg/ml,,0.15,
593435,Ratio-Codeine,RPH,tab,15mg,2012-04-16,,codeine phosphate,opioid,,,0.15,
593451,Ratio-Codeine,RPH,tab,30mg,2012-04-16,,codeine phosphate,opioid,,,0.15,
594636,Statex,PAL,tab,25mg,2012-04-16,,morphine sulfate,opioid,,,1,
594644,Statex,PAL,tab,10mg,2012-04-16,,morphine sulfate,opioid,,,1,
594652,Statex,PAL,tab,5mg,2012-04-16,,morphine sulfate,opioid,,,1,
596965,Statex Suppositories 20mg,PAL,rect sup,20mg,2012-04-16,,morphine sulfate,opioid,,,1,
604453,Restoril,ORY,cap,15mg,2012-04-16,,temazepam,bzd,,,0.5,
604461,Restoril,ORY,cap,30mg,2012-04-16,,temazepam,bzd,,,0.5,
607762,Ratio-Morphine,RPH,o/l,1mg/mL,2012-04-16,,morphine hydrochloride,opioid,,,1,
607770,Ratio-Morphine,RPH,o/l,5mg/mL,2012-04-16,,morphine hydrochloride,opioid,,,1,
608157,Ratio-Oxycodan,RPH,tab,5mg & 325mg,2012-04-16,,oxycodone hydrochloride,opioid,5mg,,1.5,
608165,Teva-Oxycocet,RPH,tab,5mg & 325mg,2012-04-16,,oxycodone hydrochloride + acetaminophen,opioid,5mg,,1.5,
608181,Ratio-Tecnal C1/2,RPH,cap,330mg & 50mg & 40mg & 30mg,2012-04-16,,butalbital + acetylsalicylic acid + caffeine + codeine phosphate,opioid/ barbituate,30mg,,0.15,
608203,Ratio-Tecnal C1/4,RPH,cap,330mg & 50mg & 40mg & 15mg,2012-04-16,,butalbital + acetylsalicylic acid + caffeine + codeine phosphate,opioid/ barbituate,15mg,,0.15,
608211,Ratio-Tecnal,RPH,tab,50mg,2012-04-16,,butalbital + acetylsalicylic acid + caffeine+codeine,opioid/ barbituate,,,0.15,
608238,Ratio-Tecnal,RPH,cap,330mg & 50mg & 40mg,2012-04-16,,butalbital + acetylsalicylic acid + caffeine+codeine,opioid/ barbituate,,,0.15,
608882,Ratio-Emtec,RPH,tab,300mg & 30mg,2012-04-16,,acetaminophen + codeine phosphate,opioid,30mg,,0.15,
614491,Doloral 1,LAA,o/l,1mg,2012-04-16,,morphine hydrochloride,opioid,1mg/ml,,1,
614505,Doloral 5 Sirop 5mg/mL,LAA,o/l,5mg,2012-04-16,,morphine sulfate,opioid,,,1,
615528,NOVOGESIC-C8,NOP,tab,8mg,2012-04-16,,acetaminophen + codeine phosphate + caffeine,opioid,,,0.15,
617059,ACETAMINOPHEN 500MG COMP TAB/CODEINE,RPR,tab,8mg,2012-04-16,,codeine phosphate,opioid,,,0.15,
618454,Apo-Chlorax Cap,APX,cap,2.5mg,2012-04-16,,chlordiazepoxide,bzd,,,0.4,
621463,Ratio-Lenoltec No.4,RPH,tab,300mg & 60mg,2012-04-16,,acetaminophen + codeine phosphate + caffeine,opioid,60mg,,0.15,
621935,Statex,PAL,oral drops,20mg/mL,2012-04-16,,morphine sulfate,opioid,,,1,
624268,M.O.S.,ICN,sup,10mg,2012-11-29,,morphine hydrochloride,opioid,,,1,
624276,M.O.S.,ICN,sup,20mg,2012-11-29,,morphine hydrochloride,opioid,,,1,
628190,Novo-Clopate,NOP,cap,3.75mg,2012-11-29,,clorazepate dipotassium,bzd,,,0.67,
628204,Novo-Clopate,NOP,cap,7.5mg,2012-11-29,,clorazepate dipotassium,bzd,,,0.67,
628212,Novo-Clopate,NOP,cap,15mg,2012-11-29,,clorazepate dipotassium,bzd,,,0.67,
632201,Statex,PMS,sup,10mg,2012-04-16,,morphine sulfate,opioid,,,1,
632228,Statex Suppositories 5mg,PAL,rect sup,5mg,2012-04-16,,morphine sulfate,opioid,,,1,
632481,M.O.S.,VAL,o/l,20mg/mL,2012-04-16,,morphine sulfate,opioid,,,1,
632503,M.O.S.,VAL,o/l,10mg/mL,2012-04-16,,morphine sulfate,opioid,,,1,
632775,Ritalin SR,NOV,er tab,20mg,2012-04-16,,methylphenidate,stimulant,,,1,
636223,Pro Chlorax,PRD,cap,2.5mg,2012-04-16,,chlordiazepoxide + clidinium bromide,bzd,5mg,,0.4,
636681,M.O.S.,ICN,sup,30mg,2012-11-29,,morphine hydrochloride,opioid,,,1,
637742,Teva-Lorazepam,NOP,tab,1mg,2012-04-16,,lorazepam,bzd,,,5,
637750,Teva-Lorazepam,NOP,tab,2mg,2012-04-16,,lorazepam,bzd,,,5,
639389,Statex Suppositories 30mg,PAL,rect sup,30mg,2012-04-16,,morphine sulfate,opioid,,,1,
647217,Statex Syrup 10mg/mL,PAL,o/l,10mg/ml,2012-04-16,,morphine sulfate,opioid,,,1,
653233,LENOLTEC NO.1,TCH,tab,8mg,2012-04-16,,acetaminophen + codeine phosphate + caffeine,opioid,,,0.15,
653241,Ratio-Lenoltec No.2,RPH,tab,300mg & 15mg & 15mg,2012-04-16,,acetaminophen + codeine phosphate + caffeine,opioid,15mg,,0.15,
653276,Ratio-Lenoltec No.3,RPH,tab,300mg & 15mg & 30mg,2012-04-16,,acetaminophen + codeine phosphate + caffeine,opioid,30mg,,0.15,
655643,Pro-Lorazepam Tab 0.5mg,PRD,tab,0.5mg,2012-04-16,,lorazepam,bzd,,,5,
655651,Pro-Lorazepam Tab 1.0mg,PRD,tab,1mg,2012-04-16,,lorazepam,bzd,,,5,
655678,Pro-Lorazepam Tab 2mg,PRD,tab,2mg,2012-04-16,,lorazepam,bzd,,,5,
655740,Apo-Lorazepam,APX,tab,0.5mg,2012-04-16,,lorazepam,bzd,,,5,
655759,Apo-Lorazepam,APX,tab,1mg,2012-04-16,,lorazepam,bzd,,,5,
655767,Apo-Lorazepam,APX,tab,2mg,2012-04-16,,lorazepam,bzd,,,5,
667102,PMS-Flurazepam Cap 15mg,PMS,cap,15mg,2012-04-16,,flurazepam,bzd,,,0.33,
675962,Statex,PAL,tab,50mg,2012-04-16,,morphine sulfate,opioid,,,1,
687200,Novo-Gesic C-15,NOP,tab,300mg & 15mg & 15mg,2012-11-29,,acetaminophen + codeine phosphate + caffeine,opioid,15mg,,0.15,
687219,Novo-Gesic C-30,NOP,tab,300mg & 15mg & 30mg,2012-11-29,,acetaminophen + codeine phosphate + caffeine,opioid,30mg,,0.15,
690074,PHARMASAVE COUGH SYRUP,TCH,o/l,125mg/ml & 3.33mg/ml & 12.5mg/ml,2012-04-16,,codeine phosphate,opioid,3.33mg/5ml,,0.15,
690198,M.O.S.-10,VAL,tab,10mg,2012-04-16,,morphine sulfate,opioid,,,1,
690201,M.O.S.-20,VAL,tab,20mg,2012-04-16,,morphine sulfate,opioid,,,1,
690228,M.O.S.-40,VAL,tab,40mg,2012-11-29,,morphine sulfate,opioid,,,1,
690236,M.O.S. Conc 50,VAL,o/l,50mg/mL,2012-11-29,,morphine sulfate,opioid,,,1,
690244,M.O.S.-60,VAL,tab,60mg,2012-04-16,,morphine sulfate,opioid,,,1,
690783,Ratio-Morphine,RPH,o/l,10mg/mL,2012-04-16,,morphine sulfate,opioid,,,1,
690791,Ratio-Morphine,RPH,o/l,20mg/mL,2012-04-16,,morphine sulfate,opioid,,,1,
694827,Ratio-Coristex-Dh,RPH,o/l,20mg,2012-04-16,,hydrocodone bitartrate + triprolidine hydrochloride + pseudoephedrine hydrochloride,opioid,5mg/5ml,,1,
705438,Dilaudid,PFP,tab,1mg,2012-04-16,,hydromorphone hydrochloride,opioid,,,5,
705799,Statex Dps 50mg/mL,PAL,oral sol,50mg,2012-04-16,,morphine sulfate,opioid,50mg/ml,,1,
706221,ACETAMINOPHEN WITH CAFFEINE AND CODEINE,VIP,tab,8mg,2012-04-16,,codeine phosphate,opioid,,,0.15,
706515,Acet 2,PMS,tab,15mg,2012-04-16,,acetaminophen + codeine phosphate + caffeine,opioid,,,0.15,
706523,Acet 3,PMS,tab,30mg,2012-04-16,,acetaminophen + codeine phosphate + caffeine,opioid,,,0.15,
708712,ACETAMINOPHEN EXTRA STR/CAFFEINE/CODEINE,WTR,tab,8mg,2012-04-16,,codeine phosphate,opioid,,,0.15,
711101,Novo-Lorazem,NOP,tab,0.5mg,2012-04-16,,lorazepam,bzd,,,5,
723770,Xanax,PFI,tab,1mg,2012-04-16,,alprazolam,bzd,,,10,
726362,PMS-Oxazepam Tab 10mg,PMS,tab,10mg,2012-04-16,,oxazepam,bzd,,,0.33,
726370,PMS-Oxazepam Tab 15mg,PMS,tab,15mg,2012-04-16,,oxazepam,bzd,,,0.33,
726389,PMS-Oxazepam Tab 30mg,PMS,tab,30mg,2012-04-16,,oxazepam,bzd,,,0.33,
728187,PMS-Lorazepam,PMS,tab,0.5mg,2012-04-16,,lorazepam,bzd,,,5,
728195,PMS-Lorazepam,PMS,tab,1mg,2012-04-16,,lorazepam,bzd,,,5,
728209,PMS-Lorazepam,PMS,tab,2mg,2012-04-16,,lorazepam,bzd,,,5,
776181,M.O.S.,VAL,sr tab,30mg,2012-04-16,,morphine hydrochloride,opioid,,,1,
776203,M.O.S.,VAL,sr tab,60mg,2012-04-16,,morphine hydrochloride,opioid,,,1,
779458,Codeine,ROG,tab,15mg,2012-04-16,,codeine phosphate,opioid,,,0.15,
779474,Ratio-Codeine,RPH,o/l,5mg/mL,2012-04-16,,codeine phosphate,opioid,,,0.15,
786535,Dilaudid,PFP,oral sol,1mg/mL,2012-04-16,,hydromorphone hydrochloride,opioid,,,5,
786543,Dilaudid,PFP,tab,8mg,2012-04-16,,hydromorphone hydrochloride,opioid,,,5,
789739,Supeudol,SDZ,tab,5mg,2012-04-16,,oxycodone hydrochloride,opioid,,,1.5,
789828,Triatec-30 Tab,LAT,tab,30mg,2012-04-16,,codeine phosphate,opioid,,,0.15,
808563,Triazolam,AAP,tab,0.125mg,2012-04-16,,triazolam,bzd,,,20,
808571,Triazolam,AAP,tab,0.25mg,2012-04-16,,triazolam,bzd,,,20,
813958,Xanax TS,PFI,tab,2mg,2012-04-16,,alprazolam,bzd,,,10,
815349,PMS-Opium & Belladonna,PMS,sup,65mg/15mg,2012-04-16,,"opium (morphine) + belladonna alkaloids (e.g., atropine, scopolamine)",opioid,65mg,,1,
816027,PMS-Acetaminophen With Codeine,PMS,o/l,160mg & 8mg/5mL,2012-04-16,,codeine phosphate,opioid,8mg/5ml,,0.15,
834319,ACETAZONE FORTE C8,TCH,Tab,300mg & 250mg & 8mg,2012-04-16,,acetylsalicylic acid + codeine phosphate + caffeine,opioid,8mg,,0.15,
852163,Triatec-8 Tab,LAT,tab,8mg,2012-04-16,,codeine phosphate,opioid,,,0.15,
860689,Clorazepate,AAP,cap,3.75mg,2012-04-16,,clorazepate dipotassium,bzd,,,0.67,
860697,Clorazepate,AAP,cap,15mg,2012-04-16,,clorazepate dipotassium,bzd,,,0.67,
860700,Clorazepate,AAP,cap,7.5mg,2012-04-16,,clorazepate dipotassium,bzd,,,0.67,
865397,Apo-Alpraz,APX,tab,0.25mg,2012-04-16,,alprazolam,bzd,,,10,
865400,Apo-Alpraz,APX,tab,0.5mg,2012-04-16,,alprazolam,bzd,,,10,
885401,PMS-HYDROmorphone,PMS,tab,4mg,2012-04-16,,hydromorphone hydrochloride,opioid,,,5,
885428,PMS-HYDROmorphone,PMS,tab,8mg,2012-04-16,,hydromorphone hydrochloride,opioid,,,5,
885436,PMS-HYDROmorphone,PMS,tab,2mg,2012-04-16,,hydromorphone hydrochloride,opioid,,,5,
885444,PMS-HYDROmorphone,PMS,tab,1mg,2012-04-16,,hydromorphone hydrochloride,opioid,,,5,
891797,PMS-Diazepam,PMS,o/l,1mg/mL,2012-04-16,,diazepam,bzd,,,1,
1908170,Alprazolam-0.5 Tab 0.5mg,PRD,tab,0.5mg,2012-04-16,,alprazolam,bzd,,,10,
1908189,Alprazolam-0.25 Tab 0.25mg,PRD,tab,0.25mg,2012-04-16,,alprazolam,bzd,,,10,
1913239,Nu-Alpraz,NXP,tab,0.25mg,2012-04-16,,alprazolam,bzd,,,10,
1913247,Nu-Alpraz,NXP,tab,0.5mg,2012-04-16,,alprazolam,bzd,,,10,
1913484,Teva-Alprazolam,TEV,tab,0.25mg,2012-04-16,,alprazolam,bzd,,,10,
1913492,Teva-Alprazolam,TEV,tab,0.5mg,2012-04-16,,alprazolam,bzd,,,10,
1913506,Mylan-Triazolam,MYL,tab,0.25mg,2012-10-17,,triazolam,bzd,,,20,
1901869,Opium & Belladonna,SDZ,sup,15mg & 65mg,2012-04-16,,"opium (morphine) + belladonna alkaloids (e.g., atropine, scopolamine)",opioid/acticholinergic,65mg,,1,
1916386,PMS-HYDROmorphone,PMS,oral sol,1mg/mL,2012-04-16,,hydromorphone hydrochloride,opioid,,,5,
1916394,PMS-Hydromorphone Suppositoire 3mg,PMS,rect sup,3mg,2012-04-16,,hydromorphone hydrochloride,opioid,,,5,
1916475,Percocet,BQU,tab,5mg & 325mg,2012-04-16,,oxycodone hydrochloride + acetaminophen,opioid,5mg,,1.5,
1916491,Percocet-Demi,BMS,tab,2.5mg,2012-04-16,,oxycodone hydrochloride + acetaminophen,opioid,,,1.5,
1916548,Endocet,BQU,tab,5mg & 325mg,2012-04-16,,oxycodone hydrochloride + acetaminophen,opioid,5mg,,1.5,
1916564,Hycomine,BQU,o/l,5mg & 12.5mg & 10mg & 60mg,2012-07-30,,hydrocodone bitartrate + chlorpheniramine maleate + phenylephrine hydrochloride + pseudoephedrine hydrochloride,opioid,,,1,
1916580,Hycodan,BQU,o/l,1mg/mL,2012-04-16,,hydrocodone bitartrate + homatropine methylbromide,opioid,,,1,
1916599,Hycodan,DUP,tab,5mg,2012-04-16,,hydrocodone bitartrate + homatropine methylbromide,opioid,,,1,
1916963,Tussionex,FIS,tab,5mg & 10mg,2012-04-16,,hydrocodone polistirex + chlorpheniramine polistirex,opioid,5mg,,1,
1916971,Tussionex,FIS,susp,1mg/mL & 2mg/mL,2012-04-16,,hydrocodone polistirex + chlorpheniramine polistirex,opioid,1mg/ml,,1,
1922246,ACETAMINOPHEN CAFFEINE & CODEINE (WAM),RPR,tab,8mg,2012-04-16,,codeine phosphate,opioid,,,0.15,
1924516,Dexedrine,PAL,tab,5mg,2012-04-16,,dextroamphetamine sulfate,stimulant,,,1.16,
1924559,Dexedrine Spansules,PAL,sr cap,10mg,2012-04-16,,dextroamphetamine sulfate,stimulant,,,1.16,
1924567,Dexedrine Spansules,PAL,sr cap,15mg,2012-04-16,,dextroamphetamine sulfate,stimulant,,,1.16,
1934740,Robitussin Ac,PFI,o/l,100mg,2012-04-16,,guaifenesin + codeine phosphate,opioid,2mg/ml,,0.15,
1934767,ROBAXACET-8,WHB,tab,400mg & 325mg & 8mg,2012-04-16,,methocarbamol + acetaminophen + codeine phosphate,opioid,8mg,,0.15,
1934775,ROBAXISAL C 1/8,WHB,tab,400mg & 325mg & 8mg,2012-04-16,,methocarbamol + acetylsalicylic acid + codeine phosphate,opioid,8mg,,0.15,
1934783,Robaxisal C-1/4,ROB,tab,400mg & 325mg & 16.2mg,2012-04-16,,methocarbamol + acetylsalicylic acid + codeine phosphate,opioid,16.2mg,,0.15,
1934791,Robaxisal C-1/2,WHH,tab,400mg & 325mg & 32.4mg,2012-04-16,,methocarbamol + acetylsalicylic acid + codeine phosphate,opioid,32.4mg,,0.15,
1938363,SINUTAB WITH CODEINE,WLA,tab,325mg & 2mg & 8mg & 30mg,2012-04-16,,codeine phosphate,opioid,8mg,,0.15,
1941895,Methoxisal-C 1/8,ROG,tab,8mg,2012-04-16,,methocarbamol + acetylsalicylic acid + codeine phosphate,opioid,,,0.15,
1962388,Cocaine Hydrochloride Top Sol 40mg/mL,SDZ,topical sol,40MG,2012-04-16,,cocaine hydrochloride,stimulant,40mg/ml,,NA,
1966367,Methoxisal-C 1/4,ROG,tab,16.2mg,2012-04-16,,methocarbamol + acetylsalicylic acid + codeine phosphate,opioid,,,0.15,
1966375,Methoxisal-C 1/2,ROG,tab,32.4mg,2012-04-16,,methocarbamol + acetylsalicylic acid + codeine phosphate,opioid,,,0.15,
1971387,Trianal-C 1/2 Capsule,LAT,cap,30mg,2012-04-16,,butalbital + acetylsalicylic acid + caffeine + codeine phosphate,opioid/barbituate,,,0.15,
1971409,Trianal Tablet,LAT,tab,50mg,2012-04-16,,butalbital + acetylsalicylic acid + caffeine + codeine phosphate,opioid/barbituate,,,0.15,
1971417,Trianal Capsules,LAT,cap,50mg,2012-04-16,,butalbital + acetylsalicylic acid + caffeine + codeine phosphate,opioid/barbituate,,,0.15,
1977881,TRIATEC-8 FORT TAB,TCH,tab,8mg,2012-04-16,,codeine phosphate,opioid,,,0.15,
1979914,Hydromorphone Hydrochloride Sup 3mg,SDZ,rect sup,3mg,2012-04-16,,hydromorphone hydrochloride,opioid,,,5,
1996541,ACETAMINOPHEN CAFFEINE & CODEINE TAB,TLI,tab,8mg,2012-04-16,,codeine phosphate,opioid,,,0.15,
1996568,ACETAMINOPHEN CAFFEINE CODEINE FORTE,TLI,tab,8mg,2012-04-16,,codeine phosphate,opioid,,,0.15,
1997688,Acetaminophen Caffeine & 8mg Cod. Phos.,NOP,tab,8mg,2012-04-16,,acetaminophen + caffeine + codeine phosphate,opioid,,,0.15,
1999648,Acet Codeine 30 Tab,PMS,tab,30mg,2012-04-16,,codeine phosphate,opioid,,,0.15,
1999656,Acet Codeine 60 Tab,PMS,tab,60mg,2012-04-16,,codeine phosphate,opioid,,,0.15,
1995227,Mylan-Triazolam,MYL,tab,0.125mg,2012-10-17,,triazolam,bzd,,,20,
2009706,M.O.S. Sulphate 50mg Tab,VAL,tab,50mg,2012-04-16,,morphine sulfate,opioid,,,1,
2009749,M.O.S. Sulphate 25mg Tab,VAL,tab,25mg,2012-04-16,,morphine sulfate,opioid,,,1,
2009757,Codeine 30mg Tab,LAT,tab,30mg,2012-04-16,,codeine phosphate,opioid,,,0.15,
2009765,M.O.S. Sulphate 10mg Tab,VAL,tab,10mg,2012-04-16,,morphine sulfate,opioid,,,1,
2009773,M.O.S. Sulphate 5mg Tab,VAL,tab,5mg,2012-04-16,,morphine sulfate,opioid,,,1,
2009889,Codeine 15 mg Tab,LAT,tab,15MG,2012-04-16,,codeine phosphate,opioid,,,0.15,
2014203,MS IR Tab 5mg,PFP,tab,5mg,2012-04-16,,morphine sulfate,opioid,,,1,
2014211,MS IR Tab 10mg,PFP,tab,10mg,2012-04-16,,morphine sulfate,opioid,,,1,
2014238,MS-IR,PFP,tab,20mg,2012-04-16,,morphine sulfate,opioid,,,1,
2014254,MS-IR,PFP,tab,30mg,2012-04-16,,morphine sulfate,opioid,,,1,
2014297,MS Contin,PFP,sr tab,30mg,2012-04-16,,morphine sulfate,opioid,,,1,
2014300,MS Contin,PFP,sr tab,60mg,2012-04-16,,morphine sulfate,opioid,,,1,
2014319,MS Contin,PFP,sr tab,100mg,2012-04-16,,morphine sulfate,opioid,,,1,
2014327,MS Contin,PFP,sr tab,200mg,2012-04-16,,morphine sulfate,opioid,,,1,
2015439,MS Contin,PFP,sr tab,15mg,2012-04-16,,morphine sulfate,opioid,,,1,
2019930,M-Eslon,ETH,er cap,10mg,2012-04-16,,morphine sulfate,opioid,,,1,
2019949,M-Eslon,ETH,er cap,30mg,2012-04-16,,morphine sulfate,opioid,,,1,
2019957,M-Eslon,ETH,er cap,60mg,2012-04-16,,morphine sulfate,opioid,,,1,
2019965,M-Eslon,ETH,er cap,100mg,2012-04-16,,morphine sulfate,opioid,,,1,
2025337,ACETAMINOPHEN COMP TAB WITH CODEINE(WAM),RPR,tab,8mg,2012-04-16,,codeine phosphate,opioid,,,0.15,
2028174,ACETAMINOPHEN WITH CODEINE CAPLET (WAM),RPR,tab,8mg,2012-04-16,,codeine phosphate,opioid,,,0.15,
2041413,Ativan,PFI,tab,0.5mg,2012-04-16,,lorazepam,bzd,,,5,
2041421,Ativan,PFI,tab,1mg,2012-04-16,,lorazepam,bzd,,,5,
2041448,Ativan,PFI,tab,2mg,2012-04-16,,lorazepam,bzd,,,5,
2041456,Ativan,PFI,sl tab,0.5mg,2012-04-16,,lorazepam,bzd,,,5,
2041464,Ativan,PFI,sl tab,1mg,2012-04-16,,lorazepam,bzd,,,5,
2041472,Ativan,PFI,sl tab,2mg,2012-04-16,,lorazepam,bzd,,,5,
2048701,PMS-Clonazepam,PMS,tab,0.5mg,2012-04-16,,clonazepam,bzd,,,10,
2048728,PMS-Clonazepam Tab 1.0mg,PMS,tab,1mg,2012-04-16,,clonazepam,bzd,,,10,
2048736,PMS-Clonazepam,PMS,tab,2mg,2012-04-16,,clonazepam,bzd,,,10,
2047667,MERSYNDOL WITH CODEINE,MER,tab,325mg & 8mg & 5mg,2012-04-16,,codeine phosphate,opioid,8mg,,0.15,
2048701,PMS-Clonazepam,PMS,tab,0.5mg,2012-04-16,,clonazepam,bzd,,,10,
2048728,PMS-Clonazepam Tab 1.0mg,PMS,tab,1mg,2012-04-16,,clonazepam,bzd,,,10,
2048736,PMS-Clonazepam,PMS,tab,2mg,2012-04-16,,clonazepam,bzd,,,10,
2053403,Ratio-Cotridin Expectorant,RPH,o/l,100mg,2012-04-16,,codeine phosphate + triprolidine hydrochloride + pseudoephedrine hydrochloride + guaifenesin,opioid- cough supresent tightly controlled,2mg/ml,,0.15,
2099748,Cough Syrup With Codeine,ROG,o/l,100mg,2012-04-16,,codeine phosphate,opioid- cough supresent tightly controlled,3.3mg/5ml,,0.15,
2103656,Ratio-Clonazepam,RPH,tab,0.5mg,2012-04-16,,clonazepam,bzd,,,10,
2103737,Ratio-Clonazepam,RPH,tab,2mg,2012-04-16,,clonazepam,bzd,,,10,
2125323,Hydromorph Contin,PFP,cr cap,3mg,2012-04-16,,hydromorphone hydrochloride,opioid,,,5,
2125331,Hydromorph Contin,PFP,cr cap,6mg,2012-04-16,,hydromorphone hydrochloride,opioid,,,5,
2125366,Hydromorph Contin,PFP,cr cap,12mg,2012-04-16,,hydromorphone hydrochloride,opioid,,,5,
2125382,Hydromorph Contin,PFP,cr cap,24mg,2012-04-16,,hydromorphone hydrochloride,opioid,,,5,
2125390,Hydromorph Contin,PFP,cr cap,30mg,2012-04-16,,hydromorphone hydrochloride,opioid,,,5,
2126486,Phl-Methylphenidate,PHE,tab,20mg,2012-04-16,,methylphenidate,stimulant,,,1,
2126494,Phl-Methylphenidate,PHE,tab,10mg,2012-04-16,,methylphenidate,stimulant,,,1,
2130998,Dom-Clonazepam - Tab 0.5mg,DPC,tab,0.5mg,2012-04-16,,clonazepam,bzd,,,10,
2131013,Dom-Clonazepam - Tab 2mg,DPC,tab,2mg,2012-04-16,,clonazepam,bzd,,,10,
2137534,Mylan-Alprazolam,MYL,tab,0.25mg,2012-04-16,,alprazolam,bzd,,,10,
2137542,Mylan-Alprazolam,MYL,tab,0.5mg,2012-04-16,,alprazolam,bzd,,,10,
2137984,Talwin,SAO,tab,50mg,2012-04-16,,pentazocine lactate,opioid,,,0.25,
2138018,Demerol,SAV,tab,50mg,2012-04-16,,meperidine hydrochloride,opioid,,,0.1,
2143933,Acetaminophen with Codeine - Caplet,ROG,tab,8mg,2012-04-16,,codeine phosphate,opioid,,,0.15,
2145227,Phl-Clonazepam,PHE,tab,0.5mg,2012-04-16,,clonazepam,bzd,,,10,
2145235,Phl-Clonazepam - Tab 1mg,PHE,tab,1mg,2012-04-16,,clonazepam,bzd,,,10,
2145243,Phl-Clonazepam,PHE,tab,2mg,2012-04-16,,clonazepam,bzd,,,10,
2154234,"Acetaminophen, Caffeine & Codeine Caplet",VIP,tab,8mg,2012-04-16,,codeine phosphate,opioid,,,0.15,
2163748,Codeine Contin,PFP,cr tab,100mg,2012-04-16,,codeine phosphate,opioid,,,0.15,
2163780,Codeine Contin,PFP,cr tab,150mg,2012-04-16,,codeine phosphate,opioid,,,0.15,
2163799,Codeine Contin,PFP,cr tab,200mg,2012-04-16,,codeine phosphate,opioid,,,0.15,
2163918,Tylenol with Codeine No. 4,JAN,tab,300mg & 60mg,2012-04-16,,codeine phosphate,opioid,60mg,,0.15,
2163926,Tylenol with Codeine No. 3,JAN,tab,300mg & 15mg & 30mg,2012-04-16,,codeine phosphate,opioid,30mg,,0.15,
2163934,Tylenol with Codeine No. 2,JAN,tab,300mg & 15mg & 15mg,2012-04-16,,codeine phosphate,opioid,15mg,,0.15,
2163942,Tylenol With Codeine Elixir,JAN,o/l,160mg & 8mg/5mL,2012-04-16,,codeine phosphate,opioid,8mg/ml,,0.15,
2169126,Ratio-Cotridin,RPH,o/l,10mg,2012-04-16,,codeine phosphate + triprolidine hydrochloride + pseudoephedrine hydrochloride,opioid/decongestant/ antihistamine,2mg/ml,,0.15,
2172917,Calmylin Pse With Codeine,ROG,o/l,100mg,2012-04-16,,codeine phosphate,opioid/decongestant/ expectorant. tightly controlled cough medica,3.3mg/ml,,0.15,
2173344,Nu-Clonazepam,NXP,tab,0.5mg,2012-04-16,,clonazepam,bzd,,,10,
2173352,Nu-Clonazepam,NXP,tab,2mg,2012-04-16,,clonazepam,bzd,,,10,
2177153,Apo-Bromazepam,APX,tab,1.5mg,2012-04-16,,bromazepam,bzd,,,1.7,
2177161,Apo-Bromazepam,APX,tab,3mg,2012-04-16,,bromazepam,bzd,,,1.7,
2177188,Apo-Bromazepam,APX,tab,6mg,2012-04-16,,bromazepam,bzd,,,1.7,
2177749,M-Eslon,ETH,er cap,15mg,2012-04-16,,morphine sulfate,opioid,,,1,
2177757,M-Eslon,ETH,er cap,200mg,2012-04-16,,morphine sulfate,opioid,,,1,
2177889,Apo-Clonazepam,APX,tab,0.5mg,2012-04-16,,clonazepam,bzd,,,10,
2177897,Apo-Clonazepam,APX,tab,2mg,2012-04-16,,clonazepam,bzd,,,10,
2179660,PMS-Clonazepam- Tab 0.25mg,PMS,tab,0.25mg,2012-04-16,,clonazepam,bzd,,,10,
2181061,Tylenol No.1 Caplets,MCL,tab,8mg,2012-04-16,,acetaminophen + codeine phosphate + caffeine,opioid- over the counter,,,0.15,
2181088,Tylenol No.1 Forte Caplets,MCL,tab,8mg,2012-04-16,,acetaminophen + codeine phosphate + caffeine,opioid- over the counter,,,0.15,
2184435,Kadian,ABB,sr cap,20mg,2012-04-16,,morphine sulfate,opioid- long term pain relief,,,1,
2184443,Kadian,ABB,sr cap,50mg,2012-04-16,,morphine sulfate,opioid- long term pain relief,,,1,
2184451,Kadian,ABB,sr cap,100mg,2012-04-16,,morphine sulfate,opioid- long term pain relief,,,1,
2192101,Hydromorphone,SOR,tab,1mg,2012-04-16,,hydromorphone hydrochloride,opioid- long term pain relief,,,5,
2192144,Hydromorphone,SOR,tab,8mg,2012-04-16,,hydromorphone hydrochloride,opioid- long term pain relief,,,5,
2192705,Gen-Bromazepam,GEN,tab,1.5mg,2012-04-16,,bromazepam,bzd,,,1.7,
2198630,Calmylin Ace,ROG,o/l,100mg,2012-04-16,,codeine phosphate + triprolidine hydrochloride + pseudoephedrine hydrochloride,opioid- cough supresent tightly controlled,2mg/ml,,0.15,
2202441,Oxycontin,PFP,sr tab,10mg,2012-04-16,,oxycodone hydrochloride,opioid- long term pain relief (high overodse risk),,,1.5,
2202468,Oxycontin,PFP,sr tab,20mg,2012-04-16,,oxycodone hydrochloride,opioid- long term pain relief (high overodse risk),,,1.5,
2202476,Oxycontin,PFP,sr tab,40mg,2012-04-16,,oxycodone hydrochloride,opioid- long term pain relief (high overodse risk),,,1.5,
2202484,Oxycontin,PFP,sr tab,80mg,2012-04-16,,oxycodone hydrochloride,opioid- long term pain relief (high overodse risk),,,1.5,
2207818,PMS-Clonazepam-R,PMS,tab,0.5mg,2012-04-16,,clonazepam,bzd,,,10,
2220520,Bromazepam-3 - Tab 3mg,PRD,tab,3mg,2012-04-16,,bromazepam,bzd,,,1.7,
2220539,Bromazepam-6 - Tab 6mg,PRD,tab,6mg,2012-04-16,,bromazepam,bzd,,,1.7,
2221799,Frisium,OVA,tab,10mg,2012-04-16,,clobazam,bzd,,,0.5,
2223570,Nu-Temazepam,NXP,cap,15mg,2012-04-16,,temazepam,bzd,,,0.5,
2223589,Nu-Temazepam,NXP,cap,30mg,2012-04-16,,temazepam,bzd,,,0.5,
2224100,Dom-Clonazepam-R - Tab 0.5mg,DPC,tab,0.5mg,2012-04-16,,clonazepam,bzd,,,10,
2224577,Cophylac Drops,VAE,oral sol,10mg,2012-04-16,,noremethadone hydrochloride,opioid- cough supresent tightly controlled,10mg/ml,,4.7,
2225964,Apo-Temazepam,APX,cap,15mg,2012-04-16,,temazepam,bzd,,,0.5,
2225972,Apo-Temazepam,APX,cap,30mg,2012-04-16,,temazepam,bzd,,,0.5,
2229654,Nitrazadon,VAL,tab,5mg,2012-04-16,,nitrazepam,bzd,,,1,
2229655,Nitrazadon,VAL,tab,10mg,2012-04-16,,nitrazepam,bzd,,,1,
2229756,Dom-Temazepam,DPC,cap,15mg,2012-04-16,,temazepam,bzd,,,0.5,
2229758,Dom-Temazepam,DPC,cap,30mg,2012-04-16,,temazepam,bzd,,,0.5,
2229760,Temazepam-15,PRD,cap,15mg,2012-04-16,,temazepam,bzd,,,0.5,
2229761,Temazepam-30,PRD,cap,30mg,2012-04-16,,temazepam,bzd,,,0.5,
2229813,Mylan-Alprazolam,MYL,tab,1mg,2012-04-16,,alprazolam,bzd,,,10,
2229814,Mylan-Alprazolam,MYL,tab,2mg,2012-04-16,,alprazolam,bzd,,,10,
2230095,Novo-Temazepam,NOP,cap,15mg,2012-04-16,,temazepam,bzd,,,0.5,
2230102,Novo-Temazepam,NOP,cap,30mg,2012-04-16,,temazepam,bzd,,,0.5,
2230302,Codeine Contin,PFP,cr tab,50mg,2012-04-16,,codeine monohydrate,long-acting opioid,,,0.15,
2230321,Ratio-Methylphenidate,RPH,tab,10mg,2012-11-29,,methylphenidate,stimulant,,,1,
2230322,Ratio-Methylphenidate,RPH,tab,20mg,2012-04-16,,methylphenidate,stimulant,,,1,
2230366,Clonapam,ICN,tab,0.5mg,2012-11-29,,clonazepam,bzd,,,10,
2230368,Clonapam,VAL,tab,1mg,2012-04-16,,clonazepam,bzd,,,10,
2230369,Clonapam,ICN,tab,2mg,2012-11-29,,clonazepam,bzd,,,10,
2230584,Novo-Bromazepam,NOP,tab,3mg,2012-04-16,,bromazepam,bzd,,,1.7,
2230585,Novo-Bromazepam,NOP,tab,6mg,2012-04-16,,bromazepam,bzd,,,1.7,
2230769,Dalmacol,RIA,o/l,3.33mg,2012-04-16,,"hydrocodone bitartrate, etafedrine, doxylamine succinate, sodium citrate, and anhydrous alcohol",bzd,1.65mg/ml,,1,
2230950,Mylan-Clonazepam,MYL,tab,0.5mg,2012-04-16,,clonazepam,bzd,,,10,
2230951,Mylan-Clonazepam,MYL,tab,2mg,2012-04-16,,clonazepam,bzd,,,10,
2231934,Oxy.IR,PFP,tab,5mg,2012-04-16,,oxycodone hydrochloride,opioid-post operative pain perscription,,,1.5,
2232387,Exdol-8 Tablets,PEN,tab,8mg,2012-04-16,,acetaminophen + codeine phosphate + caffeine,opioid- long term pain relief (high overodse risk),,,0.15,
2232388,Exdol-15 Tablets,PEN,tab,15mg & 300mg & 30mg,2012-04-16,,acetaminophen + codeine phosphate + caffeine,opioid- long term pain relief (high overodse risk),15mg,,0.15,
2232389,Exdol-30 Tablets,PEN,tab,30mg,2012-04-16,,acetaminophen + codeine phosphate + caffeine,opioid- long term pain relief (high overodse risk),,,0.15,
2232658,Procet-30,PRD,tab,30mg,2012-04-16,2019-11-01,acetaminophen + codeine phosphate,"opioid- antitussive, antipyretic and analgesic. moderate to severe pain",,,0.15,
2233960,Sandoz Clonazepam,SDZ,tab,0.5mg,2012-04-16,2018-08-01,clonazepam,bzd,,,10,
2233982,Sandoz Clonazepam,SDZ,tab,1mg,2012-04-16,2018-08-01,clonazepam,bzd,,,10,
2233985,Sandoz Clonazepam,SDZ,tab,2mg,2012-04-16,2018-08-01,clonazepam,bzd,,,10,
2234003,Sandoz Nitrazepam,SDZ,tab,5mg,2012-04-16,2018-08-01,nitrazepam,bzd,,,1,
2234007,Sandoz Nitrazepam,SDZ,tab,10mg,2012-04-16,2018-08-01,nitrazepam,bzd,,,1,
2234510,282,PEN,tab,15mg,2012-11-29,2021-05-11,codeine phosphate+acetylslicylic acid,opioid[- analgesic and sedative. perscribed when pain accompanied by muscle spasm/anxiety,,,0.15,
2234749,PMS-Methylphenidate,PMS,tab,5mg,2012-04-16,,methylphenidate,stimulant,,,1,
2236872,Methoxacet-C 1/8,ROG,tab,8mg,2012-04-16,2018-11-12,acetaminophen+codeine phosphate+methocarbamol,opioid-cancelled post-market ,,,0.15,
2236948,Phl-Clonazepam-R,PHE,tab,0.5mg,2012-04-16,2004-12-02,clonazepam,bzd,,,10,
2237420,"Acetaminophen, Caffeine & 8mg Codeine",PEN,tab,8mg,2012-04-16,2016-12-31,clonazepam,bzd,,,10,
2237578,Spasmhalt-8,PEN,tab,8mg,2012-04-16,,acetaminophen+codeine phosphate+methocarbamol,opioid-pain muscle spasms,,,0.15,
2237580,Spasmhalt-ASA-8,PEN,tab,8mg,2012-04-16,,acetaminophen+codeine phosphate+methocarbamol,opioid-pain muscle spasms,,,0.15,
2238162,Diastat,VAL,rect gel-2x 5mg pk,5mg/mL,2012-04-16,,diazepam,bzd,,,1,
2238334,Novo-Clobazam,NOP,tab,10mg,2012-04-16,,clobazam,bzd,,,0.5,
2238645,292,PEN,tab,30mg,2012-04-16,,"asa, caffeine, codeine phosphate",opioid- pain releif,,,0.15,
2238646,282 MEP,PEN,tab,15mg,2012-04-16,,"asa, caffeine, codeine phosphate",opioid[- analgesic and sedative. perscribed when pain accompanied by muscle spasm/anxiety,,,0.15,
2238670,C-2 Buffered with Codeine,PEN,tab,8mg,2012-04-16,,"asa, caffeine, codeine phosphate","opioid[- mild to severe pain, fever, and inflammation",,,0.15,
2239024,Novo-Clonazepam,NOP,tab,0.5mg,2012-04-16,,clonazepam,bzd,,,10,
2239025,Novo-Clonazepam,NOP,tab,2mg,2012-04-16,,clonazepam,bzd,,,10,
2240131,Oxy.IR,PFP,tab,10mg,2012-04-16,,oxycodone hydrochloride,"opioid- mild to severe pain, fever, and inflammation",,,1.5,
2240132,Oxy.IR,PFP,tab,20mg,2012-04-16,,oxycodone hydrochloride,"opioid- mild to severe pain, fever, and inflammation",,,1.5,
2241377,Metadol,PMS,o/l,10mg/mL,2012-04-16,,methadone,opioid- perscribed for chronic severe pain but also for oud,,,4.7,
2242077,Riva-Clonazepam,RIA,tab,0.5mg,2012-04-16,,clonazepam,bzd,,,10,
2242078,Riva-Clonazepam 2 mg,RIA,tab,2mg,2012-04-16,,clonazepam,bzd,,,10,
2242163,Kadian,ABB,sr cap,10mg,2012-04-16,,morphine sulfate,opioid - long term pain relief (extended release),,,1,
2242180,Muscle & Back Pain Relief - 8,VIP,tab,8mg,2012-04-16,,acetaminophen+codeine phosphate+methocarbamol,opioid-cancelled post-market ,,,0.15,
2242406,Trianal C1/4,LAT,cap,15mg,2012-04-16,,butalbital + acetylsalicylic acid + caffeine + codeine phosphate,opioid/barbituate,,,0.15,
2242468,Rivacocet,RIA,tab,5mg,2012-04-16,,acetaminophen + oxycodone hydrochloride,opioid- short-term post-operative pain relief,,,1.5,
2243023,Ratio-Temazepam,RPH,cap,15mg,2012-04-16,,temazepam,bzd,,,0.5,
2243024,Ratio-Temazepam,RPH,cap,30mg,2012-04-16,,temazepam,bzd,,,0.5,
2243047,Muscle & Back Pain Relief-8,PEN,tab,8mg,2012-04-16,,acetaminophen+codeine phosphate+methocarbamol,opioid-back pain and muscle spasms,,,0.15,
2243063,Covan Syrup,PMS,o/l,10mg,2012-04-16,,codeine phosphate + triprolidine hydrochloride + pseudoephedrine hydrochloride,opioid- cough supresent/ expectorant tightly controlled,2mg/ml,,0.15,
2243562,Hydromorph Contin,PFP,cr cap,18mg,2012-04-16,,hydromorphone hydrochloride,opioid- long term severe pain. mostly perscribed for palliative care,,,5,
2243611,Apo-Alpraz,APX,tab,1mg,2012-04-16,,alprazolam,bzd- short term anxiety relief,,,10,
2243612,Apo-Alpraz TS,APX,tab,2mg,2012-04-16,,alprazolam,bzd- short term anxiety relief. ts stands for tablet scored (can safely be split),,,10,
2243978,PMS-Codeine,PMS,tab,15mg,2012-04-16,,codeine phosphate,opioid- short-term mild to moderate pain and cough supression,,,0.15,
2243979,PMS-Codeine,PMS,tab,30mg,2012-04-16,,codeine phosphate,opioid- short-term mild to moderate pain and cough supression,,,0.15,
2244010,Balminil Codeine Nighttime + expectorant,ROG,o/l,3.33mg,2012-04-16,,"ammonium chloride, codeine phosphate, diphenhydramine",opioid- cough supresent/ expectorant tightly controlled,3.33mg/5ml,,0.15,
2244011,Balminil Codeine+Decongest+Expectorant,ROG,o/l,100mg,2012-04-16,,"ammonium chloride, codeine phosphate, diphenhydramine",opioid- cough supresent/ expectorant tightly controlled,3.33mg/ml,,0.15,
2244078,Dimetapp-C Syrup,WYE,o/l,10mg,2012-04-16,,codeine phosphate + triprolidine hydrochloride + pseudoephedrine hydrochloride,"opioid- antitussive, antihistamne and decongestant.",2mg/ml,,0.15,
2244079,Dimetane Expectorant C,PFI,o/l,100mg,2012-04-16,,brompheniramine maleate+codeine phosphate+guaifenesin+phenylphrine hrodchloride,"opioid- antitussive, antihistamne and decongestant.",2mg/ml,,0.15,
2244080,Dimetane Expectorant DC,PFI,o/l,100mg,2012-04-16,,brompheniramine maleate+hydrocodone bitartrate+guaifenesin+phenylphrine hrodchloride,"opioid- antitussive, antihistamne and decongestant.",1.8mg/5ml,,1,
2244290,Metadol-D,PMS,o/l,10mg,2012-04-16,,methadone hydrochloride,opioid- chronic severe pain and opioid use disorder,10mg/ml,,4.7,
2244474,PMS-Clobazam,PMS,tab,10mg,2012-04-16,,clobazam,bzd,,,0.5,
2244638,Apo-Clobazam,APX,tab,10mg,2012-04-16,,clobazam,bzd,,,0.5,
2244790,Sandoz Morphine SR,SDZ,sr tab,15mg,2012-04-16,,morphine sulfate,opioid - long term pain relief (extended release),,,1,
2244791,Sandoz Morphine SR,SDZ,sr tab,30mg,2012-04-16,,morphine sulfate,opioid - long term pain relief (extended release),,,1,
2244792,Sandoz Morphine SR,SDZ,sr tab,60mg,2012-04-16,,morphine sulfate,opioid - long term pain relief (extended release),,,1,
2244814,Co Temazepam,COB,cap,15mg,2012-04-16,,temazepam,bzd,,,0.5,
2244815,Co Temazepam,COB,cap,30mg,2012-04-16,,temazepam,bzd,,,0.5,
2245230,Apo-Nitrazepam,APX,tab,5mg,2012-04-16,,nitrazepam,bzd,,,1,
2245231,Apo-Nitrazepam,APX,tab,10mg,2012-04-16,,nitrazepam,bzd,,,1,
2245284,PMS-Morphine Sulfate,PMS,sr tab,15mg,2012-04-16,,morphine sulfate,opioid - long term pain relief (immediate release),,,1,
2245285,PMS-Morphine Sulfate,PMS,sr tab,30mg,2012-04-16,,morphine sulfate,opioid - long term pain relief (immediate release),,,1,
2245286,PMS-Morphine Sulfate,PMS,sr tab,60mg,2012-04-16,,morphine sulfate,opioid - long term pain relief (immediate release),,,1,
2245287,PMS-Morphine Sulfate SR,PMS,sr tab,100mg,2012-04-16,,morphine sulfate,opioid - long term pain relief (sustained release),,,1,
2245288,PMS-Morphine Sulfate SR,PMS,sr tab,200mg,2012-04-16,,morphine sulfate,opioid - long term pain relief (sustained release),,,1,
2245592,Damylin With Codeine Syrup,RIA,o/l,3.3mg,2012-04-16,,codeine phosphate,opioid- cough supresent tightly controlled,3.3mg/5ml,,0.15,
2245703,Hydromorph.IR-2mg,PFP,tab,2mg,2012-04-16,,hydromorphone hydrochloride,opioid- post-operative pain relief and short-term migraine relief. mostly short-term severe pain relief to supplement other opioids,,,5,
2245704,Hydromorph.IR - 4mg,PFP,tab,4mg,2012-04-16,,hydromorphone hydrochloride,opioid- post-operative pain relief and short-term migraine relief. mostly short-term severe pain relief to supplement other opioids,,,5,
2245705,Hydromorph.IR - 8mg,PFP,tab,8mg,2012-04-16,,hydromorphone hydrochloride,opioid- post-operative pain relief and short-term migraine relief. mostly short-term severe pain relief to supplement other opioids,,,5,
2245709,Benylin 2 Cold And Flu With Codeine,MCL,o/l,100mg,2012-04-16,,codeine phosphate+guaifenesin+pseudoephedrine hydrochloride,opioid- cough supresent/ expectorant tightly controlled,3.3mg/ml,,0.15,
2245758,PMS-Oxycodone-Acetaminophen,PMS,tab,5mg & 325mg,2012-11-29,,acetaminophen + codeine phosphate,opioid- mild to moderate acute pain ,5mg,,0.15,
2245784,Dom-Lorazepam,DPC,tab,0.5mg,2012-04-16,,lorazepam,bzd,,,5,
2245785,Dom-Lorazepam,DPC,tab,1mg,2012-04-16,,lorazepam,bzd,,,5,
2245786,Dom-Lorazepam,DPC,tab,2mg,2012-04-16,,lorazepam,bzd,,,5,
2246085,"Acetaminophen, Caffeine & 8mg Codeine",JPC,tab,8mg,2012-04-16,,acetaminophen + codeine phosphate + caffeine,opioid- mild to moderate acute pain ,,,0.15,
2246103,"ASA, Caffeine & Codeine Phosphate Tablet",JPC,tab,8mg,2012-04-16,,acetaminophen + codeine phosphate + caffeine,opioid- mild to moderate acute pain ,,,0.15,
2246991,Phl-Methylphenidate,PHE,tab,5mg,2012-04-16,,methylphenidate,stimulant,,,1,
2247173,Bio-Diazepam,BII,tab,2mg,2012-04-16,,diazepam,bzd,,,1,
2247174,Bio-Diazepam,BII,tab,5mg,2012-04-16,,diazepam,bzd,,,1,
2247176,Bio-Diazepam,BII,tab,10mg,2012-04-16,,diazepam,bzd,,,1,
2247177,Bio-Oxazepam,BII,tab,10mg,2012-04-16,,oxazepam,bzd,,,0.33,
2247178,Bio-Oxazepam,BII,tab,15mg,2012-04-16,,oxazepam,bzd,,,0.33,
2247179,Bio-Oxazepam,BII,tab,30mg,2012-04-16,,oxazepam,bzd,,,0.33,
2247230,Dom-Clobazam,DPC,tab,10mg,2012-04-16,,clobazam,bzd,,,0.5,
2247364,Ratio-Methylphenidate,RPH,tab,5mg,2012-04-16,,methylphenidate,stimulant,,,1,
2247374,Metadol-D,PAL,oral sol,50mcg/mL,2024-07-31,,methadone hydrochloride,opioid- chronic severe pain and opioid use disorder,1mg/ml,,4.7,dosage conflict
2247490,PMS-Diazepam,BII,tab,2mg,2012-04-16,,diazepam,bzd,,,1,
2247491,PMS-Diazepam,BII,tab,5mg,2012-04-16,,diazepam,bzd,,,1,
2247492,PMS-Diazepam,BII,tab,10mg,2012-04-16,,diazepam,bzd,,,1,
2247694,Metadol,PMS,o/l,1mg/mL,2012-04-16,,methadone hydrochloride,opioid- chronic severe pain and opioid use disorder,,,4.7,
2247698,Metadol,PMS,tab,1mg,2012-04-16,,methadone hydrochloride,opioid- chronic severe pain and opioid use disorder,,,4.7,
2247699,Metadol,PMS,tab,5mg,2012-04-16,,methadone hydrochloride,opioid- chronic severe pain and opioid use disorder,,,4.7,
2247700,Metadol,PMS,tab,10mg,2012-04-16,,methadone hydrochloride,opioid- chronic severe pain and opioid use disorder,,,4.7,
2247701,Metadol,PMS,tab,25mg,2012-04-16,,methadone hydrochloride,opioid- chronic severe pain and opioid use disorder,,,4.7,
2247732,Concerta,JAN,sr tab,18mg,2012-04-16,,methylphenidate hydrochloride,stimulant,,,0.83,
2247733,Concerta,JAN,sr tab,36mg,2012-04-16,,methylphenidate hydrochloride,stimulant,,,0.83,
2247734,Concerta,JAN,sr tab,54mg,2012-04-16,,methylphenidate hydrochloride,stimulant,,,0.83,
2248126,Bio-Flurazepam,BII,cap,15mg,2012-04-16,,flurazepam,bzd,,,0.33,
2248127,Bio-Flurazepam,BII,cap,30mg,2012-04-16,,flurazepam,bzd,,,0.33,
2248817,"Acetaminophen, Caffeine & 8mg of Codeine",PHI,tab,8mg,2012-04-16,,acetaminophen + codeine phosphate + caffeine,opioid- mild to moderate acute pain ,,,0.15,
2248977,Muscle and Back Pain Relief-8,ROG,tab,8mg,2012-04-16,,acetaminophen+codeine phosphate+methocarbamol,opioid- short-term pain muscle spasms,,,0.15,
2249324,Apo-Methylphenidate,APX,tab,10mg,2012-04-16,,methylphenidate hydrochloride,stimulant,,,1,
2249332,Apo-Methylphenidate,APX,tab,20mg,2012-04-16,,methylphenidate hydrochloride,stimulant,,,1,
2249391,Ran-Fentanyl,RAN,trans patch,25mcg/hr,2012-04-16,,fentanyl,opioid- long term pain relief (high overodse risk),2.5mg,Not for use in opioid naïve patients,3.88,
2249413,Ran-Fentanyl,RAN,trans patch,50mcg/hr,2012-04-16,,fentanyl,opioid- long term pain relief (high overodse risk),5mg,Not for use in opioid naïve patients,4.04,
2249421,Ran-Fentanyl,RAN,trans patch,75mcg/hr,2012-04-16,,fentanyl,opioid- long term pain relief (high overodse risk),7.5mg,Not for use in opioid naïve patients,3.893,
2249448,Ran-Fentanyl,RAN,trans patch,100mcg/hr,2012-04-16,,fentanyl,opioid- long term pain relief (high overodse risk),10mg,Not for use in opioid naïve patients,3.82,
2249928,Hydromorphone,SOR,tab,2mg,2012-04-16,,hydromorphone hydrochloride,opioid- short-term post-operative pain relief,,,5,
2249936,Hydromorphone,SOR,tab,4mg,2012-04-16,,hydromorphone hydrochloride,opioid- short-term post-operative pain relief,,,5,
2250241,Concerta,JAN,sr tab,27mg,2012-04-16,,methylphenidate hydrochloride,stimulant,,,0.83,
2250551,Muscle and Back Pain Relief - 8 Tablets,PHI,tab,8mg,2012-04-16,,acetaminophen + caffeine + codeine phosphate,opioid- short-term pain muscle spasms,,,0.15,
2251914,"Acetaminophen, Caffeine & 8mg of Codeine",PHI,tab,8mg,2012-04-16,,acetaminophen + caffeine + codeine phosphate,opioid- short-term pain muscle spasms,,,0.15,
2254263,Phl-Acet-Codeine 60,PHE,tab,60mg,2012-04-16,,acetaminophen + codeine phosphate,opioid- short-term moderate to severe pain,,,0.15,
2254271,Phl-Acet-Codeine 30,PHE,tab,30mg,2012-04-16,,acetaminophen + codeine phosphate,opioid- short-term moderate to severe pain,,,0.15,
2258099,Cough Syrup With Codeine,SUP,o/l,100mg,2012-04-16,,codeine phosphate+guaifenesin+pseudoephedrine hydrochloride,opioid- cough supresent/ expectorant tightly controlled,3.3mg/5ml,,0.15,
2258129,Oxycontin 5mg,PFP,er tab,5mg,2012-04-16,,oxycodone hydrochloride,opioid - long term pain relief (controlled release),,,1.5,
2262983,Supeudol,SDZ,tab,20mg,2012-04-16,,oxycodone hydrochloride,opioid- long term pain relief (high overodse risk),,,1.5,
2264846,Tramacet,JAN,tab,37.5mg & 325mg,2012-04-16,,acetaminophen+tramadol hydrochloride,opioid- long term pain relief (high overodse risk),37.5mg,,1,
2266687,Apo-Methylphenidate SR,APX,er tab,20mg,2012-04-16,,methylphenidate hydrochloride,stimulant- sustained release formulation,,,1,
2270641,Co Clonazepam,COB,tab,0.5mg,2012-04-16,,clonazepam,bzd- seizure disorder + panic and anxiety disorder,,,10,
2270668,Co Clonazepam,COB,tab,1mg,2012-04-16,,clonazepam,bzd- seizure disorder + panic and anxiety disorder,,,10,
2270676,Co Clonazepam,COB,tab,2mg,2012-04-16,,clonazepam,bzd- seizure disorder + panic and anxiety disorder,,,10,
2273039,PMS-Temazepam,PMS,cap,15mg,2012-11-29,,temazepam,bzd- insomnia ,,,0.5,
2273047,PMS-Temazepam,PMS,cap,30mg,2012-11-29,,temazepam,bzd- insomnia ,,,0.5,
2273950,Apo-Methylphenidate,APX,tab,5mg,2012-04-16,,methylphenidate hydrochloride,stimulant- adhd and narcolepsy,,,1,
2275813,Duragesic Mat,JNO,trans patch,25mcg/hr,2012-04-16,,fentanyl,"opioid- chronic severe pain, usually end-stage pain",,Not for use in opioid naïve patients,3.88,
2275821,Duragesic Mat,JNO,trans patch,50mcg/hr,2012-04-16,,fentanyl,"opioid- chronic severe pain, usually end-stage pain",,Not for use in opioid naïve patients,4.04,
2275848,Duragesic Mat,JNO,trans patch,75mcg/hr,2012-04-16,,fentanyl,"opioid- chronic severe pain, usually end-stage pain",,Not for use in opioid naïve patients,3.893,
2275856,Duragesic Mat,JNO,trans patch,100mcg/hr,2012-04-16,,fentanyl,"opioid- chronic severe pain, usually end-stage pain",,Not for use in opioid naïve patients,3.82,
2277131,Biphentin,PFP,er cap,15mg,2012-04-16,,methylphenidate hydrochloride,stimulant- adhd and narcolepsy,,,1,
2277158,Biphentin,PFP,er cap,20mg,2012-04-16,,methylphenidate hydrochloride,stimulant- adhd and narcolepsy,,,1,
2277166,Biphentin,PFP,er cap,10mg,2012-04-16,,methylphenidate hydrochloride,stimulant- adhd and narcolepsy,,,1,
2277174,Biphentin,PFP,er cap,30mg,2012-04-16,,methylphenidate hydrochloride,stimulant- adhd and narcolepsy,,,1,
2277182,Biphentin,PFP,er cap,40mg,2012-04-16,,methylphenidate hydrochloride,stimulant- adhd and narcolepsy,,,1,
2277190,Biphentin,PFP,er cap,50mg,2012-04-16,,methylphenidate hydrochloride,stimulant- adhd and narcolepsy,,,1,
2277204,Biphentin,PFP,er cap,60mg,2012-04-16,,methylphenidate hydrochloride,stimulant- adhd and narcolepsy,,,1,
2277212,Biphentin,PFP,er cap,80mg,2012-04-16,,methylphenidate hydrochloride,stimulant- adhd and narcolepsy,,,1,
2282941,Teva-Fentanyl,TEV,trans patch,25mcg/hr,2014-04-30,,fentanyl,"opioid- chronic severe pain, usually end-stage pain",,Not for use in opioid naïve patients,3.88,
2282968,Teva-Fentanyl,TEV,trans patch,50mcg/hr,2014-04-30,,fentanyl,"opioid- chronic severe pain, usually end-stage pain",,Not for use in opioid naïve patients,4.04,
2282976,Teva-Fentanyl,TEV,trans patch,75mcg/hr,2014-04-30,,fentanyl,"opioid- chronic severe pain, usually end-stage pain",,Not for use in opioid naïve patients,3.893,
2282984,Teva-Fentanyl,TEV,trans patch,100mcg/hr,2014-04-30,,fentanyl,"opioid- chronic severe pain, usually end-stage pain",,Not for use in opioid naïve patients,3.82,
2285037,Teva-Oxycodone CR,TEV,er tab,10mg,2012-11-27,,oxycodone hydrochloride,opioid- long term pain relief,,Cancelled pre-market,1.5,
2285045,Teva-Oxycodone CR,TEV,er tab,20mg,2012-11-27,,oxycodone hydrochloride,opioid- long term pain relief,,Cancelled pre-market,1.5,
2286424,Zytram XL,PFP,er tab,150mg,2012-04-16,,tramadol hydrochloride,opioid- long term moderate pain relief,,,0.1,
2286432,Zytram XL,PFP,er tab,200mg,2012-04-16,,tramadol hydrochloride,opioid- long term moderate pain relief,,,0.1,
2286440,Zytram XL,PFP,er tab,300mg,2012-04-16,,tramadol hydrochloride,opioid- long term moderate pain relief,,,0.1,
2286459,Zytram XL,PFP,er tab,400mg,2012-04-16,,tramadol hydrochloride,opioid- long term moderate pain relief,,,0.1,
2291266,Teva-Oxycodone CR,TEV,er tab,40mg,2012-11-27,,oxycodone hydrochloride,opioid- long term pain relief,,Cancelled pre-market,1.5,
2291274,Teva-Oxycodone CR,TEV,er tab,80mg,2012-11-27,,oxycodone hydrochloride,opioid- long term pain relief,,Cancelled pre-market,1.5,
2296381,Tridural,LAB,er tab,100mg,2012-04-16,,tramadol hydrochloride,opioid- long term moderate pain relief,,,1,
2296403,Tridural,LAB,er tab,200mg,2012-04-16,,tramadol hydrochloride,opioid- long term moderate pain relief,,,1,
2296411,Tridural,LAB,er tab,300mg,2012-04-16,,tramadol hydrochloride,opioid- long term moderate pain relief,,,1,
2297957,Phl-Temazepam,PHE,cap,15mg,2012-04-16,,temazepam,bzd- insomnia ,,,0.5,
2297965,Phl-Temazepam,PHE,cap,30mg,2012-04-16,,temazepam,bzd- insomnia ,,,0.5,
2298201,Phl-Lorazepam,PHE,tab,0.5mg,2012-04-16,,lorazepam,bzd- anxiety disorder,,,5,
2298228,Phl-Lorazepam,PHE,tab,1mg,2012-04-16,,lorazepam,bzd- anxiety disorder,,cancelled post-market but on the same day as original market date,5,
2298236,Phl-Lorazepam,PHE,tab,2mg,2012-04-16,,lorazepam,bzd- anxiety disorder,,cancelled post-market but on the same day as original market date,5,
2299194,Ralivia,VAL,er tab,100mg,2012-04-16,,tramadol hydrochloride,opioid- long term moderate pain relief,,,0.1,
2299208,Ralivia,VAL,er tab,200mg,2012-04-16,,tramadol hydrochloride,opioid- long term moderate pain relief,,,0.1,
2299216,Ralivia,VAL,er tab,300mg,2012-04-16,,tramadol hydrochloride,opioid- long term moderate pain relief,,,0.1,
2302764,Novo-Morphine SR,NOP,sr tab,15mg,2012-04-16,,morphine sulfate,opioid- long term severe pain. mostly perscribed for palliative care,,,1,
2302772,Novo-Morphine SR,NOP,sr tab,30mg,2012-04-16,,morphine sulfate,opioid- long term severe pain. mostly perscribed for palliative care,,,1,
2302780,Novo-Morphine SR,NOP,sr tab,60mg,2012-04-16,,morphine sulfate,opioid- long term severe pain. mostly perscribed for palliative care,,,1,
2302799,Novo-Morphine SR,NOP,sr tab,100mg,2012-04-16,,morphine sulfate,opioid- long term severe pain. mostly perscribed for palliative care,,,1,
2302802,Novo-Morphine SR,NOP,sr tab,200mg,2012-04-16,,morphine sulfate,opioid- long term severe pain. mostly perscribed for palliative care,,,1,
2303299,AC&C Tablets,PEN,tab,8mg,2012-04-16,,acetaminophen + codeine phosphate,"opioid- antitussive, antipyretic and analgesic. behind the counter (no perscription)",,,0.15,
2303329,Zym-Clonazepam,ZYN,tab,1mg,2012-04-16,,clonazepam,bzd- seizure disorder + panic and anxiety disorder,,,10,
2303337,Zym-Clonazepam,ZYN,tab,2mg,2012-04-16,,clonazepam,bzd- seizure disorder + panic and anxiety disorder,,,10,
2306530,Apo-Oxycodone CR,APX,er tab,40mg,2012-11-27,,oxycodone hydrochloride,opioid- long term moderate to severe pain relief (controlled release),,,1.5,
2307898,Sandoz Oxycodone/Acetaminophen,SDZ,tab,5mg & 325mg,2012-04-16,,oxycodone hydrochloride,opioid- long term moderate to severe pain relief (controlled release),5mg,Dormant- there is more than 12 months of records indicating no sales in canada,1.5,
2309882,PMS-Oxycodone CR,PMS,er tab,10mg,2012-11-27,,oxycodone hydrochloride,opioid- long term moderate to severe pain relief (controlled release),,,1.5,
2309890,PMS-Oxycodone CR,PMS,er tab,20mg,2012-11-27,,oxycodone hydrochloride,opioid- long term moderate to severe pain relief (controlled release),,,1.5,
2309904,PMS-Oxycodone CR,PMS,er tab,40mg,2012-11-27,,oxycodone hydrochloride,opioid- long term moderate to severe pain relief (controlled release),,,1.5,
2309912,PMS-Oxycodone CR,PMS,er tab,80mg,2012-11-27,,oxycodone hydrochloride,opioid- long term moderate to severe pain relief (controlled release),,,1.5,
2311593,Pro-Clonazepam,PRD,tab,0.5mg,2012-04-16,,clonazepam,bzd- seizure disorder + panic and anxiety disorder,,,10,
2311607,Pro-Clonazepam,PRD,tab,1mg,2012-04-16,,clonazepam,bzd- seizure disorder + panic and anxiety disorder,,,10,
2311615,Pro-Clonazepam,PRD,tab,2mg,2012-04-16,,clonazepam,bzd- seizure disorder + panic and anxiety disorder,,,10,
2311925,Teva-Fentanyl,TEV,trans patch,12mcg/hr,2014-04-30,,fentanyl,"opioid- chronic severe pain, usually end-stage pain",,Not for use in opioid naïve patients,3.84,
2314630,Apo-Fentanyl Matrix,APX,trans patch,25mcg/hr,2012-04-16,,fentanyl,"opioid- chronic severe pain, usually end-stage pain",,Not for use in opioid naïve patients,3.88,
2314649,Apo-Fentanyl Matrix,APX,trans patch,50mcg/hr,2012-04-16,,fentanyl,"opioid- chronic severe pain, usually end-stage pain",,Not for use in opioid naïve patients,4.04,
2314657,Apo-Fentanyl Matrix,APX,trans patch,75mcg/hr,2012-04-16,,fentanyl,"opioid- chronic severe pain, usually end-stage pain",,Not for use in opioid naïve patients,3.893,
2314665,Apo-Fentanyl Matrix,APX,trans patch,100mcg/hr,2012-04-16,,fentanyl,"opioid- chronic severe pain, usually end-stage pain",,Not for use in opioid naïve patients,3.82,
2315068,Novo-Methylphenidate ER-C,NOP,sr tab,18mg,2012-04-16,,methylphenidate hydrochloride,stimulant- exended release and controlled delivery for adhd and sometimes narcolepsy,,,1,
2315076,Novo-Methylphenidate ER-C,NOP,sr tab,27mg,2012-04-16,,methylphenidate hydrochloride,stimulant- exended release and controlled delivery for adhd and sometimes narcolepsy,,,1,
2315084,Novo-Methylphenidate ER-C,NOP,sr tab,36mg,2012-04-16,,methylphenidate hydrochloride,stimulant- exended release and controlled delivery for adhd and sometimes narcolepsy,,,1,
2315092,Novo-Methylphenidate ER-C,NOP,sr tab,54mg,2012-04-16,,methylphenidate hydrochloride,stimulant- exended release and controlled delivery for adhd and sometimes narcolepsy,,,1,
2319403,Teva-Hydromorphone,TEV,tab,1mg,2012-04-16,,hydromorphone hydrochloride,opioid- chronic severe pain and cancer pain,,,5,
2319411,Teva-Hydromorphone,TEV,tab,2mg,2012-04-16,,hydromorphone hydrochloride,opioid- chronic severe pain and cancer pain,,,5,
2319438,Teva-Hydromorphone,TEV,tab,4mg,2012-04-16,,hydromorphone hydrochloride,opioid- chronic severe pain and cancer pain,,,5,
2319446,Teva-Hydromorphone,TEV,tab,8mg,2012-04-16,,hydromorphone hydrochloride,opioid- chronic severe pain and cancer pain,,,5,
2319977,PMS-Oxycodone,PMS,tab,5mg,2012-04-16,,oxycodone hydrochloride,opioid- post-operative pain and long-term pain relief,,,1.5,
2319985,PMS-Oxycodone,PMS,tab,10mg,2012-04-16,,oxycodone hydrochloride,opioid- post-operative pain and long-term pain relief,,,1.5,
2319993,PMS-Oxycodone,PMS,tab,20mg,2012-04-16,,oxycodone hydrochloride,opioid- post-operative pain and long-term pain relief,,,1.5,
2320312,Sandoz Methylphenidate SR,SDZ,er tab,20mg,2012-04-16,,methylphenidate hydrochloride,stimulant- sustained release for adhd and sometimes narcolepsy,,,1,
2320398,M-Eslon IR,ETH,cap,5mg,2017-03-28,,morphine sulfate,opioid- short-acting moderate to severe pain for post-operative reasons but also palliative care ,,,1,all three have different names in DPD
2320428,M-Eslon IR,ETH,cap,10mg,2017-03-28,,morphine sulfate,opioid- short-acting moderate to severe pain for post-operative reasons but also palliative care ,,,1,
2320436,M-Eslon IR,ETH,cap,20mg,2017-06-30,,morphine sulfate,opioid- short-acting moderate to severe pain for post-operative reasons but also palliative care ,,,1,
2323192,Oxycontin,PFP,er tab,15mg,2012-04-16,,oxycodone hydrochloride,opioid- long term pain relief (high overodse risk),,,1.5,
2323206,Oxycontin,PFP,er tab,30mg,2012-04-16,,oxycodone hydrochloride,opioid- long term pain relief (high overodse risk),,,1.5,
2323214,Oxycontin,PFP,er tab,60mg,2012-04-16,,oxycodone hydrochloride,opioid- long term pain relief (high overodse risk),,,1.5,
2324253,PMS-Hydrocodone,PMS,o/l,1mg/mL,2012-04-16,,hydrocodone,opioid- long term pain relief (high overodse risk),,,1,
2324628,Apo-Oxycodone/Acet,APX,tab,5mg & 325mg,2012-04-16,,oxycodone hydrochloride +acetaminophen,"opioid- antitussive, antipyretic and short-term analgesic. ",,,1.5,
2325950,Oxycodone,PRD,tab,5mg,2012-04-16,,oxycodone hydrochloride,opioid- post-operative pain and long-term pain relief,,,1.5,
2325969,Oxycodone,PRD,tab,10mg,2012-04-16,,oxycodone hydrochloride,opioid- post-operative pain and long-term pain relief,,,1.5,
2325977,Oxycodone,PRD,tab,20mg,2012-04-16,,oxycodone hydrochloride,opioid- post-operative pain and long-term pain relief,,,1.5,
2326221,Methylphenidate,PRD,tab,5mg,2012-04-16,,methylphenidate hydrochloride,stimulant- adhd medication and sometimes used for narcolepsy,,,1,
2326248,Methylphenidate,PRD,tab,10mg,2012-04-16,,methylphenidate hydrochloride,stimulant- adhd medication and sometimes used for narcolepsy,,,1,
2326256,Methylphenidate,PRD,tab,20mg,2012-04-16,,methylphenidate hydrochloride,stimulant- adhd medication and sometimes used for narcolepsy,,,1,
2326264,Sandoz Oxycodone CR,SDZ,er tab,10mg,2012-11-27,,oxycodone hydrochloride,opioid- post-operative pain and long-term pain relief,,,1.5,
2326272,Sandoz Oxycodone CR,SDZ,er tab,20mg,2012-11-27,,oxycodone hydrochloride,opioid- post-operative pain and long-term pain relief,,,1.5,
2326280,Sandoz Oxycodone CR,SDZ,er tab,40mg,2012-11-27,,oxycodone hydrochloride,opioid- post-operative pain and long-term pain relief,,,1.5,
2326299,Sandoz Oxycodone CR,SDZ,er tab,80mg,2012-11-27,,oxycodone hydrochloride,opioid- post-operative pain and long-term pain relief,,,1.5,
2327112,Sandoz Fentanyl Patch,SDZ,trans patch,12mcg/hr,2012-04-16,,fentanyl,opioid- post-operative pain and long-term pain relief,,,3.84,
2327120,Sandoz Fentanyl Patch,SDZ,trans patch,25mcg/hr,2012-04-16,,fentanyl,"opioid- chronic severe pain, usually end-stage pain",,Not for use in opioid naïve patients,3.88,
2327139,Sandoz Fentanyl Patch,SDZ,trans patch,37mcg/hr,2012-04-16,,fentanyl,"opioid- chronic severe pain, usually end-stage pain",,Not for use in opioid naïve patients,4.187,
2327147,Sandoz Fentanyl Patch,SDZ,trans patch,50mcg/hr,2012-04-16,,fentanyl,"opioid- chronic severe pain, usually end-stage pain",,Not for use in opioid naïve patients,4.04,
2327155,Sandoz Fentanyl Patch,SDZ,trans patch,75mcg/hr,2012-04-16,,fentanyl,"opioid- chronic severe pain, usually end-stage pain",,Not for use in opioid naïve patients,3.893,
2327163,Sandoz Fentanyl Patch,SDZ,trans patch,100mcg/hr,2012-04-16,,fentanyl,"opioid- chronic severe pain, usually end-stage pain",,Not for use in opioid naïve patients,3.82,
2330377,Apo-Methylphenidate ER,APX,sr tab,54mg,2016-09-23,,methylphenidate hydrochloride,stimulant- adhd medication and sometimes used for narcolepsy,,,1,
2334186,Duragesic Mat,JAN,trans patch,12mcg/hr,2012-04-16,,fentanyl,"opioid- chronic severe pain, usually end-stage pain",,Not for use in opioid naïve patients,4.2,
2336790,Apo-Tramadol/Acet,APX,tab,37.5mg & 325mg,2012-04-16,,tramadol hydrochloride,opioid- post-operative pain and muscoskeletal injuries (short-term),,,0.1,
2337266,Jurnista,JAN,er tab,4mg,2012-04-16,,hydromorphone hydrochloride,opioid- moderate to severe chronic pain management,,,5,
2337274,Jurnista,JAN,er tab,8mg,2012-04-16,,hydromorphone hydrochloride,opioid- moderate to severe chronic pain management,,,5,
2337282,Jurnista,JAN,er tab,16mg,2012-04-16,,hydromorphone hydrochloride,opioid- moderate to severe chronic pain management,,,5,
2337290,Jurnista,JAN,er tab,32mg,2012-04-16,,hydromorphone hydrochloride,opioid- moderate to severe chronic pain management,,,5,
2339609,Targin,PFP,er tab,10mg,2012-04-16,,oxycodone hydrochloride+ naloxone hydrochloride,opioid- moderate to severe chronic pain management (non-cancer pain),,,1.5,
2339617,Targin,PFP,er tab,20mg,2012-04-16,,oxycodone hydrochloride+ naloxone hydrochloride,opioid- moderate to severe chronic pain management (non-cancer pain),,,1.5,
2339625,Targin,PFP,er tab,40mg,2012-04-16,,oxycodone hydrochloride+ naloxone hydrochloride,opioid- moderate to severe chronic pain management (non-cancer pain),,,1.5,
2341034,Riva-Oxycodone CR,RIA,er tab,10mg,2012-11-27,,oxycodone hydrochloride,opioid- chronic severe pain and cancer pain. also used for palliative reasons,,,1.5,
2341042,Riva-Oxycodone CR,RIA,er tab,20mg,2012-11-27,,oxycodone hydrochloride,opioid- chronic severe pain and cancer pain. also used for palliative reasons,,,1.5,
2341050,Riva-Oxycodone CR,RIA,er tab,40mg,2012-11-27,,oxycodone hydrochloride,opioid- chronic severe pain and cancer pain. also used for palliative reasons,,,1.5,
2341069,Riva-Oxycodone CR,RIA,er tab,80mg,2012-11-27,,oxycodone hydrochloride,opioid- chronic severe pain and cancer pain. also used for palliative reasons,,,1.5,
2341174,Butrans 5,PFP,trans patch,5mcg/hr,2012-04-16,,buprenorphine,opioid- moderate to severe chronic pain management (non-cancer pain),,,2.2,
2341212,Butrans 10,PFP,trans patch,10mcg/hr,2012-04-16,,buprenorphine,opioid- moderate to severe chronic pain management (non-cancer pain),,,2.2,
2341220,Butrans 20,PFP,trans patch,20mcg/hr,2012-04-16,,buprenorphine,opioid- moderate to severe chronic pain management (non-cancer pain),,,2.2,
2341379,PMS-Fentanyl MTX,PMS,trans patch,12mcg/hr,2012-04-16,,fentanyl,"opioid- chronic severe pain, usually end-stage pain",,Not for use in opioid naïve patients,3.84,
2341387,PMS-Fentanyl MTX,PMS,trans patch,25mcg/hr,2012-04-16,,fentanyl,"opioid- chronic severe pain, usually end-stage pain",,Not for use in opioid naïve patients,3.88,
2341395,PMS-Fentanyl MTX,PMS,trans patch,50mcg/hr,2012-04-16,,fentanyl,"opioid- chronic severe pain, usually end-stage pain",,Not for use in opioid naïve patients,4.04,
2341409,PMS-Fentanyl MTX,PMS,trans patch,75mcg/hr,2012-04-16,,fentanyl,"opioid- chronic severe pain, usually end-stage pain",,Not for use in opioid naïve patients,3.893,
2341417,PMS-Fentanyl MTX,PMS,trans patch,100mcg/hr,2012-04-16,,fentanyl,"opioid- chronic severe pain, usually end-stage pain",,Not for use in opioid naïve patients,3.82,
2344602,Clonazepam,MEL,tab,1mg,2012-04-16,,clonazepam,bzd- seizure disorder + panic and anxiety disorder,,,10,
2344610,Clonazepam,MEL,tab,2mg,2012-04-16,,clonazepam,bzd- seizure disorder + panic and anxiety disorder,,,10,
2344629,Clonazepam-R,MEL,tab,0.5mg,2012-04-16,,clonazepam,bzd,,,10,
2345676,Zym-Clonazepam,ZYN,tab,0.5mg,2012-04-16,,clonazepam,bzd,,,10,
2347156,Vyvanse,SHI,cap,20mg,2012-04-16,,lisdexamfetamine dimesylate,stimulant- adhd and binge eating disorder (low abuse potential),,,0.45,
2347164,Vyvanse,SHI,cap,40mg,2012-04-16,,lisdexamfetamine dimesylate,stimulant- adhd and binge eating disorder (low abuse potential),,,0.45,
2347172,Vyvanse,SHI,cap,60mg,2012-04-16,,lisdexamfetamine dimesylate,stimulant- adhd and binge eating disorder (low abuse potential),,,0.45,
2347180,Teva-Tramadol/Acetaminophen,TEV,tab,37.5mg & 325mg,2012-10-01,,tramadol hydrochloride,opioid- post-operative pain and muscoskeletal injuries (short-term),37.5mg,,0.1,
2347733,NTP-Lorazepam,NTP,tab,0.5mg,2012-11-02,,lorazepam,bzd- genralized anxiety and insomnia (lower potency than alprazolam),,,5,
2347741,NTP-Lorazepam,NTP,tab,1mg,2012-11-02,,lorazepam,bzd- genralized anxiety and insomnia (lower potency than alprazolam),,,5,
2347768,NTP-Lorazepam,NTP,tab,2mg,2012-11-02,,lorazepam,bzd- genralized anxiety and insomnia (lower potency than alprazolam),,,5,
2349191,Alprazolam,SAI,tab,0.25mg,2012-11-29,,alprazolam,bzd- genralized anxiety and panic disorder (more potent),,,10,
2349205,Alprazolam,SAI,tab,0.5mg,2012-11-29,,alprazolam,bzd- genralized anxiety and panic disorder (more potent),,,10,
2349469,Ultram,JAN,tab,50mg,2012-04-16,,tramadol hydrochloride,opioid- post-operative pain and muscoskeletal injuries (short-term),,,1,
2350661,Onsolis,VAL,buccal soluble fil,200mcg,2012-04-16,,fentanyl,opioid -management of breakthrough pain in cancer patients,,,0.13,
2350688,Onsolis,VAL,buccal soluble fil,400mcg,2012-04-16,,fentanyl,opioid -management of breakthrough pain in cancer patients,,,0.13,
2350696,Onsolis,VAL,buccal soluble fil,600mcg,2012-04-16,,fentanyl,opioid -management of breakthrough pain in cancer patients,,,0.13,
2350718,Onsolis,VAL,buccal soluble fil,800mcg,2012-04-16,,fentanyl,opioid -management of breakthrough pain in cancer patients,,,0.13,
2350726,Onsolis,VAL,buccal soluble fil,1200mcg,2012-04-16,,fentanyl,opioid -management of breakthrough pain in cancer patients,,,0.13,
2350815,Morphine SR,SAI,er tab,15mg,2012-11-29,,morphine sulfate,opioid - long term pain relief (sustained release),,,1,
2350890,Morphine SR,SAI,er tab,30mg,2012-11-29,,morphine sulfate,opioid - long term pain relief (sustained release),,,1,
2350912,Morphine SR,SAI,er tab,60mg,2012-11-29,,morphine sulfate,opioid - long term pain relief (sustained release),,,1,
2350920,Morphine SR,SAI,er tab,100mg,2012-11-29,,morphine sulfate,opioid - long term pain relief (sustained release),,,1,
2350947,Morphine SR,SAI,er tab,200mg,2012-11-29,,morphine sulfate,opioid - long term pain relief (sustained release),,,1,
2351072,Lorazepam,SAI,tab,0.5mg,2012-11-29,,lorazepam,bzd- genralized anxiety and insomnia (lower potency than alprazolam),,,5,
2351080,Lorazepam,SAI,tab,1mg,2012-11-29,,lorazepam,bzd- genralized anxiety and insomnia (lower potency than alprazolam),,,5,
2351099,Lorazepam,SAI,tab,2mg,2012-11-29,,lorazepam,bzd- genralized anxiety and insomnia (lower potency than alprazolam),,,5,
2359502,Hydromorph Contin,PFP,cr cap,4.5mg,2012-04-16,,hydromorphone hydrochloride,opioid- long term pain relief for moderate to severe pain,,,5,
2359510,Hydromorph Contin,PFP,cr cap,9mg,2012-04-16,,hydromorphone hydrochloride,opioid- long term pain relief for moderate to severe pain,,,5,
2360322,Zytram XL,PFP,er tab,75mg,2012-04-16,,tramadol hydrochloride,opioid- long term pain relief for moderate to severe pain,,,0.1,
2360349,Zytram XL,PFP,er tab,100mg,2012-04-16,,tramadol hydrochloride,opioid- long term pain relief for moderate to severe pain,,,0.1,
2360373,Nucynta CR,JAN,er tab,50mg,2012-04-16,,tapentadol,opioid- long term pain relief for moderate to severe pain,,,0.333,
2360381,Nucynta CR,JAN,er tab,100mg,2012-04-16,,tapentadol,opioid- long term pain relief for moderate to severe pain,,,0.333,
2360403,Nucynta CR,JAN,er tab,150mg,2012-04-16,,tapentadol,opioid- long term pain relief for moderate to severe pain,,,0.333,
2360411,Nucynta CR,JAN,er tab,200mg,2012-04-16,,tapentadol,opioid- long term pain relief for moderate to severe pain,,,0.333,
2360438,Nucynta CR,JAN,er tab,250mg,2012-04-16,,tapentadol,opioid- long term pain relief for moderate to severe pain,,,0.333,
2361361,Oxycodone/Acet,SAI,tab,5mg & 325mg,2012-11-29,,oxycodone hydrochloride+acetaminophen,opioid- short-term moderate to severe pain,5mg,,1.5,
2364115,Apo-Hydromorphone,APX,tab,1mg,2012-06-01,,hydromorphone hydrochloride,opioid- short-term moderate to severe pain,,,5,
2364123,Apo-Hydromorphone,APX,tab,2mg,2012-06-01,,hydromorphone hydrochloride,opioid- short-term moderate to severe pain,,,5,
2364131,Apo-Hydromorphone,APX,tab,4mg,2012-06-01,,hydromorphone hydrochloride,opioid- short-term moderate to severe pain,,,5,
2364158,Apo-Hydromorphone,APX,tab,8mg,2012-06-01,,hydromorphone hydrochloride,opioid- short-term moderate to severe pain,,,5,
2364174,Abstral,PAL,sl tab,100mcg,2012-04-16,,fentanyl citrate,opioid- severe breakthrough pain. usually cancer pain in adults. around the clock administration,,Only for use in opioid-tolerant patients (60mg of morphine daily for 7+ days),0.13,
2364182,Abstral,PAL,sl tab,200mcg,2012-04-16,,fentanyl citrate,opioid- severe breakthrough pain. usually cancer pain in adults. around the clock administration,,Only for use in opioid-tolerant patients (60mg of morphine daily for 7+ days),0.13,
2364190,Abstral,PAL,sl tab,300mcg,2012-04-16,,fentanyl citrate,opioid- severe breakthrough pain. usually cancer pain in adults. around the clock administration,,Only for use in opioid-tolerant patients (60mg of morphine daily for 7+ days),0.13,
2364204,Abstral,PAL,sl tab,400mcg,2012-04-16,,fentanyl citrate,opioid- severe breakthrough pain. usually cancer pain in adults. around the clock administration,,Only for use in opioid-tolerant patients (60mg of morphine daily for 7+ days),0.13,
2364212,Abstral,PAL,sl tab,600mcg,2012-04-16,,fentanyl citrate,opioid- severe breakthrough pain. usually cancer pain in adults. around the clock administration,,Only for use in opioid-tolerant patients (60mg of morphine daily for 7+ days),0.13,
2364220,Abstral,PAL,sl tab,800mcg,2012-04-16,,fentanyl citrate,opioid- severe breakthrough pain. usually cancer pain in adults. around the clock administration,,Only for use in opioid-tolerant patients (60mg of morphine daily for 7+ days),0.13,
2366746,Apo-Oxycodone CR,APX,er tab,5mg,2012-11-27,,oxycodone hydrochloride,opioid- chronic severe pain and sometimes cancer pain. also used for palliative reasons,,,1.5,
2366754,Apo-Oxycodone CR,APX,er tab,10mg,2012-11-27,,oxycodone hydrochloride,opioid- chronic severe pain and sometimes cancer pain. also used for palliative reasons,,,1.5,
2366762,Apo-Oxycodone CR,APX,er tab,20mg,2012-11-27,,oxycodone hydrochloride,opioid- chronic severe pain and sometimes cancer pain. also used for palliative reasons,,,1.5,
2366789,Apo-Oxycodone CR,APX,er tab,80mg,2012-11-27,,oxycodone hydrochloride,opioid- chronic severe pain and sometimes cancer pain. also used for palliative reasons,,,1.5,
2372525,OxyNEO,PFP,cr tab,10mg,2012-04-16,,oxycodone hydrochloride,opioid- chronic severe pain and sometimes cancer pain. also used for palliative reasons,,,1.5,
2372533,OxyNEO,PFP,cr tab,15mg,2012-04-16,,oxycodone hydrochloride,opioid- chronic severe pain and sometimes cancer pain. also used for palliative reasons,,,1.5,
2372541,OxyNEO,PFP,cr tab,30mg,2012-04-16,,oxycodone hydrochloride,opioid- chronic severe pain and sometimes cancer pain. also used for palliative reasons,,,1.5,
2372568,OxyNEO,PFP,cr tab,40mg,2012-04-16,,oxycodone hydrochloride,opioid- chronic severe pain and sometimes cancer pain. also used for palliative reasons,,,1.5,
2372576,OxyNEO,PFP,cr tab,60mg,2012-04-16,,oxycodone hydrochloride,opioid- chronic severe pain and sometimes cancer pain. also used for palliative reasons,,,1.5,
2372584,OxyNEO,PFP,cr tab,80mg,2012-04-16,,oxycodone hydrochloride,opioid- chronic severe pain and sometimes cancer pain. also used for palliative reasons,,,1.5,
2372797,OxyNEO,PFP,cr tab,20mg,2012-04-16,,oxycodone hydrochloride,opioid- chronic severe pain and sometimes cancer pain. also used for palliative reasons,,,1.5,
2373017,Durela,CIP,cap,100mg,2012-05-24,,tramadol hydrochloride,opioid- long term pain relief for moderate to severe pain,,,0.1,
2373025,Durela,CIP,cap,200mg,2012-05-24,,tramadol hydrochloride,opioid- long term pain relief for moderate to severe pain,,,0.1,
2373033,Durela,CIP,cap,300mg,2012-05-24,,tramadol hydrochloride,opioid- long term pain relief for moderate to severe pain,,,0.1,
2378272,Nucynta IR,JAN,tab,50mg,2012-05-10,,tapentadol,opioid- long term pain relief for moderate to severe breakthrough pain (administration in more frequent than controlled release formulations),,,0.333,
2378280,Nucynta IR,JAN,tab,75mg,2012-05-10,,tapentadol,opioid- long term pain relief for moderate to severe breakthrough pain (administration in more frequent than controlled release formulations),,,0.333,
2378299,Nucynta IR,JAN,tab,100mg,2012-05-10,,tapentadol,opioid- long term pain relief for moderate to severe breakthrough pain (administration in more frequent than controlled release formulations),,,0.333,
2383209,Co Tramadol/Acet,COB,tab,37.5mg & 325mg,2012-06-01,,tramadol hydrochloride + acetaminophen,opioid- short-term acute pain management (<5 days supply),,,0.1,
2386844,Co Fentanyl Matrix Patch,COB,trans patch,12mcg/hr,2013-03-08,,fentanyl,"opioid- chronic severe pain, usually end-stage pain",,Not for use in opioid naïve patients,3.84,
2386852,Co Fentanyl Matrix Patch,COB,trans patch,25mcg/hr,2013-03-08,,fentanyl,"opioid- chronic severe pain, usually end-stage pain",,Not for use in opioid naïve patients,3.88,
2386879,Co Fentanyl Matrix Patch,COB,trans patch,50mcg/hr,2013-03-08,,fentanyl,"opioid- chronic severe pain, usually end-stage pain",,Not for use in opioid naïve patients,4.04,
2386887,Co Fentanyl Matrix Patch,COB,trans patch,75mcg/hr,2013-03-08,,fentanyl,"opioid- chronic severe pain, usually end-stage pain",,Not for use in opioid naïve patients,3.893,
2386895,Co Fentanyl Matrix Patch,COB,trans patch,100mcg/hr,2013-03-08,,fentanyl,"opioid- chronic severe pain, usually end-stage pain",,Not for use in opioid naïve patients,3.82,
2387425,Targin,PFP,er tab,2.5mg & 5mg,2012-11-23,,oxycodone hydrochloride+ naloxone hydrochloride,opioid- moderate to severe chronic pain management (non-cancer pain),5mg,,1.5,
2388197,Ran-Tramadol/Acet,RAN,tab,37.5mg & 325mg,2012-11-02,,tramadol hydrochloride + acetaminophen,opioid- short-term acute pain management (<5 days supply),37.5mg,,0.1,
2388294,Tramaphen-Odan,ODN,tab,37.5mg & 325mg,2012-11-29,,tramadol hydrochloride + acetaminophen,opioid- short-term acute pain management (<5 days supply),37.5mg,,0.1,
2388308,Jamp-Acet-Tramadol,JPC,tab,37.5mg & 325mg,2012-10-01,,tramadol hydrochloride + acetaminophen,opioid- short-term acute pain management (<5 days supply),37.5mg,,0.1,
2388324,Mar-Tramadol/Acet,MAR,tab,37.5mg & 325mg,2012-10-01,,tramadol hydrochloride + acetaminophen,opioid- short-term acute pain management (<5 days supply),37.5mg,,0.1,
2394170,Co Oxycodone CR,COB,er tab,5mg,2012-11-27,,oxycodone hydrochloride,opioid- chronic severe pain and sometimes cancer pain. also used for palliative reasons,,,1.5,
2394189,Co Oxycodone CR,COB,er tab,10mg,2012-11-27,,oxycodone hydrochloride,opioid- chronic severe pain and sometimes cancer pain. also used for palliative reasons,,,1.5,
2394197,Co Oxycodone CR,COB,er tab,20mg,2012-11-27,,oxycodone hydrochloride,opioid- chronic severe pain and sometimes cancer pain. also used for palliative reasons,,,1.5,
2394200,Co Oxycodone CR,COB,er tab,40mg,2012-11-27,,oxycodone hydrochloride,opioid- chronic severe pain and sometimes cancer pain. also used for palliative reasons,,,1.5,
2394219,Co Oxycodone CR,COB,er tab,80mg,2012-11-27,,oxycodone hydrochloride,opioid- chronic severe pain and sometimes cancer pain. also used for palliative reasons,,,1.5,
2394766,Apo-Oxycodone CR,APX,er tab,15mg,2012-11-27,,oxycodone hydrochloride,opioid- chronic severe pain and sometimes cancer pain. also used for palliative reasons,,,1.5,
2394774,Apo-Oxycodone CR,APX,er tab,30mg,2012-11-27,,oxycodone hydrochloride,opioid- chronic severe pain and sometimes cancer pain. also used for palliative reasons,,,1.5,
2394782,Apo-Oxycodone CR,APX,er tab,60mg,2012-11-27,,oxycodone hydrochloride,opioid- chronic severe pain and sometimes cancer pain. also used for palliative reasons,,,1.5,
2395665,Fentanyl Patch ,PRD,trans patch,25mcg/hr,2015-07-31,,fentanyl,"opioid- chronic severe pain, usually end-stage pain",,Not for use in opioid naïve patients,3.88,
2395673,Fentanyl Patch ,PRD,trans patch,50mcg/hr,2015-07-31,,fentanyl,"opioid- chronic severe pain, usually end-stage pain",,Not for use in opioid naïve patients,4.04,
2395681,Fentanyl Patch ,PRD,trans patch,75mcg/hr,2015-07-31,,fentanyl,"opioid- chronic severe pain, usually end-stage pain",,Not for use in opioid naïve patients,3.893,
2395703,Fentanyl Patch ,PRD,trans patch,100mcg/hr,2015-07-31,,fentanyl,"opioid- chronic severe pain, usually end-stage pain",,Not for use in opioid naïve patients,3.82,
2396696,Mylan-Fentanyl Matrix Patch,MYL,trans patch,12mcg/hr,2013-03-08,,fentanyl,"opioid- chronic severe pain, usually end-stage pain",,Not for use in opioid naïve patients,3.84,
2396718,Mylan-Fentanyl Matrix Patch,MYL,trans patch,25mcg/hr,2013-03-08,,fentanyl,"opioid- chronic severe pain, usually end-stage pain",,Not for use in opioid naïve patients,3.88,
2396726,Mylan-Fentanyl Matrix Patch,MYL,trans patch,50mcg/hr,2013-03-08,,fentanyl,"opioid- chronic severe pain, usually end-stage pain",,Not for use in opioid naïve patients,4.04,
2396734,Mylan-Fentanyl Matrix Patch,MYL,trans patch,75mcg/hr,2013-03-08,,fentanyl,"opioid- chronic severe pain, usually end-stage pain",,Not for use in opioid naïve patients,3.893,
2396742,Mylan-Fentanyl Matrix Patch,MYL,trans patch,100mcg/hr,2013-03-08,,fentanyl,"opioid- chronic severe pain, usually end-stage pain",,Not for use in opioid naïve patients,3.82,
2397056,Jamp-Alprazolam,JPC,tab,1mg,2025-01-31,,alprazolam,bzd- genralized anxiety and panic disorder (more potent) and/or agoraphobia,,,10,
2397064,Jamp-Alprazolam,JPC,tab,2mg,2025-01-31,,alprazolam,bzd- genralized anxiety and panic disorder (more potent) and/or agoraphobia,,,10,
2397501,Sandoz Oxycodone CR,SDZ,er tab,5mg,2012-11-27,,oxycodone hydrochloride,opioid- chronic severe pain and sometimes cancer pain. also used for palliative reasons,,,1.5,
2397536,PMS-Oxycodone CR,PMS,er tab,5mg,2012-11-27,,oxycodone hydrochloride,opioid- chronic severe pain and sometimes cancer pain. also used for palliative reasons,,,1.5,
2397544,PMS-Oxycodone CR,PMS,er tab,15mg,2012-11-27,,oxycodone hydrochloride,opioid- chronic severe pain and sometimes cancer pain. also used for palliative reasons,,,1.5,
2397552,PMS-Oxycodone CR,PMS,er tab,30mg,2012-11-27,,oxycodone hydrochloride,opioid- chronic severe pain and sometimes cancer pain. also used for palliative reasons,,,1.5,
2397560,PMS-Oxycodone CR,PMS,er tab,60mg,2012-11-27,,oxycodone hydrochloride,opioid- chronic severe pain and sometimes cancer pain. also used for palliative reasons,,,1.5,
2400111,Jamp-Alprazolam,JPC,tab,0.25mg,2013-05-13,,alprazolam,bzd- genralized anxiety and panic disorder (more potent) and/or agoraphobia,,,10,
2400138,Jamp-Alprazolam,JPC,tab,0.5mg,2013-05-13,,alprazolam,bzd- genralized anxiety and panic disorder (more potent) and/or agoraphobia,,,10,
2400146,Jamp-Alprazolam,JPC,tab,1mg,2014-02-27,,alprazolam,bzd- genralized anxiety and panic disorder (more potent) and/or agoraphobia,,,10,
2400154,Jamp-Alprazolam,JPC,tab,2mg,2014-02-27,,alprazolam,bzd- genralized anxiety and panic disorder (more potent) and/or agoraphobia,,,10,
2401657,PMS-Tramadol-Acet,PMS,tab,37.5mg & 325mg,2013-06-14,,tramadol hydrochloride + acetaminophen,opioid- short-term acute pain management (<5 days supply),,,0.1,
2404877,Riva-Alprazolam ,RIA,tab,0.25mg,2015-07-31,,alprazolam,bzd- genralized anxiety and panic disorder (more potent) with/without agoraphobia,,,10,
2404885,Riva-Alprazolam ,RIA,tab,0.5mg,2015-07-31,,alprazolam,bzd- genralized anxiety and panic disorder (more potent) with/without agoraphobia,,,10,
2404893,Riva-Alprazolam ,RIA,tab,1mg,2015-07-31,,alprazolam,bzd- genralized anxiety and panic disorder (more potent) with/without agoraphobia,,,10,
2404907,Riva-Alprazolam ,RIA,tab,2mg,2015-07-31,,alprazolam,bzd- genralized anxiety and panic disorder (more potent) with/without agoraphobia,,,10,
2408007,Fentora,TEV,sl tab,100mcg,2015-07-10,,fentanyl citrate,opioid- severe breakthrough pain. usually cancer pain in adults. around the clock administration,,Only for use in opioid-tolerant patients (60mg of morphine daily for 7+ days),0.13,
2408015,Fentora,TEV,sl tab,200mcg,2015-07-10,,fentanyl citrate,opioid- severe breakthrough pain. usually cancer pain in adults. around the clock administration,,Only for use in opioid-tolerant patients (60mg of morphine daily for 7+ days),0.13,
2408023,Fentora,TEV,sl tab,400mcg,2015-07-10,,fentanyl citrate,opioid- severe breakthrough pain. usually cancer pain in adults. around the clock administration,,Only for use in opioid-tolerant patients (60mg of morphine daily for 7+ days),0.13,
2408031,Fentora,TEV,sl tab,600mcg,2015-07-10,,fentanyl citrate,opioid- severe breakthrough pain. usually cancer pain in adults. around the clock administration,,Only for use in opioid-tolerant patients (60mg of morphine daily for 7+ days),0.13,
2408058,Fentora,TEV,sl tab,800mcg,2015-07-10,,fentanyl citrate,opioid- severe breakthrough pain. usually cancer pain in adults. around the clock administration,,Only for use in opioid-tolerant patients (60mg of morphine daily for 7+ days),0.13,
2408090,Mylan-Buprenorphine/Naloxone,MYL,sl tab,2mg & 0.5mg,2013-10-10,,buprenorphine + naloxone,opioid- mainly used for opioid use disorder,2mg,,38.8,
2408104,Mylan-Buprenorphine/Naloxone,MYL,sl tab,8mg & 2mg,2013-10-10,,buprenorphine + naloxone,opioid- mainly used for opioid use disorder,8mg,,38.8,
2410745,Apo-Lorazepam Sublingual,APX,sl tab,0.5mg,2013-10-10,,lorazepam,bzd- genralized anxiety and insomnia (lower potency than alprazolam). may be used for acute anxiety attacks due to faster onset,,,5,
2410753,Apo-Lorazepam Sublingual,APX,sl tab,1mg,2013-10-10,,lorazepam,bzd- genralized anxiety and insomnia (lower potency than alprazolam). may be used for acute anxiety attacks due to faster onset,,,5,
2410761,Apo-Lorazepam Sublingual,APX,sl tab,2mg,2013-10-10,,lorazepam,bzd- genralized anxiety and insomnia (lower potency than alprazolam). may be used for acute anxiety attacks due to faster onset,,,5,
2413728,PMS-Methylphenidate ER,PMS,sr tab,18mg,2014-04-30,,methylphenidate hydrochloride,stimulant- adhd medication and sometimes used for narcolepsy,,,1,
2413736,PMS-Methylphenidate ER,PMS,sr tab,27mg,2014-04-30,,methylphenidate hydrochloride,stimulant- adhd medication and sometimes used for narcolepsy,,,1,
2413744,PMS-Methylphenidate ER,PMS,sr tab,36mg,2014-04-30,,methylphenidate hydrochloride,stimulant- adhd medication and sometimes used for narcolepsy,,,1,
2413752,PMS-Methylphenidate ER,PMS,sr tab,54mg,2014-04-30,,methylphenidate hydrochloride,stimulant- adhd medication and sometimes used for narcolepsy,,,1,
2415577,Nucynta ER,JAN,er tab,50mg,2014-05-02,,tapentadol,opioid- long term pain relief for moderate to severe pain,,,0.333,
2415585,Nucynta ER,JAN,er tab,100mg,2014-05-02,,tapentadol,opioid- long term pain relief for moderate to severe pain,,,0.333,
2415593,Nucynta ER,JAN,er tab,150mg,2014-05-02,,tapentadol,opioid- long term pain relief for moderate to severe pain,,,0.333,
2415607,Nucynta ER,JAN,er tab,200mg,2014-05-02,,tapentadol,opioid- long term pain relief for moderate to severe pain,,,0.333,
2415615,Nucynta ER,JAN,er tab,250mg,2014-05-02,,tapentadol,opioid- long term pain relief for moderate to severe pain,,,0.333,
2417634,Nat-Alprazolam,NAT,tab,0.25mg,2015-10-29,,alprazolam,bzd- genralized anxiety and panic disorder (more potent) with/without agoraphobia,,,10,
2417642,Nat-Alprazolam,NAT,tab,0.5mg,2015-10-29,,alprazolam,bzd- genralized anxiety and panic disorder (more potent) with/without agoraphobia,,,10,
2417650,Nat-Alprazolam,NAT,tab,1mg,2015-10-29,,alprazolam,bzd- genralized anxiety and panic disorder (more potent) with/without agoraphobia,,,10,
2417669,Nat-Alprazolam,NAT,tab,2mg,2016-11-30,,alprazolam,bzd- genralized anxiety and panic disorder (more potent) with/without agoraphobia,,,10,
2424851,Teva-Buprenorphine/Naloxone,TEV,sl tab,2mg & 0.5mg,2015-02-26,,buprenorphine + naloxone,opioid- mainly used for opioid use disorder,3mg,,38.8,
2424878,Teva-Buprenorphine/Naloxone,TEV,sl tab,8mg & 2mg,2015-02-26,,buprenorphine + naloxone,opioid- mainly used for opioid use disorder,8mg,,38.8,
2425599,Mylan-Tramadol/Acet,MYL,tab,37.5mg & 325mg,2015-03-31,,tramadol hydrochloride,opioid- post-operative pain and muscoskeletal injuries (short-term),37.5mg,,0.1,
2426153,Apo-Tramadol,APX,tab,50mg,2014-08-01,,tramadol hydrochloride,opioid- post-operative pain and muscoskeletal injuries (short-term),,,0.1,
2429810,Lorazepam,SIV,tab,1mg,2016-07-15,,lorazepam,bzd- genralized anxiety and insomnia (lower potency than alprazolam). may be used for acute anxiety attacks due to faster onset,,,5,
2429829,Lorazepam,SIV,tab,2mg,2016-07-15,,lorazepam,bzd- genralized anxiety and insomnia (lower potency than alprazolam). may be used for acute anxiety attacks due to faster onset,,,5,
2434601,Jamp Alprazolam,JPC,tab,0.25mg,2022-03-31,,alprazolam,bzd- genralized anxiety and panic disorder (more potent) and/or agoraphobia,,,10,
2434628,Jamp Alprazolam,JPC,tab,0.5mg,2022-03-31,,alprazolam,bzd- genralized anxiety and panic disorder (more potent) and/or agoraphobia,,,10,
2434636,Jamp Alprazolam,JPC,tab,1mg,2022-03-31,,alprazolam,bzd- genralized anxiety and panic disorder (more potent) and/or agoraphobia,,,10,
2434644,Jamp Alprazolam,JPC,tab,2mg,2022-03-31,,alprazolam,bzd- genralized anxiety and panic disorder (more potent) and/or agoraphobia,,,10,
2439239,Act Amphetamine XR,ACV,er cap,5mg,2015-10-29,,mixed amphetamine salts,stimulant- adhd,,,1,
2439247,Act Amphetamine XR,ACV,er cap,10mg,2015-10-29,,mixed amphetamine salts,stimulant- adhd,,,1,
2439255,Act Amphetamine XR,ACV,er cap,15mg,2015-10-29,,mixed amphetamine salts,stimulant- adhd,,,1,
2439263,Act Amphetamine XR,ACV,er cap,20mg,2015-10-29,,mixed amphetamine salts,stimulant- adhd,,,1,
2439271,Act Amphetamine XR,ACV,er cap,25mg,2015-10-29,,mixed amphetamine salts,stimulant- adhd,,,1,
2439298,Act Amphetamine XR,ACV,er cap,30mg,2015-10-29,,mixed amphetamine salts,stimulant- adhd,,,1,
2440369,PMS-Amphetamines XR,PMS,er cap,5mg,2017-03-28,,mixed amphetamine salts,stimulant- adhd,,,1,
2440377,PMS-Amphetamines XR,PMS,er cap,10mg,2017-03-28,,mixed amphetamine salts,stimulant- adhd,,,1,
2440385,PMS-Amphetamines XR,PMS,er cap,15mg,2017-03-28,,mixed amphetamine salts,stimulant- adhd,,,1,
2440393,PMS-Amphetamines XR,PMS,er cap,20mg,2017-03-28,,mixed amphetamine salts,stimulant- adhd,,,1,
2440407,PMS-Amphetamines XR,PMS,er cap,25mg,2017-03-28,,mixed amphetamine salts,stimulant- adhd,,,1,
2440415,PMS-Amphetamines XR,PMS,er cap,30mg,2017-03-28,,mixed amphetamine salts,stimulant- adhd,,,1,
2441934,Act Methylphenidate ER,ACV,sr tab,18mg,2018-04-30,,methylphenidate hydrochloride,stimulant- adhd medication and sometimes used for narcolepsy,,,1,
2441942,Act Methylphenidate ER,ACV,sr tab,27mg,2018-04-30,,methylphenidate hydrochloride,stimulant- adhd medication and sometimes used for narcolepsy,,,1,
2441950,Act Methylphenidate ER,ACV,sr tab,36mg,2018-04-30,,methylphenidate hydrochloride,stimulant- adhd medication and sometimes used for narcolepsy,,,1,
2441969,Act Methylphenidate ER,ACV,sr tab,54mg,2018-04-30,,methylphenidate hydrochloride,stimulant- adhd medication and sometimes used for narcolepsy,,,1,
2442027,Clonazepam,SIV,tab,0.25mg,2016-07-15,,clonazepam,"bzd- acute treatment of panic diorder, epilepsy. some off label uses include: resless leg sundrome, acute mania, insomnia, tarive dyskinesia",,,10,
2442035,Clonazepam,SIV,tab,0.5mg,2016-07-15,,clonazepam,"bzd- acute treatment of panic diorder, epilepsy. some off label uses include: resless leg sundrome, acute mania, insomnia, tarive dyskinesia",,,10,
2442043,Clonazepam,SIV,tab,1mg,2016-07-15,,clonazepam,"bzd- acute treatment of panic diorder, epilepsy. some off label uses include: resless leg sundrome, acute mania, insomnia, tarive dyskinesia",,,10,
2442051,Clonazepam,SIV,tab,2mg,2016-07-15,,clonazepam,"bzd- acute treatment of panic diorder, epilepsy. some off label uses include: resless leg sundrome, acute mania, insomnia, tarive dyskinesia",,,10,
2443236,Apo-Dextroamphetamine,APX,tab,5mg,2015-12-18,,dextroamphetamine sulfate,stimulant- adhd medication and sometimes used for narcolepsy,,,1.16,
2445492,Apo-Amphetamine XR,APX,er cap,5mg,2019-07-31,,mixed amphetamine salts,stimulant- adhd medication and sometimes used for narcolepsy,,,1,
2445506,Apo-Amphetamine XR,APX,er cap,10mg,2019-07-31,,mixed amphetamine salts,stimulant- adhd medication and sometimes used for narcolepsy,,,1,
2445514,Apo-Amphetamine XR,APX,er cap,15mg,2019-07-31,,mixed amphetamine salts,stimulant- adhd medication and sometimes used for narcolepsy,,,1,
2445522,Apo-Amphetamine XR,APX,er cap,20mg,2019-07-31,,mixed amphetamine salts,stimulant- adhd medication and sometimes used for narcolepsy,,,1,
2445530,Apo-Amphetamine XR,APX,er cap,25mg,2019-07-31,,mixed amphetamine salts,stimulant- adhd medication and sometimes used for narcolepsy,,,1,
2445549,Apo-Amphetamine XR,APX,er cap,30mg,2019-07-31,,mixed amphetamine salts,stimulant- adhd medication and sometimes used for narcolepsy,,,1,
2448319,Act Dextroamphetamine SR,ACV,sr cap,10mg,2018-04-30,,dextroamphetamine sulfate,stimulant- adhd medication and sometimes used for narcolepsy,,,1.16,
2448327,Act Dextroamphetamine SR,ACV,sr cap,15mg,2018-04-30,,dextroamphetamine sulfate,stimulant- adhd medication and sometimes used for narcolepsy,,,1.16,
2450429,Taro-Tramadol ER,TAR,er tab,100mg,2016-04-01,,tramadol hydrochloride,opioid- long term pain relief for moderate to severe pain,,,0.1,
2450437,Taro-Tramadol ER,TAR,er tab,200mg,2016-04-01,,tramadol hydrochloride,opioid- long term pain relief for moderate to severe pain,,,0.1,
2450445,Taro-Tramadol ER,TAR,er tab,300mg,2016-04-01,,tramadol hydrochloride,opioid- long term pain relief for moderate to severe pain,,,0.1,
2450771,Butrans 15,PFP,trans patch,15mcg/hr,2016-07-15,,buprenorphine,opioid- moderate to severe chronic pain management (non-cancer pain),,,2.2,
2452731,Apo-Methylphenidate ER,APX,sr tab,18mg,2016-09-23,,methylphenidate hydrochloride,stimulant- adhd medication and sometimes used for narcolepsy,,,1,
2452758,Apo-Methylphenidate ER,APX,sr tab,27mg,2016-09-23,,methylphenidate hydrochloride,stimulant- adhd medication and sometimes used for narcolepsy,,,1,
2452766,Apo-Methylphenidate ER,APX,sr tab,36mg,2016-09-23,,methylphenidate hydrochloride,stimulant- adhd medication and sometimes used for narcolepsy,,,1,
2453703,Wampole-Acetaminophen/Codeine/Caffeine,JPC,tab,300mg & 8mg & 15mg,10/30/2017,,acetaminophen + caffeine + codeine phosphate,opioid- short term mild pain management,15mg,,0.15,
2453800,Bar-Morphine SR,BRD,sr tab,15mg,2016-07-15,,morphine sulfate,opioid- long term pain relief for moderate to severe pain,,,1,
2453827,Bar-Morphine SR,BRD,sr tab,30mg,2016-07-15,,morphine sulfate,opioid- long term pain relief for moderate to severe pain,,,1,
2453843,Bar-Morphine SR,BRD,sr tab,60mg,2016-07-15,,morphine sulfate,opioid- long term pain relief for moderate to severe pain,,,1,
2453851,Bar-Morphine SR,BRD,sr tab,100mg,2016-07-15,,morphine sulfate,opioid- long term pain relief for moderate to severe pain,,,1,
2453878,Bar-Morphine SR,BRD,sr tab,200mg,2016-07-15,,morphine sulfate,opioid- long term pain relief for moderate to severe pain,,,1,
2453908,Act Buprenorphine/Naloxone,ACV,sl tab,2mg & 0.5mg,2018-01-31,,buprenorphine + naloxone,opioid- mainly used for opioid use disorder,2mg,,38.8,
2453916,Act Buprenorphine/Naloxone,ACV,sl tab,8mg & 2mg,2018-01-31,,buprenorphine + naloxone,opioid- mainly used for opioid use disorder,8mg,,38.8,
2454440,Apo-Fentanyl Matrix,APX,trans patch,12mcg/hr,2016-07-15,,fentanyl citrate,opioid,,,3.84,
2457288,Sandoz Amphetamine XR,SDZ,er cap,5mg,2017-02-28,,amphetamine salts,stimulant- adhd medication and sometimes used for narcolepsy,,,1,
2457296,Sandoz Amphetamine XR,SDZ,er cap,10mg,2017-02-28,,amphetamine salts,stimulant- adhd medication and sometimes used for narcolepsy,,,1,
2457318,Sandoz Amphetamine XR,SDZ,er cap,15mg,2017-02-28,,amphetamine salts,stimulant- adhd medication and sometimes used for narcolepsy,,,1,
2457326,Sandoz Amphetamine XR,SDZ,er cap,20mg,2017-02-28,,amphetamine salts,stimulant- adhd medication and sometimes used for narcolepsy,,,1,
2457334,Sandoz Amphetamine XR,SDZ,er cap,25mg,2017-02-28,,amphetamine salts,stimulant- adhd medication and sometimes used for narcolepsy,,,1,
2457342,Sandoz Amphetamine XR,SDZ,er cap,30mg,2017-02-28,,amphetamine salts,stimulant- adhd medication and sometimes used for narcolepsy,,,1,
2465221,Belbuca,PFP,soluble film foil pk.,75mcg,2018-04-09,,buprenorphine hydrochloride,opioid- long term pain relief for moderate to severe pain,,,0.039,
2465248,Belbuca,PFP,soluble film foil pk.,150mcg,2018-04-13,,buprenorphine hydrochloride,opioid- long term pain relief for moderate to severe pain,,,0.039,
2465256,Belbuca,PFP,soluble film foil pk.,300mcg,2018-04-13,,buprenorphine hydrochloride,opioid- long term pain relief for moderate to severe pain,,,0.039,
2465264,Belbuca,PFP,soluble film foil pk.,450mcg,2018-04-13,,buprenorphine hydrochloride,opioid- long term pain relief for moderate to severe pain,,,0.039,
2465272,Belbuca,PFP,soluble film foil pk.,600mcg,2018-04-13,,buprenorphine hydrochloride,opioid- long term pain relief for moderate to severe pain,,,0.039,
2465280,Belbuca,PFP,soluble film foil pk.,750mcg,2018-04-13,,buprenorphine hydrochloride,opioid- long term pain relief for moderate to severe pain,,,0.039,
2465299,Belbuca,PFP,soluble film foil pk.,900mcg,2018-04-13,,buprenorphine hydrochloride,opioid- long term pain relief for moderate to severe pain,,,0.039,
2468085,Suboxone,IND,sl tab,12mg & 3mg,2018-05-11,,buprenorphine + naloxone,opioid- mainly used for opioid use disorder,12mg,,38.8,
2468093,Suboxone,IND,sl tab,16mg & 4mg,2018-05-11,,buprenorphine + naloxone,opioid- mainly used for opioid use disorder,16mg,,38.8,
2469650,NRA-Tramadol/ACET,NRA,tab,37.5mg & 325mg,2022-04-29,,tramadol hydrochloride + acetaminophen,opioid- short-term acute pain management (<5 days supply),,,0.1,
2470292,Foquest,PFP,cr cap,25mg,2018-01-26,,methylphenidate hydrochloride,stimulant- adhd medication,,,1,
2470306,Foquest,PFP,cr cap,35mg,2018-01-26,,methylphenidate hydrochloride,stimulant- adhd medication,,,1,
2470314,Foquest,PFP,cr cap,45mg,2018-01-26,,methylphenidate hydrochloride,stimulant- adhd medication,,,1,
2470322,Foquest,PFP,cr cap,55mg,2018-01-26,,methylphenidate hydrochloride,stimulant- adhd medication,,,1,
2470330,Foquest,PFP,cr cap,70mg,2018-01-26,,methylphenidate hydrochloride,stimulant- adhd medication,,,1,
2470349,Foquest,PFP,cr cap,85mg,2018-01-26,,methylphenidate hydrochloride,stimulant- adhd medication,,,1,
2470357,Foquest,PFP,cr cap,100mg,2018-01-26,,methylphenidate hydrochloride,stimulant- adhd medication,,,1,
2476614,Apo-HYDROmorphone CR,APX,cr cap,3mg,2018-11-29,,hydromorphone hydrochloride,opioid- long term pain relief for moderate to severe pain,,,5,
2476622,Apo-HYDROmorphone CR,APX,cr cap,4.5mg,2018-11-29,,hydromorphone hydrochloride,opioid- long term pain relief for moderate to severe pain,,,5,
2476630,Apo-HYDROmorphone CR,APX,cr cap,6mg,2018-11-29,,hydromorphone hydrochloride,opioid- long term pain relief for moderate to severe pain,,,5,
2476649,Apo-HYDROmorphone CR,APX,cr cap,9mg,2018-11-29,,hydromorphone hydrochloride,opioid- long term pain relief for moderate to severe pain,,,5,
2476657,Apo-HYDROmorphone CR,APX,cr cap,12mg,2018-12-21,,hydromorphone hydrochloride,opioid- long term pain relief for moderate to severe pain,,,5,
2476665,Apo-HYDROmorphone CR,APX,cr cap,18mg,2018-11-29,,hydromorphone hydrochloride,opioid- long term pain relief for moderate to severe pain,,,5,
2476673,Apo-HYDROmorphone CR,APX,cr cap,24mg,2018-11-29,,hydromorphone hydrochloride,opioid- long term pain relief for moderate to severe pain,,,5,
2476681,Apo-HYDROmorphone CR,APX,cr cap,30mg,2018-11-29,,hydromorphone hydrochloride,opioid- long term pain relief for moderate to severe pain,,,5,
2478889,Sandoz Morphine SR,SDZ,sr tab,100mg,2019-02-28,,morphine sulfate,opioid- long term pain relief for moderate to severe pain,,,1,
2478897,Sandoz Morphine SR,SDZ,sr tab,200mg,2019-02-28,,morphine sulfate,opioid- long term pain relief for moderate to severe pain,,,1,
2479672,Auro-Tramadol,AUR,tab,50mg,2019-06-28,,tramadol hydrochloride,opioid- long term pain relief for moderate to severe pain,,,0.1,
2480859,Mar-Tramadol,MAR,tab,50mg,2019-09-30,,tramadol hydrochloride,opioid- long term pain relief for moderate to severe pain,,,0.1,
2490226,Vyvanse,SHI,tab (chewable),10mg,2019-09-13,,liisdexamfetamine dimesylate,stimulant- adhd medication and binge eating disorder,,,0.45,
2490234,Vyvanse,SHI,tab (chewable),20mg,2019-09-13,,liisdexamfetamine dimesylate,stimulant- adhd medication and binge eating disorder,,,0.45,
2490242,Vyvanse,SHI,tab (chewable),30mg,2019-09-13,,liisdexamfetamine dimesylate,stimulant- adhd medication and binge eating disorder,,,0.45,
2490250,Vyvanse,SHI,tab (chewable),40mg,2019-09-13,,liisdexamfetamine dimesylate,stimulant- adhd medication and binge eating disorder,,,0.45,
2490269,Vyvanse,SHI,tab (chewable),50mg,2019-09-13,,liisdexamfetamine dimesylate,stimulant- adhd medication and binge eating disorder,,,0.45,
2490277,Vyvanse,SHI,tab (chewable),60mg,2019-09-13,,liisdexamfetamine dimesylate,stimulant- adhd medication and binge eating disorder,,,0.45,
2493764,Sandoz Tramadol,SDZ,tab,50mg,2021-02-12,,tramadol hydrochloride,opioid- long term pain relief for moderate to severe pain,,,0.1,
2495783,Jamp Methadone Oral Concentrate,JPC,oral concentrate (unflavoured),10mg/mL,2022-08-31,,methadone hydrochloride,opioid-  opioid use disorder,,,4.7,
2495872,Odan-Methadone,ODN,oral concentrate (cherry flavour),10mg/mL,2020-08-14,,methadone hydrochloride,opioid-  opioid use disorder,,,4.7,
2495880,Odan-Methadone,ODN,oral concentrate (unflavoured),10mg/mL,2020-08-14,,methadone hydrochloride,opioid-  opioid use disorder,,,4.7,
2502313,Suboxone,IND,soluble film,2mg & 0.5mg,2021-07-16,,buprenorphine + naloxone,opioid- mainly used for opioid use disorder,2mg,,38.8,
2502321,Suboxone,IND,soluble film,4mg & 1mg,2021-07-16,,buprenorphine + naloxone,opioid- mainly used for opioid use disorder,4mg,,38.8,
2502348,Suboxone,IND,soluble film,8mg & 2mg,2021-07-16,,buprenorphine + naloxone,opioid- mainly used for opioid use disorder,8mg,,38.8,
2502356,Suboxone,IND,soluble film,12mg & 3mg,2021-05-31,,buprenorphine + naloxone,opioid- mainly used for opioid use disorder,12mg,,38.8,
2507005,Jamp Tramadol,JPC,tab,50mg,2021-05-31,,tramadol hydrochloride,opioid- long term pain relief for moderate to severe pain,,,0.1,
2518759,Jamp Tramadol HCl,JPC,tab,50mg,2023-03-31,,tramadol hydrochloride,opioid- long term pain relief for moderate to severe pain,,,0.1,
2519070,Diastat,BHC,rect gel,10mg/2mL,2024-06-07,,diazepam,"bzd- management of selected, refractory, patients with epilepsy, stable regimens of aed",,To be administered by caregivers,NA,
2533340,Taro-Lisdexamfetamine Chewable Tablets,TAR,chew tab,10mg,2024-07-31,,liisdexamfetamine dimesylate,stimulant- adhd medication and binge eating disorder,,,0.45,
2533359,Taro-Lisdexamfetamine Chewable Tablets,TAR,chew tab,20mg,2024-07-31,,liisdexamfetamine dimesylate,stimulant- adhd medication and binge eating disorder,,,0.45,
2533367,Taro-Lisdexamfetamine Chewable Tablets,TAR,chew tab,30mg,2024-07-31,,liisdexamfetamine dimesylate,stimulant- adhd medication and binge eating disorder,,,0.45,
2533375,Taro-Lisdexamfetamine Chewable Tablets,TAR,chew tab,40mg,2024-07-31,,liisdexamfetamine dimesylate,stimulant- adhd medication and binge eating disorder,,,0.45,
2533383,Taro-Lisdexamfetamine Chewable Tablets,TAR,chew tab,50mg,2024-07-31,,liisdexamfetamine dimesylate,stimulant- adhd medication and binge eating disorder,,,0.45,
2533391,Taro-Lisdexamfetamine Chewable Tablets,TAR,chew tab,60mg,2024-07-31,,liisdexamfetamine dimesylate,stimulant- adhd medication and binge eating disorder,,,0.45,
2533642,Apo-Methadone,APX,tab,1mg,2024-04-30,,methadone hydrochloride,opioid-  opioid use disorder,,,4.7,
2533650,Apo-Methadone,APX,tab,5mg,2024-04-30,,methadone hydrochloride,opioid-  opioid use disorder,,,4.7,
2533669,Apo-Methadone,APX,tab,10mg,2024-04-30,,methadone hydrochloride,opioid-  opioid use disorder,,,4.7,
2533677,Apo-Methadone,APX,tab,25mg,2024-04-30,,methadone hydrochloride,opioid-  opioid use disorder,,,4.7,
2536943,PMS-Methylphenidate CR,PMS,er cap,10mg,2023-12-29,,methylphenidate hydrochloride,stimulant- adhd medication and sometimes used for narcolepsy,,,1,
2536951,PMS-Methylphenidate CR,PMS,er cap,15mg,2023-12-29,,methylphenidate hydrochloride,stimulant- adhd medication and sometimes used for narcolepsy,,,1,
2536978,PMS-Methylphenidate CR,PMS,er cap,20mg,2023-12-29,,methylphenidate hydrochloride,stimulant- adhd medication and sometimes used for narcolepsy,,,1,
2536986,PMS-Methylphenidate CR,PMS,er cap,30mg,2023-12-29,,methylphenidate hydrochloride,stimulant- adhd medication and sometimes used for narcolepsy,,,1,
2536994,PMS-Methylphenidate CR,PMS,er cap,40mg,2023-12-29,,methylphenidate hydrochloride,stimulant- adhd medication and sometimes used for narcolepsy,,,1,
2537001,PMS-Methylphenidate CR,PMS,er cap,50mg,2023-12-29,,methylphenidate hydrochloride,stimulant- adhd medication and sometimes used for narcolepsy,,,1,
2537028,PMS-Methylphenidate CR,PMS,er cap,60mg,2023-12-29,,methylphenidate hydrochloride,stimulant- adhd medication and sometimes used for narcolepsy,,,1,
2537036,PMS-Methylphenidate CR,PMS,er cap,80mg,2023-12-29,,methylphenidate hydrochloride,stimulant- adhd medication and sometimes used for narcolepsy,,,1,
2541602,Quillivant ER Chewable Tablets,KYE,er tab chewable,20mg,2024-08-30,,methylphenidate hydrochloride,stimulant- adhd medication and sometimes used for narcolepsy,,,1,
2541610,Quillivant ER Chewable Tablets,KYE,er tab chewable,30mg,2024-08-30,,methylphenidate hydrochloride,stimulant- adhd medication and sometimes used for narcolepsy,,,1,
2541629,Quillivant ER Chewable Tablets,KYE,er tab chewable,40mg,2024-08-30,,methylphenidate hydrochloride,stimulant- adhd medication and sometimes used for narcolepsy,,,1,
2541637,Quillivant ER Oral Suspension,KYE,er pd for sol,5mg/mL,2024-08-30,,methylphenidate hydrochloride,stimulant- adhd medication and sometimes used for narcolepsy,,,1,
2545861,Teva-Lisdexamfetamine,TEV,cap,10mg,2024-07-31,,liisdexamfetamine dimesylate,stimulant- adhd medication and binge eating disorder,,,0.45,
2545888,Teva-Lisdexamfetamine,TEV,cap,20mg,2024-07-31,,liisdexamfetamine dimesylate,stimulant- adhd medication and binge eating disorder,,,0.45,
2545896,Teva-Lisdexamfetamine,TEV,cap,30mg,2024-07-31,,liisdexamfetamine dimesylate,stimulant- adhd medication and binge eating disorder,,,0.45,
2545918,Teva-Lisdexamfetamine,TEV,cap,40mg,2024-07-31,,liisdexamfetamine dimesylate,stimulant- adhd medication and binge eating disorder,,,0.45,
2545926,Teva-Lisdexamfetamine,TEV,cap,50mg,2024-07-31,,liisdexamfetamine dimesylate,stimulant- adhd medication and binge eating disorder,,,0.45,
2545934,Teva-Lisdexamfetamine,TEV,cap,60mg,2024-07-31,,liisdexamfetamine dimesylate,stimulant- adhd medication and binge eating disorder,,,0.45,
2545942,Teva-Lisdexamfetamine,TEV,cap,70mg,2024-07-31,,liisdexamfetamine dimesylate,stimulant- adhd medication and binge eating disorder,,,0.45,
2546248,Sandoz Lisdexamfetamine Capsules,SDZ,cap,10mg,2024-07-31,,liisdexamfetamine dimesylate,stimulant- adhd medication and binge eating disorder,,,0.45,
2546256,Sandoz Lisdexamfetamine Capsules,SDZ,cap,20mg,2024-07-31,,liisdexamfetamine dimesylate,stimulant- adhd medication and binge eating disorder,,,0.45,
2546264,Sandoz Lisdexamfetamine Capsules,SDZ,cap,30mg,2024-10-31,,liisdexamfetamine dimesylate,stimulant- adhd medication and binge eating disorder,,,0.45,
2546272,Sandoz Lisdexamfetamine Capsules,SDZ,cap,40mg,2024-07-31,,liisdexamfetamine dimesylate,stimulant- adhd medication and binge eating disorder,,,0.45,
2546280,Sandoz Lisdexamfetamine Capsules,SDZ,cap,50mg,2024-07-31,,liisdexamfetamine dimesylate,stimulant- adhd medication and binge eating disorder,,,0.45,
2546299,Sandoz Lisdexamfetamine Capsules,SDZ,cap,60mg,2024-07-31,,liisdexamfetamine dimesylate,stimulant- adhd medication and binge eating disorder,,,0.45,
2546302,Sandoz Lisdexamfetamine Capsules,SDZ,cap,70mg,2024-07-31,,liisdexamfetamine dimesylate,stimulant- adhd medication and binge eating disorder,,,0.45,
2546647,Apo-Lisdexamfetamine Capsules,APX,cap,10mg,2025-03-31,,liisdexamfetamine dimesylate,stimulant- adhd medication and binge eating disorder,,,0.45,
2546655,Apo-Lisdexamfetamine Capsules,APX,cap,20mg,2025-03-31,,liisdexamfetamine dimesylate,stimulant- adhd medication and binge eating disorder,,,0.45,
2546663,Apo-Lisdexamfetamine Capsules,APX,cap,30mg,2025-03-31,,liisdexamfetamine dimesylate,stimulant- adhd medication and binge eating disorder,,,0.45,
2546671,Apo-Lisdexamfetamine Capsules,APX,cap,40mg,2025-03-31,,liisdexamfetamine dimesylate,stimulant- adhd medication and binge eating disorder,,,0.45,
2546698,Apo-Lisdexamfetamine Capsules,APX,cap,50mg,2025-03-31,,liisdexamfetamine dimesylate,stimulant- adhd medication and binge eating disorder,,,0.45,
2546701,Apo-Lisdexamfetamine Capsules,APX,cap,60mg,2025-03-31,,liisdexamfetamine dimesylate,stimulant- adhd medication and binge eating disorder,,,0.45,
2546728,Apo-Lisdexamfetamine Capsules,APX,cap,70mg,2024-08-30,,liisdexamfetamine dimesylate,stimulant- adhd medication and binge eating disorder,,,0.45,
2549794,PMS-Morphine Sulfate,PMS,tab,5mg,2024-09-27,,morphine sulfate,Opioid,,,1,
2549808,PMS-Morphine Sulfate,PMS,tab,10mg,2024-09-27,,morphine sulfate,Opioid,,,1,
2554615,Apo-Butalbital-Acetylsalicylic Acid-Caffeine-Codeine-C 1/4,APX,cap,50mg & 330mg & 40mg & 15mg,2025-03-31,,butalbital + asa+ caffeine+codeine,opioid- long term pain relief for moderate to severe pain,15mg,,0.15,
2554623,Apo-Butalbital-Acetylsalicylic Acid-Caffeine-Codeine-C 1/2,APX,cap,50mg & 330mg & 40mg & 30mg,2025-03-31,,butalbital + asa+ caffeine+codeine,opioid- long term pain relief for moderate to severe pain,30mg,,0.15,
9850619,Methadone,XXX,o/l,,2012-04-16,,methadone hydrochloride,opioid-  opioid use disorder,,,4.7,
9851348,Dilaudid in Normal Saline,ABB,o/l 500ml,50mg/mL,2012-04-16,,hydromorphone hydrochloride,opioid- long term pain relief for moderate to severe pain,,Not for perscriptions in opioid-naïve patients,5,
9853340,Diastat,VAL,rect gel-2x10mg pk,5mg/mL,2012-06-01,,diazepam,"bzd- management of selected, refractory, patients with epilepsy, stable regimens of aed",,To be administered by caregivers,NA,
9853430,Diastat,VAL,rect gel-2x15mg pk,5mg/mL,2012-06-01,,diazepam,"bzd- management of selected, refractory, patients with epilepsy, stable regimens of aed",,To be administered by caregivers,NA,
9857217,Metadol,PMS,tab,1mg,2012-04-16,,methadone hydrochloride,opioid- long term pain relief for moderate to severe pain,,,4.7,
9857218,Metadol,PMS,tab,5mg,2012-04-16,,methadone hydrochloride,opioid- long term pain relief for moderate to severe pain,,,4.7,
9857219,Metadol,PMS,tab,10mg,2012-04-16,,methadone hydrochloride,opioid- long term pain relief for moderate to severe pain,,,4.7,
9857220,Metadol,PMS,tab,25mg,2012-04-16,,methadone hydrochloride,opioid- long term pain relief for moderate to severe pain,,,4.7,
9857221,Metadol,PMS,o/l,1mg/mL,2012-04-16,,methadone hydrochloride,opioid- long term pain relief for moderate to severe pain,,,4.7,
9857223,Metadol,PMS,o/l,10mg/mL,2012-04-16,,methadone hydrochloride,opioid- long term pain relief for moderate to severe pain,,,4.7,
9857232,Supeudol,SDZ,tab,5mg,2012-04-16,,oxycodone hydrochloride,opioid- long term pain relief (high overodse risk),,,1.5,
9857233,Supeudol,SDZ,tab,10mg,2012-04-16,,oxycodone hydrochloride,opioid- long term pain relief (high overodse risk),,,1.5,
9857234,Supeudol,SDZ,tab,20mg,2012-04-16,,oxycodone hydrochloride,opioid- long term pain relief (high overodse risk),,,1.5,
9857241,Oxy.IR,PFP,tab,10mg,2012-04-16,,oxycodone hydrochloride,"opioid- mild to severe pain, fever, and inflammation",,,1.5,
9857242,Oxy.IR,PFP,tab,20mg,2012-04-16,,oxycodone hydrochloride,"opioid- mild to severe pain, fever, and inflammation",,,1.5,
9857243,Oxy.IR,PFP,tab,5mg,2012-04-16,,oxycodone hydrochloride,"opioid- mild to severe pain, fever, and inflammation",,,1.5,
9857318,PMS-Oxycodone,PMS,tab,5mg,2012-04-16,,oxycodone hydrochloride,opioid- chronic severe pain and sometimes cancer pain. also used for palliative reasons,,,1.5,
9857319,PMS-Oxycodone,PMS,tab,10mg,2012-04-16,,oxycodone hydrochloride,opioid- chronic severe pain and sometimes cancer pain. also used for palliative reasons,,,1.5,
9857321,PMS-Oxycodone,PMS,tab,20mg,2012-04-16,,oxycodone hydrochloride,opioid- chronic severe pain and sometimes cancer pain. also used for palliative reasons,,,1.5,
9857408,OxyNEO,PFP,cr tab,10mg,2012-04-16,,oxycodone hydrochloride,opioid- chronic severe pain and sometimes cancer pain. also used for palliative reasons,,,1.5,
9857409,OxyNEO,PFP,cr tab,15mg,2012-04-16,,oxycodone hydrochloride,opioid- chronic severe pain and sometimes cancer pain. also used for palliative reasons,,,1.5,
9857410,OxyNEO,PFP,cr tab,20mg,2012-04-16,,oxycodone hydrochloride,opioid- chronic severe pain and sometimes cancer pain. also used for palliative reasons,,,1.5,
9857411,OxyNEO,PFP,cr tab,30mg,2012-04-16,,oxycodone hydrochloride,opioid- chronic severe pain and sometimes cancer pain. also used for palliative reasons,,,1.5,
9857412,OxyNEO,PFP,cr tab,40mg,2012-04-16,,oxycodone hydrochloride,opioid- chronic severe pain and sometimes cancer pain. also used for palliative reasons,,,1.5,
9857413,OxyNEO,PFP,cr tab,80mg,2012-04-16,,oxycodone hydrochloride,opioid- chronic severe pain and sometimes cancer pain. also used for palliative reasons,,,1.5,
9857539,Subutex,IND,sl tab,2mg,2016-02-12,,buprenorphine,opioid- treatment of use disorder,,,38.8,
9857571,MS Contin,PFP,sr tab,200mg,2017-01-31,,morphine sulfate,opioid- long term pain relief for severe pain,,,1,
9857572,Novo-Morphine SR,NOP,sr tab,200mg,2017-01-31,,morphine sulfate,opioid- long term pain relief for severe pain,,,1,
9857573,M-Eslon,ETH,er cap,200mg,2017-01-31,,morphine sulfate,opioid- long term pain relief for severe pain,,,1,
9857574,Hydromorph Contin,PFP,cr cap,24mg,2017-01-31,,hydromorphone hydrochloride,opioid-long-term releif of severe/ cancer pain,,,5,
9857576,Hydromorph Contin,PFP,cr cap,30mg,2017-01-31,,hydromorphone hydrochloride,opioid-long-term releif of severe/ cancer pain,,,5,
9857577,Apo-Fentanyl Matrix,APX,trans patch,75mcg/hr,2017-01-31,,fentanyl citrate,"opioid- chronic severe pain, usually end-stage pain",,Not for use in opioid naïve patients,3.893,
9857578,Co Fentanyl Matrix Patch,COB,trans patch,75mcg/hr,2017-01-31,,fentanyl citrate,"opioid- chronic severe pain, usually end-stage pain",,Not for use in opioid naïve patients,3.893,
9857579,Mylan-Fentanyl Matrix Patch,MYL,trans patch,75mcg/hr,2017-01-31,,fentanyl citrate,"opioid- chronic severe pain, usually end-stage pain",,Not for use in opioid naïve patients,3.893,
9857580,PMS-Fentanyl MTX,PMS,trans patch,75mcg/hr,2017-01-31,,fentanyl citrate,"opioid- chronic severe pain, usually end-stage pain",,Not for use in opioid naïve patients,3.893,
9857581,Ran-Fentanyl Matrix Patch,RAN,trans patch,75mcg/hr,2017-01-31,,fentanyl citrate,"opioid- chronic severe pain, usually end-stage pain",,Not for use in opioid naïve patients,3.893,
9857582,Sandoz Fentanyl Patch,SDZ,trans patch,75mcg/hr,2017-01-31,,fentanyl citrate,"opioid- chronic severe pain, usually end-stage pain",,Not for use in opioid naïve patients,3.893,
9857584,Teva-Fentanyl,TEV,trans patch,75mcg/hr,2017-01-31,,fentanyl citrate,"opioid- chronic severe pain, usually end-stage pain",,Not for use in opioid naïve patients,3.893,
9857585,Apo-Fentanyl Matrix,APX,trans patch,100mcg/hr,2017-01-31,,fentanyl citrate,"opioid- chronic severe pain, usually end-stage pain",,Not for use in opioid naïve patients,3.82,
9857586,Co Fentanyl Matrix Patch,COB,trans patch,100mcg/hr,2017-01-31,,fentanyl citrate,"opioid- chronic severe pain, usually end-stage pain",,Not for use in opioid naïve patients,3.82,
9857587,Mylan-Fentanyl Matrix Patch,MYL,trans patch,100mcg/hr,2017-01-31,,fentanyl citrate,"opioid- chronic severe pain, usually end-stage pain",,Not for use in opioid naïve patients,3.82,
9857588,PMS-Fentanyl MTX,PMS,trans patch,100mcg/hr,2017-01-31,,fentanyl citrate,"opioid- chronic severe pain, usually end-stage pain",,Not for use in opioid naïve patients,3.82,
9857589,Ran-Fentanyl Matrix Patch,RAN,trans patch,100mcg/hr,2017-01-31,,fentanyl citrate,"opioid- chronic severe pain, usually end-stage pain",,Not for use in opioid naïve patients,3.82,
9857590,Sandoz Fentanyl Patch,SDZ,trans patch,100mcg/hr,2017-01-31,,fentanyl citrate,"opioid- chronic severe pain, usually end-stage pain",,Not for use in opioid naïve patients,3.82,
9857592,Teva-Fentanyl,TEV,trans patch,100mcg/hr,2017-01-31,,fentanyl citrate,"opioid- chronic severe pain, usually end-stage pain",,Not for use in opioid naïve patients,3.82,
9857600,Apo-HYDROmorphone CR,APX,cr cap,24mg,2018-11-29,,hydromorphone hydrochloride,opioid- long term pain relief for severe pain,,,5,
9857601,Apo-HYDROmorphone CR,APX,cr cap,30mg,2018-11-29,,hydromorphone hydrochloride,opioid- long term pain relief for severe pain,,,5,
9857617,Sandoz Morphine SR,SDZ,sr tab,200mg,2019-02-28,,morphine sulfate,opioid- long term pain relief for severe pain,,,1,
9857653,Doloral 1,LAA,o/l,1mg/mL,2021-03-29,,morphine hydrochloride,opioid- long term pain relief for severe pain,,,1,
9857654,Doloral 5,LAA,o/l,5mg/mL,2021-03-29,,morphine hydrochloride,opioid- long term pain relief for severe pain,,,1,
9858328,Apo-Methadone,APX,tab,1mg,2024-04-30,,methadone hydrochloride,opioid- treatment of severe and chronic pain and sometimes substace use disorder,,,4.7,
9858329,Apo-Methadone,APX,tab,5mg,2024-04-30,,methadone hydrochloride,opioid- treatment of severe and chronic pain and sometimes substace use disorder,,,4.7,
9858330,Apo-Methadone,APX,tab,10mg,2024-04-30,,methadone hydrochloride,opioid- treatment of severe and chronic pain and sometimes substace use disorder,,,4.7,
9858331,Apo-Methadone,APX,tab,25mg,2024-04-30,,methadone hydrochloride,opioid- treatment of severe and chronic pain and sometimes substace use disorder,,,4.7,
9858348,Sandoz Fentanyl Patch ,SDZ,trans patch,12mcg/hr,2024-09-27,,fentanyl citrate,opioid,,,3.84,
9858349,Teva-Fentanyl,TEV,trans patch,12mcg/hr,2024-09-27,,fentanyl citrate,opioid,,,3.84,