"DIN.PIN","Brand.Name","Manufacturer.Code","Dosage.Form","Strength","Effective.Date","End.Date","Active.Ingredients","Active.Ingredient.Class.and.Use","Other.Notes","conversion_factor"
5606,"Ritalin","NOV","Tab","10mg","2012-04-16","2022-07-11","Methylphenidate","Stimulant- ADHD and narcolepsy","",NA
5614,"Ritalin","NOV","Tab","20mg","2012-04-16","","Methylphenidate","Stimulant- ADHD and narcolepsy","",NA
12696,"Dalmane","VAL","Cap","15mg","2012-04-16","","Flurazepam","BZD- insomnia ","",NA
12718,"Dalmane","VAL","Cap","30mg","2012-04-16","","Flurazepam","BZD- insomnia ","",NA
13285,"Valium","HLR","Tab","5mg","2012-04-16","","Diazepam","BZD","",NA
36323,"Lomotil","PFI","Tab","2.5mg & 0.025mg","2012-04-16","","Diphenoxylate hydrochloride + Atropine sulfate","Opioid","",NA
50024,"Codeine Phosphate Sirop De","LAA","O/L","143mg","2012-04-16","","Codeine phosphate","Opioid","",NA
68594,"CoActifed","BWE","O/L","2mg/5mL & 30mg/5mL & 10 mg/5mL","2012-04-16","","Codeine phosphate + Triprolidine hydrochloride + Pseudoephedrine hydrochloride","Opioid/ stimulant","",NA
68608,"Coactifed","GSK","Tab","20mg","2012-04-16","","Codeine phosphate + Triprolidine hydrochloride + Pseudoephedrine hydrochloride","Opioid/ stimulant","",NA
68756,"Coactifed","GSK","O/L","100mg","2012-04-16","","Codeine phosphate + Triprolidine hydrochloride + Pseudoephedrine hydrochloride","Opioid/ stimulant","",NA
95494,"AC+C","DCL","Tab","8mg","2012-04-16","","Acetaminophen + Codeine phosphate + Caffeine","Opioid","",NA
108162,"222","FRS","Tab","8mg","2012-04-16","","Acetaminophen + Codeine phosphate + Caffeine","Opioid","",NA
115630,"Librax","HLR","Cap","5mg & 2.5mg","2012-04-16","","Chlordiazepoxide hydrochloride + Clidinium bromide","BZD","",NA
125083,"Dilaudid","PFP","Tab","2mg","2012-04-16","","Hydromorphone hydrochloride","Opioid","",NA
125121,"Dilaudid","PFP","Tab","4mg","2012-04-16","","Hydromorphone hydrochloride","Opioid","",NA
176192,"Fiorinal C1/4","NOV","Cap","330mg & 50mg & 40mg & 15mg","2012-04-16","","Butalbital + Acetylsalicylic acid + Caffeine + Codeine phosphate","Opioid/ Barbituate","",NA
176206,"Fiorinal C1/2","NOV","Cap","330mg & 50mg & 40mg & 30mg","2012-04-16","","Butalbital + Acetylsalicylic acid + Caffeine + Codeine phosphate","Opioid/ Barbituate","",NA
180041,"AC+C 8MG","VIP","Tab","8mg","2012-04-16","","Acetaminophen + Codeine phosphate + Caffeine","Opioid","",NA
272434,"Novo-Dipam","NOP","Tab","2mg","2012-11-29","","Diazepam","BZD","",NA
272442,"Novo-Dipam","NOP","Tab","5mg","2012-11-29","","Diazepam","BZD","",NA
272450,"Novo-Dipam","NOP","Tab","10mg","2012-11-29","","Diazepam","BZD","",NA
293490,"ATASOL-8","HOR","Tab","8mg","2012-04-16","","Acetaminophen + Codeine phosphate + Caffeine","Opioid","",NA
293504,"Atasol-15","HOR","Tab","300mg & 15mg & 15mg","2012-04-16","","Acetaminophen + Codeine phosphate + Caffeine","Opioid","",NA
293512,"Atasol-30","HOR","Tab","300mg & 15mg & 30mg","2012-04-16","","Acetaminophen + Codeine phosphate + Caffeine","Opioid","",NA
313580,"Diazepam 5 Tab","PRD","Tab","5mg","2012-04-16","","Diazepam","BZD","",NA
362158,"Apo-Diazepam","APX","Tab","5mg","2012-04-16","","Diazepam","BZD","",NA
380571,"Linctus Codeine Blanc","LAA","O/L","0.2%","2012-04-16","","Codeine phosphate","Opioid","",NA
382825,"Rivotril","HLR","Tab","0.5mg","2012-04-16","","Clonazepam","BZD","",NA
382841,"Rivotril","HLR","Tab","2mg","2012-04-16","","Clonazepam","BZD","",NA
392472,"Supeudol","SIL","Sup","20mg","2012-04-16","","Oxycodone hydrochloride","Opioid","",NA
392480,"Supeudol","SIL","Sup","10mg","2012-04-16","","Oxycodone hydrochloride","Opioid","",NA
402680,"Apo-Oxazepam","APX","Tab","10mg","2012-04-16","","Oxazepam","BZD","",NA
402737,"Apo-Oxazepam","APX","Tab","30mg","2012-04-16","","Oxazepam","BZD","",NA
402745,"Apo-Oxazepam","APX","Tab","15mg","2012-04-16","","Oxazepam","BZD","",NA
405329,"Apo-Diazepam","APX","Tab","2mg","2012-04-16","","Diazepam","BZD","",NA
405337,"Apo-Diazepam","APX","Tab","10mg","2012-04-16","","Diazepam","BZD","",NA
414220,"Som Pam","VAL","Cap","15mg","2012-04-16","","Oxazepam","BZD","",NA
414239,"Som Pam","VAL","Cap","30mg","2012-04-16","","Oxazepam","BZD","",NA
414247,"Oxpam","VAL","Tab","10mg","2012-04-16","","Oxazepam","BZD","",NA
414255,"Oxpam","VAL","Tab","15mg","2012-04-16","","Oxazepam","BZD","",NA
414263,"Oxpam","VAL","Tab","30mg","2012-04-16","","Oxazepam","BZD","",NA
426865,"NOVO AC+C 8MG","NOP","Tab","8mg","2012-04-16","","Acetaminophen + Codeine phosphate + Caffeine","Opioid","",NA
434388,"Diazepam 10Tab 10mg","PRD","Tab","10mg","2012-04-16","","Diazepam","BZD","",NA
434396,"Diazepam 2Tab 2mg","PRD","Tab","2mg","2012-04-16","","Diazepam","BZD","",NA
443948,"Supeudol","SDZ","Tab","10mg","2012-04-16","","Oxycodone hydrochloride","Opioid","",NA
472549,"Vasofrinic Dh","LAT","O/L","30mg","2012-04-16","","Dihydrocodeine","Opioid","",NA
486582,"M.O.S.","VAL","O/L","1mg/mL","2012-04-16","","Morphine sulfate","Opioid","",NA
496529,"Novoxapam","NOP","Tab","15mg","2012-11-29","","Oxazepam","BZD","",NA
496537,"Novoxapam","NOP","Tab","30mg","2012-11-29","","Oxazepam","BZD","",NA
497282,"Codeine","ABB","Inj","30mg/mL","2012-04-16","","Codeine phosphate","Opioid","",NA
497290,"Codeine Phosphate","ABB","Inj-1mL Pk","60mg/mL","2012-04-16","","Codeine phosphate","Opioid","",NA
497436,"Meperidine HCL Injection 10mg/mL","HOS","Inj Sol","10mg","2012-04-16","","Meperidine hydrochloride","Opioid","",NA
497444,"Meperidine HCL Injection 25mg/mL","HOS","Inj Sol","25mg","2012-04-16","","Meperidine hydrochloride","Opioid","",NA
497452,"Meperidine HCL Injection 50mg/mL","HOS","Inj Sol","50mg","2012-04-16","","Meperidine hydrochloride","Opioid","",NA
497460,"Meperidine HCL Injection 75mg/mL","HOS","Inj Sol","75mg","2012-04-16","","Meperidine hydrochloride","Opioid","",NA
497479,"Meperidine HCL Injection 100mg/mL","HOS","Inj Sol","100mg","2012-04-16","","Meperidine hydrochloride","Opioid","",NA
497754,"Oxazepam 10 Tab 10mg","PRD","Tab","10mg","2012-04-16","","Oxazepam","BZD","",NA
497762,"Oxazepam 15 Tab 15mg","PRD","Tab","15mg","2012-04-16","","Oxazepam","BZD","",NA
497770,"Oxazepam 30 Tab 30mg","PRD","Tab","30mg","2012-04-16","","Oxazepam","BZD","",NA
500852,"Novoxapam","NOP","Tab","10mg","2012-11-29","","Oxazepam","BZD","",NA
507407,"Dalmacol","LAA","O/L","3.33mg","2012-04-16","","Dihydrocodeine","Opioid","",NA
511528,"Mogadon","VAL","Tab","5mg","2012-04-16","","Nitrazepam","BZD","",NA
511536,"Mogadon","VAL","Tab","10mg","2012-04-16","","Nitrazepam","BZD","",NA
514217,"M.O.S.","VAL","O/L","5mg/mL","2012-04-16","","Morphine sulfate","Opioid","",NA
518123,"Lectopam","HLR","Tab","3mg","2012-04-16","","Bromazepam","BZD","",NA
518131,"Lectopam","HLR","Tab","6mg","2012-04-16","","Bromazepam","BZD","",NA
521698,"Apo-Flurazepam","APX","Cap","15mg","2012-04-16","","Flurazepam","BZD","",NA
521701,"Apo-Flurazepam","APX","Cap","30mg","2012-04-16","","Flurazepam","BZD","",NA
522724,"Chlordiazepoxide","AAP","Cap","5mg","2012-04-16","","Chlordiazepoxide","BZD","",NA
522988,"Chlordiazepoxide","AAP","Cap","10mg","2012-04-16","","Chlordiazepoxide","BZD","",NA
522996,"Chlordiazepoxide","AAP","Cap","25mg","2012-04-16","","Chlordiazepoxide","BZD","",NA
535230,"CALMYLIN","TCH","","","2012-04-16","","Codeine phosphate + Triprolidine hydrochloride + Pseudoephedrine hydrochloride","Opioid","",NA
544884,"Codeine Phosphate Injection USP","SDZ","Inj Sol","30mg","2012-04-16","","Codeine phosphate","Opioid","",NA
548359,"Xanax","PFI","Tab","0.25mg","2012-04-16","","Alprazolam","BZD","",NA
548367,"Xanax","PFI","Tab","0.5mg","2012-04-16","","Alprazolam","BZD","",NA
550477,"Ratio-Calmydone","RPH","O/L","3.33mg","2012-04-16","","Codeine phosphate + Triprolidine hydrochloride + Pseudoephedrine hydrochloride","Opioid","",NA
568392,"Riva Oxazepam","RIA","Tab","10mg","2012-04-16","","Oxazepam","BZD","",NA
568406,"Riva Oxazepam","RIA","Tab","15mg","2012-04-16","","Oxazepam","BZD","",NA
568414,"Riva Oxazepam","RIA","Tab","30mg","2012-04-16","","Oxazepam","BZD","",NA
578479,"Flurazepam 15","PRD","Cap","15mg","2012-04-16","","Flurazepam","BZD","",NA
578487,"Flurazepam 30","PRD","Cap","30mg","2012-04-16","","Flurazepam","BZD","",NA
584991,"PMS-Methylphenidate","PMS","Tab","10mg","2012-04-16","","Methylphenidate","Stimulant","",NA
585009,"PMS-Methylphenidate","PMS","Tab","20mg","2012-04-16","","Methylphenidate","Stimulant","",NA
589470,"AC+C 1/8GR","PMS","Tab","8mg","2012-04-16","","Acetaminophen + Codeine phosphate + Caffeine","Opioid","",NA
589489,"ACETAMINOPHEN WITH CODEINE","PMS","Tab","8mg","2012-04-16","","Codeine phosphate","Opioid","",NA
591467,"Statex","PAL","O/L","1mg/mL","2012-04-16","","Morphine sulfate","Opioid","",NA
591475,"Statex","PAL","O/L","5mg/mL","2012-04-16","","Morphine sulfate","Opioid","",NA
593168,"Sirop Cocillana Codeine","LAA","O/L","0.566mg","2012-04-16","","Codeine phosphate","Opioid","",NA
593435,"Ratio-Codeine","RPH","Tab","15mg","2012-04-16","","Codeine phosphate","Opioid","",NA
593451,"Ratio-Codeine","RPH","Tab","30mg","2012-04-16","","Codeine phosphate","Opioid","",NA
594636,"Statex","PAL","Tab","25mg","2012-04-16","","Morphine sulfate","Opioid","",NA
594644,"Statex","PAL","Tab","10mg","2012-04-16","","Morphine sulfate","Opioid","",NA
594652,"Statex","PAL","Tab","5mg","2012-04-16","","Morphine sulfate","Opioid","",NA
596965,"Statex Suppositories 20mg","PAL","Rect Sup","20mg","2012-04-16","","Morphine sulfate","Opioid","",NA
604453,"Restoril","ORY","Cap","15mg","2012-04-16","","Temazepam","BZD","",NA
604461,"Restoril","ORY","Cap","30mg","2012-04-16","","Temazepam","BZD","",NA
607762,"Ratio-Morphine","RPH","O/L","1mg/mL","2012-04-16","","Morphine sulfate","Opioid","",NA
607770,"Ratio-Morphine","RPH","O/L","5mg/mL","2012-04-16","","Morphine sulfate","Opioid","",NA
608157,"Ratio-Oxycodan","RPH","Tab","5mg & 325mg","2012-04-16","","Oxycodone hydrochloride","Opioid","",NA
608165,"Ratio-Oxycocet","RPH","Tab","5mg & 325mg","2012-04-16","","Oxycodone hydrochloride + Acetaminophen","Opioid","",NA
608181,"Ratio-Tecnal C1/2","RPH","Cap","330mg & 50mg & 40mg & 30mg","2012-04-16","","Butalbital + Acetylsalicylic acid + Caffeine + Codeine phosphate","Opioid/ Barbituate","",NA
608203,"Ratio-Tecnal C1/4","RPH","Cap","330mg & 50mg & 40mg & 15mg","2012-04-16","","Butalbital + Acetylsalicylic acid + Caffeine + Codeine phosphate","Opioid/ Barbituate","",NA
608211,"Ratio-Tecnal","RPH","Tab","50mg","2012-04-16","","Butalbital + Acetylsalicylic acid + Caffeine","Opioid/ Barbituate","",NA
608238,"Ratio-Tecnal","RPH","Cap","330mg & 50mg & 40mg","2012-04-16","","Butalbital + Acetylsalicylic acid + Caffeine","Opioid/ Barbituate","",NA
608882,"Ratio-Emtec","RPH","Tab","300mg & 30mg","2012-04-16","","Acetaminophen + Codeine phosphate","Opioid","",NA
614491,"Doloral 1","LAA","O/L","1mg","2012-04-16","","Morphine sulfate","Opioid","",NA
614505,"Doloral 5 Sirop 5mg/mL","LAA","O/L","5mg","2012-04-16","","Morphine sulfate","Opioid","",NA
615528,"NOVOGESIC-C8","NOP","Tab","8mg","2012-04-16","","Acetaminophen + Codeine phosphate + Caffeine","Opioid","",NA
617059,"ACETAMINOPHEN 500MG COMP TAB/CODEINE","RPR","Tab","8mg","2012-04-16","","Codeine phosphate","Opioid","",NA
617288,"Morphine HP-50","SDZ","Inj Sol-1mL Pk","50mg/mL","2012-04-16","","Morphine sulfate","Opioid","",NA
618454,"Apo-Chlorax Cap","APX","Cap","2.5mg","2012-04-16","","Chlordiazepoxide","BZD","",NA
621463,"Ratio-Lenoltec No.4","RPH","Tab","300mg & 60mg","2012-04-16","","Acetaminophen + Codeine phosphate + Caffeine","Opioid","",NA
621935,"Statex","PAL","Oral Drops","20mg/mL","2012-04-16","","Morphine sulfate","Opioid","",NA
622133,"Dilaudid-HP","PFP","Inj Sol-1mL Pk","10mg/mL","2012-04-16","","Hydromorphone hydrochloride","Opioid","",NA
624268,"M.O.S.","ICN","Sup","10mg","2012-11-29","","Morphine sulfate","Opioid","",NA
624276,"M.O.S.","ICN","Sup","20mg","2012-11-29","","Morphine sulfate","Opioid","",NA
627100,"Dilaudid","PFP","Inj Sol-1mL Pk","2mg/mL","2012-04-16","","Hydromorphone hydrochloride","Opioid","",NA
628190,"Novo-Clopate","NOP","Cap","3.75mg","2012-11-29","","Clorazepate dipotassium","BZD","",NA
628204,"Novo-Clopate","NOP","Cap","7.5mg","2012-11-29","","Clorazepate dipotassium","BZD","",NA
628212,"Novo-Clopate","NOP","Cap","15mg","2012-11-29","","Clorazepate dipotassium","BZD","",NA
632201,"Statex","PMS","Sup","10mg","2012-04-16","","Morphine sulfate","Opioid","",NA
632228,"Statex Suppositories 5mg","PAL","Rect Sup","5mg","2012-04-16","","Morphine sulfate","Opioid","",NA
632481,"M.O.S.","VAL","O/L","20mg/mL","2012-04-16","","Morphine sulfate","Opioid","",NA
632503,"M.O.S.","VAL","O/L","10mg/mL","2012-04-16","","Morphine sulfate","Opioid","",NA
632775,"Ritalin SR","NOV","ER Tab","20mg","2012-04-16","","Methylphenidate","Stimulant","",NA
636223,"Pro Chlorax","PRD","Cap","2.5mg","2012-04-16","","Chlordiazepoxide","BZD","",NA
636681,"M.O.S.","ICN","Sup","30mg","2012-11-29","","Morphine sulfate","Opioid","",NA
636908,"Morphine Sulfate Injection 1mg/mL","HOS","Inj Sol","1mg","2012-04-16","","Morphine sulfate","Opioid","",NA
637742,"Novo-Lorazem","NOP","Tab","1mg","2012-04-16","","Lorazepam","BZD","",NA
637750,"Novo-Lorazem","NOP","Tab","2mg","2012-04-16","","Lorazepam","BZD","",NA
639389,"Statex Suppositories 30mg","PAL","Rect Sup","30mg","2012-04-16","","Morphine sulfate","Opioid","",NA
640409,"Meperidine Hydrochloride Inj 10mg/mL","HOS","Inj Sol","10mg","2012-04-16","","Meperidine hydrochloride","Opioid","",NA
647217,"Statex Syrup 10mg/mL","PAL","O/L","10mg","2012-04-16","","Morphine sulfate","Opioid","",NA
649619,"Morphine Sulfate Injection 5mg/mL USP","HOS","Inj Sol","5mg","2012-04-16","","Morphine sulfate","Opioid","",NA
653233,"LENOLTEC NO.1","TCH","Tab","8mg","2012-04-16","","Acetaminophen + Codeine phosphate + Caffeine","Opioid","",NA
653241,"Ratio-Lenoltec No.2","RPH","Tab","300mg & 15mg & 15mg","2012-04-16","","Acetaminophen + Codeine phosphate + Caffeine","Opioid","",NA
653276,"Ratio-Lenoltec No.3","RPH","Tab","300mg & 15mg & 30mg","2012-04-16","","Acetaminophen + Codeine phosphate + Caffeine","Opioid","",NA
655643,"Pro-Lorazepam Tab 0.5mg","PRD","Tab","0.5mg","2012-04-16","","Lorazepam","BZD","",NA
655651,"Pro-Lorazepam Tab 1.0mg","PRD","Tab","1mg","2012-04-16","","Lorazepam","BZD","",NA
655678,"Pro-Lorazepam Tab 2mg","PRD","Tab","2mg","2012-04-16","","Lorazepam","BZD","",NA
655740,"Apo-Lorazepam","APX","Tab","0.5mg","2012-04-16","","Lorazepam","BZD","",NA
655759,"Apo-Lorazepam","APX","Tab","1mg","2012-04-16","","Lorazepam","BZD","",NA
655767,"Apo-Lorazepam","APX","Tab","2mg","2012-04-16","","Lorazepam","BZD","",NA
667102,"PMS-Flurazepam Cap 15mg","PMS","Cap","15mg","2012-04-16","","Flurazepam","BZD","",NA
675962,"Statex","PAL","Tab","50mg","2012-04-16","","Morphine sulfate","Opioid","",NA
676411,"MORPHINE HP","SIL","INJ AMP","25MG/ML","2012-04-16","","Morphine sulfate","Opioid","",NA
687200,"Novo-Gesic C-15","NOP","Tab","300mg & 15mg & 15mg","2012-11-29","","Acetaminophen + Codeine phosphate + Caffeine","Opioid","",NA
687219,"Novo-Gesic C-30","NOP","Tab","300mg & 15mg & 30mg","2012-11-29","","Acetaminophen + Codeine phosphate + Caffeine","Opioid","",NA
690074,"PHARMASAVE COUGH SYRUP","TCH","","","2012-04-16","","Codeine phosphate","Opioid","",NA
690198,"M.O.S.-10","VAL","Tab","10mg","2012-04-16","","Morphine sulfate","Opioid","",NA
690201,"M.O.S.-20","VAL","Tab","20mg","2012-04-16","","Morphine sulfate","Opioid","",NA
690228,"M.O.S.-40","VAL","Tab","40mg","2012-11-29","","Morphine sulfate","Opioid","",NA
690236,"M.O.S. Conc 50","VAL","O/L","50mg/mL","2012-11-29","","Morphine sulfate","Opioid","",NA
690244,"M.O.S.-60","VAL","Tab","60mg","2012-04-16","","Morphine sulfate","Opioid","",NA
690783,"Ratio-Morphine","RPH","O/L","10mg/mL","2012-04-16","","Morphine sulfate","Opioid","",NA
690791,"Ratio-Morphine","RPH","O/L","20mg/mL","2012-04-16","","Morphine sulfate","Opioid","",NA
694827,"Ratio-Coristex-Dh","RPH","O/L","20mg","2012-04-16","","Dihydrocodeine + Triprolidine hydrochloride + Pseudoephedrine hydrochloride","Opioid","",NA
705438,"Dilaudid","PFP","Tab","1mg","2012-04-16","","Hydromorphone hydrochloride","Opioid","",NA
705799,"Statex Dps 50mg/mL","PAL","Oral Sol","50mg","2012-04-16","","Morphine sulfate","Opioid","",NA
706221,"ACETAMINOPHEN WITH CAFFEINE AND CODEINE","VIP","Tab","8mg","2012-04-16","","Codeine phosphate","Opioid","",NA
706515,"Acet 2","PMS","Tab","15mg","2012-04-16","","Acetaminophen + Codeine phosphate + Caffeine","Opioid","",NA
706523,"Acet 3","PMS","Tab","30mg","2012-04-16","","Acetaminophen + Codeine phosphate + Caffeine","Opioid","",NA
708712,"ACETAMINOPHEN EXTRA STR/CAFFEINE/CODEINE","WTR","Tab","8mg","2012-04-16","","Codeine phosphate","Opioid","",NA
725749,"Meperidine","SIL","Inj Sol-1mL Pk","100mg/mL","2012-04-16","","Meperidine hydrochloride","Opioid","",NA
725757,"Meperidine","SDZ","Inj Sol-1mL Pk","75mg/mL","2012-04-16","","Meperidine hydrochloride","Opioid","",NA
725765,"Meperidine","SDZ","Inj-1mL Pk","50mg/mL","2012-04-16","","Meperidine hydrochloride","Opioid","",NA
711101,"Novo-Lorazem","NOP","Tab","0.5mg","2012-04-16","","Lorazepam","BZD","",NA
723770,"Xanax","PFI","Tab","1mg","2012-04-16","","Alprazolam","BZD","",NA
726362,"PMS-Oxazepam Tab 10mg","PMS","Tab","10mg","2012-04-16","","Oxazepam","BZD","",NA
726370,"PMS-Oxazepam Tab 15mg","PMS","Tab","15mg","2012-04-16","","Oxazepam","BZD","",NA
726389,"PMS-Oxazepam Tab 30mg","PMS","Tab","30mg","2012-04-16","","Oxazepam","BZD","",NA
728187,"PMS-Lorazepam","PMS","Tab","0.5mg","2012-04-16","","Lorazepam","BZD","",NA
728195,"PMS-Lorazepam","PMS","Tab","1mg","2012-04-16","","Lorazepam","BZD","",NA
728209,"PMS-Lorazepam","PMS","Tab","2mg","2012-04-16","","Lorazepam","BZD","",NA
776181,"M.O.S.","VAL","SR Tab","30mg","2012-04-16","","Morphine sulfate","Opioid","",NA
776203,"M.O.S.","VAL","SR Tab","60mg","2012-04-16","","Morphine sulfate","Opioid","",NA
779458,"Codeine","ROG","Tab","15mg","2012-04-16","","Codeine phosphate","Opioid","",NA
779474,"Ratio-Codeine","RPH","O/L","5mg/mL","2012-04-16","","Codeine phosphate","Opioid","",NA
786535,"Dilaudid","PFP","Oral Sol","1mg/mL","2012-04-16","","Hydromorphone hydrochloride","Opioid","",NA
786543,"Dilaudid","PFP","Tab","8mg","2012-04-16","","Hydromorphone hydrochloride","Opioid","",NA
789739,"Supeudol","SDZ","Tab","5mg","2012-04-16","","Oxycodone hydrochloride","Opioid","",NA
789828,"Triatec-30 Tab","LAT","Tab","30mg","2012-04-16","","Codeine phosphate","Opioid","",NA
808563,"Triazolam","AAP","Tab","0.125mg","2012-04-16","","Triazolam","BZD","",NA
808571,"Triazolam","AAP","Tab","0.25mg","2012-04-16","","Triazolam","BZD","",NA
813958,"Xanax TS","PFI","Tab","2mg","2012-04-16","","Alprazolam","BZD","",NA
815349,"PMS-Opium & Belladonna","PMS","Sup","65mg/15mg","2012-04-16","","Opium (morphine) + Belladonna alkaloids (e.g., atropine, scopolamine)","Opioid","",NA
816027,"PMS-Acetaminophen With Codeine","PMS","O/L","160mg & 8mg/5mL","2012-04-16","","Codeine phosphate","Opioid","",NA
834319,"ACETAZONE FORTE C8","TCH","","","2012-04-16","","Acetylsalicylic acid + Codeine phosphate + Caffeine","Opioid","",NA
850314,"Morphine Sulfate USP","ABB","Inj Sol-1mL Pk","2mg/mL","2012-04-16","","Morphine sulfate","Opioid","",NA
850322,"Morphine Sulfate","ABB","Inj Sol-1mL Amp","10mg/mL","2012-04-16","","Morphine sulfate","Opioid","",NA
850330,"Morphine Sulfate Injection USP","HOS","Inj Sol Amp","15mg/mL","2012-04-16","","Morphine sulfate","Opioid","",NA
852163,"Triatec-8 Tab","LAT","Tab","8mg","2012-04-16","","Codeine phosphate","Opioid","",NA
860689,"Clorazepate","AAP","Cap","3.75mg","2012-04-16","","Clorazepate dipotassium","BZD","",NA
860697,"Clorazepate","AAP","Cap","15mg","2012-04-16","","Clorazepate dipotassium","BZD","",NA
860700,"Clorazepate","AAP","Cap","7.5mg","2012-04-16","","Clorazepate dipotassium","BZD","",NA
865397,"Apo-Alpraz","APX","Tab","0.25mg","2012-04-16","","Alprazolam","BZD","",NA
865400,"Apo-Alpraz","APX","Tab","0.5mg","2012-04-16","","Alprazolam","BZD","",NA
869317,"MORPHINE FORTE","ABB","inj Sol-1mL Pk","25mg/mL","2012-04-16","","Morphine sulfate","Opioid","",NA
869325,"Morphine Extra Forte Inj 50mg/mL USP","HOS","Inj Sol","50mg","2012-04-16","","Morphine sulfate","Opioid","",NA
885401,"PMS-HYDROmorphone","PMS","Tab","4mg","2012-04-16","","Hydromorphone hydrochloride","Opioid","",NA
885428,"PMS-HYDROmorphone","PMS","Tab","8mg","2012-04-16","","Hydromorphone hydrochloride","Opioid","",NA
885436,"PMS-HYDROmorphone","PMS","Tab","2mg","2012-04-16","","Hydromorphone hydrochloride","Opioid","",NA
885444,"PMS-HYDROmorphone","PMS","Tab","1mg","2012-04-16","","Hydromorphone hydrochloride","Opioid","",NA
888346,"Fentanyl Citrate","ABB","Inj-2mL Pk","50mcg/mL","2012-04-16","","Fentanyl citrate","Opioid","",NA
891797,"PMS-Diazepam","PMS","O/L","1mg/mL","2012-04-16","","Diazepam","BZD","",NA
1908170,"Alprazolam-0.5 Tab 0.5mg","PRD","Tab","0.5mg","2012-04-16","","Alprazolam","BZD","",NA
1908189,"Alprazolam-0.25 Tab 0.25mg","PRD","Tab","0.25mg","2012-04-16","","Alprazolam","BZD","",NA
1913239,"Nu-Alpraz","NXP","Tab","0.25mg","2012-04-16","","Alprazolam","BZD","",NA
1913247,"Nu-Alpraz","NXP","Tab","0.5mg","2012-04-16","","Alprazolam","BZD","",NA
1913484,"Teva-Alprazolam","TEV","Tab","0.25mg","2012-04-16","","Alprazolam","BZD","",NA
1913492,"Teva-Alprazolam","TEV","Tab","0.5mg","2012-04-16","","Alprazolam","BZD","",NA
1913506,"Mylan-Triazolam","MYL","Tab","0.25mg","2012-10-17","","Triazolam","BZD","",NA
1901869,"Opium & Belladonna","SDZ","Sup","","2012-04-16","","Opium (morphine) + Belladonna alkaloids (e.g., atropine, scopolamine)","Opioid/acticholinergic","",NA
1916386,"PMS-HYDROmorphone","PMS","Oral Sol","1mg/mL","2012-04-16","","Hydromorphone hydrochloride","Opioid","",NA
1916394,"PMS-Hydromorphone Suppositoire 3mg","PMS","Rect Sup","3mg","2012-04-16","","Hydromorphone hydrochloride","Opioid","",NA
1916475,"Percocet","BQU","Tab","5mg & 325mg","2012-04-16","","Oxycodone hydrochloride + Acetaminophen","Opioid","",NA
1916491,"Percocet-Demi","BMS","Tab","2.5mg","2012-04-16","","Oxycodone hydrochloride + Acetaminophen","Opioid","",NA
1916548,"Endocet","BQU","Tab","5mg & 325mg","2012-04-16","","Oxycodone hydrochloride + Acetaminophen","Opioid","",NA
1916564,"Hycomine","BQU","O/L","5mg & 12.5mg & 10mg & 60mg","2012-07-30","","Hydrocodone bitartrate + Chlorpheniramine maleate + Phenylephrine hydrochloride + Pseudoephedrine hydrochloride","Opioid","",NA
1916580,"Hycodan","BQU","O/L","1mg/mL","2012-04-16","","Hydrocodone bitartrate + Homatropine methylbromide","Opioid","",NA
1916599,"Hycodan","DUP","Tab","5mg","2012-04-16","","Hydrocodone bitartrate + Homatropine methylbromide","Opioid","",NA
1916963,"Tussionex","FIS","Tab","5mg & 10mg","2012-04-16","","Hydrocodone polistirex + Chlorpheniramine polistirex","Opioid","",NA
1916971,"Tussionex","FIS","Susp","1mg/mL & 2mg/mL","2012-04-16","","Hydrocodone polistirex + Chlorpheniramine polistirex","Opioid","",NA
1922246,"ACETAMINOPHEN CAFFEINE & CODEINE (WAM)","RPR","Tab","8mg","2012-04-16","","Codeine phosphate","Opioid","",NA
1924516,"Dexedrine","PAL","Tab","5mg","2012-04-16","","Dextroamphetamine sulfate","Stimulant","",NA
1924559,"Dexedrine Spansules","PAL","SR Cap","10mg","2012-04-16","","Dextroamphetamine sulfate","Stimulant","",NA
1924567,"Dexedrine Spansules","PAL","SR Cap","15mg","2012-04-16","","Dextroamphetamine sulfate","Stimulant","",NA
1934740,"Robitussin Ac","PFI","O/L","100mg","2012-04-16","","Guaifenesin + Codeine phosphate","Opioid","",NA
1934767,"ROBAXACET-8","WHB","Tab","400mg & 325mg & 8mg","2012-04-16","","Methocarbamol + Acetaminophen + Codeine phosphate","Opioid","",NA
1934775,"ROBAXISAL C 1/8","WHB","","","2012-04-16","","Methocarbamol + Acetylsalicylic acid + Codeine phosphate","Opioid","",NA
1934783,"Robaxisal C-1/4","ROB","Tab","400mg & 325mg & 16.2mg","2012-04-16","","Methocarbamol + Acetylsalicylic acid + Codeine phosphate","Opioid","",NA
1934791,"Robaxisal C-1/2","WHH","Tab","400mg & 325mg & 32.4mg","2012-04-16","","Methocarbamol + Acetylsalicylic acid + Codeine phosphate","Opioid","",NA
1938363,"SINUTAB WITH CODEINE","WLA","","","2012-04-16","","Codeine phosphate","Opioid","",NA
1941895,"Methoxisal-C 1/8","ROG","Tab","8mg","2012-04-16","","Methocarbamol + Acetylsalicylic acid + Codeine phosphate","Opioid","",NA
1949047,"MORPHINE EPD","ABB","INJ AMP-2ML PK","0.5MG/ML","2012-04-16","","Morphine sulfate","Opioid","",NA
1949055,"MORPHINE EPD","ABB","INJ AMP-1ML PK","1MG/ML","2012-04-16","","Morphine sulfate","Opioid","",NA
1962388,"Cocaine Hydrochloride Top Sol 40mg/mL","SDZ","Topical Sol","40MG","2012-04-16","","Cocaine hydrochloride","Stimulant","",NA
1964429,"Morphine Sulfate Inj 5mg/mL USP","SDZ","Inj Sol","5mg","2012-04-16","","Morphine sulfate","Opioid","",NA
1964437,"Morphine Sulfate","SDZ","Inj Sol Amp","2mg/mL","2012-04-16","","Morphine sulfate","Opioid","",NA
1966367,"Methoxisal-C 1/4","ROG","Tab","16.2mg","2012-04-16","","Methocarbamol + Acetylsalicylic acid + Codeine phosphate","Opioid","",NA
1966375,"Methoxisal-C 1/2","ROG","Tab","32.4mg","2012-04-16","","Methocarbamol + Acetylsalicylic acid + Codeine phosphate","Opioid","",NA
1971387,"Trianal-C 1/2 Capsule","LAT","Cap","30mg","2012-04-16","","Butalbital + Acetylsalicylic acid + Caffeine + Codeine phosphate","Opioid/Barbituate","",NA
1971409,"Trianal Tablet","LAT","Tab","50mg","2012-04-16","","Butalbital + Acetylsalicylic acid + Caffeine + Codeine phosphate","Opioid/Barbituate","",NA
1971417,"Trianal Capsules","LAT","Cap","50mg","2012-04-16","","Butalbital + Acetylsalicylic acid + Caffeine + Codeine phosphate","Opioid/Barbituate","",NA
1977881,"TRIATEC-8 FORT TAB","TCH","Tab","8mg","2012-04-16","","Codeine phosphate","Opioid","",NA
1979914,"Hydromorphone Hydrochloride Sup 3mg","SDZ","Rect Sup","3mg","2012-04-16","","Hydromorphone hydrochloride","Opioid","",NA
1980696,"Morphine Sulfate Inj 1mg/mL USP","SDZ","Inj Sol","1mg","2012-04-16","","Morphine sulfate","Opioid","",NA
1996541,"ACETAMINOPHEN CAFFEINE & CODEINE TAB","TLI","Tab","8mg","2012-04-16","","Codeine phosphate","Opioid","",NA
1996568,"ACETAMINOPHEN CAFFEINE CODEINE FORTE","TLI","Tab","8mg","2012-04-16","","Codeine phosphate","Opioid","",NA
1997688,"Acetaminophen Caffeine & 8mg Cod. Phos.","NOP","Tab","8mg","2012-04-16","","Acetaminophen + Caffeine + Codeine phosphate","Opioid","",NA
1999648,"Acet Codeine 30 Tab","PMS","Tab","30mg","2012-04-16","","Codeine phosphate","Opioid","",NA
1999656,"Acet Codeine 60 Tab","PMS","Tab","60mg","2012-04-16","","Codeine phosphate","Opioid","",NA
1995227,"Mylan-Triazolam","MYL","Tab","0.125mg","2012-10-17","","Triazolam","BZD","",NA
2009706,"M.O.S. Sulphate 50mg Tab","VAL","Tab","50mg","2012-04-16","","Morphine sulfate","Opioid","",NA
2009749,"M.O.S. Sulphate 25mg Tab","VAL","Tab","25mg","2012-04-16","","Morphine sulfate","Opioid","",NA
2009757,"Codeine 30mg Tab","LAT","Tab","30mg","2012-04-16","","Codeine phosphate","Opioid","",NA
2009765,"M.O.S. Sulphate 10mg Tab","VAL","Tab","10mg","2012-04-16","","Morphine sulfate","Opioid","",NA
2009773,"M.O.S. Sulphate 5mg Tab","VAL","Tab","5mg","2012-04-16","","Morphine sulfate","Opioid","",NA
2009889,"Codeine 15 mg Tab","LAT","Tab","15MG","2012-04-16","","Codeine phosphate","Opioid","",NA
2014203,"MS IR Tab 5mg","PFP","Tab","5mg","2012-04-16","","Morphine sulfate","Opioid","",NA
2014211,"MS IR Tab 10mg","PFP","Tab","10mg","2012-04-16","","Morphine sulfate","Opioid","",NA
2014238,"MS-IR","PFP","Tab","20mg","2012-04-16","","Morphine sulfate","Opioid","",NA
2014254,"MS-IR","PFP","Tab","30mg","2012-04-16","","Morphine sulfate","Opioid","",NA
2014297,"MS Contin","PFP","SR Tab","30mg","2012-04-16","","Morphine sulfate","Opioid","",NA
2014300,"MS Contin","PFP","SR Tab","60mg","2012-04-16","","Morphine sulfate","Opioid","",NA
2014319,"MS Contin","PFP","SR Tab","100mg","2012-04-16","","Morphine sulfate","Opioid","",NA
2014327,"MS Contin","PFP","SR Tab","200mg","2012-04-16","","Morphine sulfate","Opioid","",NA
2015439,"MS Contin","PFP","SR Tab","15mg","2012-04-16","","Morphine sulfate","Opioid","",NA
2019930,"M-Eslon","ETH","ER Cap","10mg","2012-04-16","","Morphine sulfate","Opioid","",NA
2019949,"M-Eslon","ETH","ER Cap","30mg","2012-04-16","","Morphine sulfate","Opioid","",NA
2019957,"M-Eslon","ETH","ER Cap","60mg","2012-04-16","","Morphine sulfate","Opioid","",NA
2019965,"M-Eslon","ETH","ER Cap","100mg","2012-04-16","","Morphine sulfate","Opioid","",NA
2025337,"ACETAMINOPHEN COMP TAB WITH CODEINE(WAM)","RPR","Tab","8mg","2012-04-16","","Codeine phosphate","Opioid","",NA
2028174,"ACETAMINOPHEN WITH CODEINE CAPLET (WAM)","RPR","Tab","8mg","2012-04-16","","Codeine phosphate","Opioid","",NA
2041405,"Ativan","WAY","Inj Sol (with preservative)","4mg/mL","2017-02-28","","Lorazepam","BZD","",NA
2041413,"Ativan","PFI","Tab","0.5mg","2012-04-16","","Lorazepam","BZD","",NA
2041421,"Ativan","PFI","Tab","1mg","2012-04-16","","Lorazepam","BZD","",NA
2041448,"Ativan","PFI","Tab","2mg","2012-04-16","","Lorazepam","BZD","",NA
2041456,"Ativan","PFI","SL Tab","0.5mg","2012-04-16","","Lorazepam","BZD","",NA
2041464,"Ativan","PFI","SL Tab","1mg","2012-04-16","","Lorazepam","BZD","",NA
2041472,"Ativan","PFI","SL Tab","2mg","2012-04-16","","Lorazepam","BZD","",NA
2048701,"PMS-Clonazepam","PMS","Tab","0.5mg","2012-04-16","","Clonazepam","BZD","",NA
2048728,"PMS-Clonazepam Tab 1.0mg","PMS","Tab","1mg","2012-04-16","","Clonazepam","BZD","",NA
2048736,"PMS-Clonazepam","PMS","Tab","2mg","2012-04-16","","Clonazepam","BZD","",NA
2047667,"MERSYNDOL WITH CODEINE","MER","Tab","325mg & 8mg & 5mg","2012-04-16","","Codeine phosphate","Opioid","",NA
2048701,"PMS-Clonazepam","PMS","Tab","0.5mg","2012-04-16","","Clonazepam","BZD","",NA
2048728,"PMS-Clonazepam Tab 1.0mg","PMS","Tab","1mg","2012-04-16","","Clonazepam","BZD","",NA
2048736,"PMS-Clonazepam","PMS","Tab","2mg","2012-04-16","","Clonazepam","BZD","",NA
2053403,"Ratio-Cotridin Expectorant","RPH","O/L","100mg","2012-04-16","","Codeine phosphate + Triprolidine hydrochloride + Pseudoephedrine hydrochloride + Guaifenesin","Opioid- cough supresent tightly controlled","",NA
2099748,"Cough Syrup With Codeine","ROG","O/L","100mg","2012-04-16","","Codeine phosphate","Opioid- cough supresent tightly controlled","",NA
2103656,"Ratio-Clonazepam","RPH","Tab","0.5mg","2012-04-16","","Clonazepam","BZD","",NA
2103737,"Ratio-Clonazepam","RPH","Tab","2mg","2012-04-16","","Clonazepam","BZD","",NA
2125323,"Hydromorph Contin","PFP","CR Cap","3mg","2012-04-16","","Hydromorphone hydrochloride","Opioid","",NA
2125331,"Hydromorph Contin","PFP","CR Cap","6mg","2012-04-16","","Hydromorphone hydrochloride","Opioid","",NA
2125366,"Hydromorph Contin","PFP","CR Cap","12mg","2012-04-16","","Hydromorphone hydrochloride","Opioid","",NA
2125382,"Hydromorph Contin","PFP","CR Cap","24mg","2012-04-16","","Hydromorphone hydrochloride","Opioid","",NA
2125390,"Hydromorph Contin","PFP","CR Cap","30mg","2012-04-16","","Hydromorphone hydrochloride","Opioid","",NA
2126486,"Phl-Methylphenidate","PHE","Tab","20mg","2012-04-16","","Methylphenidate","STIMULANT","",NA
2126494,"Phl-Methylphenidate","PHE","Tab","10mg","2012-04-16","","Methylphenidate","STIMULANT","",NA
2126648,"Fentanyl Citrate","ABB","Inj-2mL Pk","50mcg/mL","2012-04-16","","Fentanyl citrate","Opioid","",NA
2130998,"Dom-Clonazepam - Tab 0.5mg","DPC","Tab","0.5mg","2012-04-16","","Clonazepam","BZD","",NA
2131013,"Dom-Clonazepam - Tab 2mg","DPC","Tab","2mg","2012-04-16","","Clonazepam","BZD","",NA
2137232,"Morphine Sulphate Injection 1mg/mL","HOS","Inj Sol","1mg","2012-04-16","","Morphine sulfate","Opioid","",NA
2137240,"Morphine Sulphate Injection 2mg/mL","HOS","Inj Sol","2mg","2012-04-16","","Morphine sulfate","Opioid","",NA
2137267,"Morphine Sulphate Injection 50mg/mL","HOS","Inj Sol","50mg","2012-04-16","","Morphine sulfate","Opioid","",NA
2137534,"Mylan-Alprazolam","MYL","Tab","0.25mg","2012-04-16","","Alprazolam","BZD","",NA
2137542,"Mylan-Alprazolam","MYL","Tab","0.5mg","2012-04-16","","Alprazolam","BZD","",NA
2137984,"Talwin","SAO","Tab","50mg","2012-04-16","","Pentazocine lactate","Opioid","",NA
2138018,"Demerol","SAV","Tab","50mg","2012-04-16","","Meperidine hydrochloride","Opioid","",NA
2143933,"Acetaminophen with Codeine - Caplet","ROG","Tab","8mg","2012-04-16","","Codeine phosphate","Opioid","",NA
2145227,"Phl-Clonazepam","PHE","Tab","0.5mg","2012-04-16","","Clonazepam","BZD","",NA
2145235,"Phl-Clonazepam - Tab 1mg","PHE","Tab","1mg","2012-04-16","","Clonazepam","BZD","",NA
2145243,"Phl-Clonazepam","PHE","Tab","2mg","2012-04-16","","Clonazepam","BZD","",NA
2145863,"Dilaudid-XP","PFP","Inj-1mL Pk","50mg/mL","2012-04-16","","Hydromorphone hydrochloride","Opioid","",NA
2145901,"Hydromorphone","SDZ","Inj Sol-1mL Pk","2mg/mL","2012-04-16","","Hydromorphone hydrochloride","Opioid","",NA
2145928,"Hydromorphone HP-10","SDZ","Inj Sol-1mL Pk","10mg/mL","2012-04-16","","Hydromorphone hydrochloride","Opioid","",NA
2145936,"Hydromorphone HP-20","SDZ","Inj","20mg/mL","2012-04-16","","Hydromorphone hydrochloride","Opioid","",NA
2146118,"Dilaudid-HP-Plus","PFP","Inj","20mg/mL","2012-04-16","","Hydromorphone hydrochloride","Opioid","",NA
2146126,"Hydromorphone HP-50","SDZ","Inj-1mL Pk","50mg/mL","2012-04-16","","Hydromorphone hydrochloride","Opioid","",NA
2154234,"Acetaminophen, Caffeine & Codeine Caplet","VIP","Tab","8mg","2012-04-16","","Codeine phosphate","Opioid","",NA
2163748,"Codeine Contin","PFP","CR Tab","100mg","2012-04-16","","Codeine phosphate","Opioid","",NA
2163780,"Codeine Contin","PFP","CR Tab","150mg","2012-04-16","","Codeine phosphate","Opioid","",NA
2163799,"Codeine Contin","PFP","CR Tab","200mg","2012-04-16","","Codeine phosphate","Opioid","",NA
2163918,"Tylenol with Codeine No. 4","JAN","Tab","300mg & 60mg","2012-04-16","","Codeine phosphate","Opioid","",NA
2163926,"Tylenol with Codeine No. 3","JAN","Tab","300mg & 15mg & 30mg","2012-04-16","","Codeine phosphate","Opioid","",NA
2163934,"Tylenol with Codeine No. 2","JAN","Tab","300mg & 15mg & 15mg","2012-04-16","","Codeine phosphate","Opioid","",NA
2163942,"Tylenol With Codeine Elixir","JAN","O/L","160mg & 8mg/5mL","2012-04-16","","Codeine phosphate","Opioid","",NA
2169126,"Ratio-Cotridin","RPH","O/L","10mg","2012-04-16","","Codeine phosphate + Triprolidine hydrochloride + Pseudoephedrine hydrochloride","Opioid/decongestant/ antihistamine","",NA
2172917,"Calmylin Pse With Codeine","ROG","O/L","100mg","2012-04-16","","Codeine phosphate","Opioid/decongestant/ expectorant. Tightly controlled cough medica","",NA
2173344,"Nu-Clonazepam","NXP","Tab","0.5mg","2012-04-16","","Clonazepam","BZD","",NA
2173352,"Nu-Clonazepam","NXP","Tab","2mg","2012-04-16","","Clonazepam","BZD","",NA
2177153,"Apo-Bromazepam","APX","Tab","1.5mg","2012-04-16","","Bromazepam","BZD","",NA
2177161,"Apo-Bromazepam","APX","Tab","3mg","2012-04-16","","Bromazepam","BZD","",NA
2177188,"Apo-Bromazepam","APX","Tab","6mg","2012-04-16","","Bromazepam","BZD","",NA
2177749,"M-Eslon","ETH","ER Cap","15mg","2012-04-16","","Morphine sulfate","Opioid","",NA
2177757,"M-Eslon","ETH","ER Cap","200mg","2012-04-16","","Morphine sulfate","Opioid","",NA
2177889,"Apo-Clonazepam","APX","Tab","0.5mg","2012-04-16","","Clonazepam","BZD","",NA
2177897,"Apo-Clonazepam","APX","Tab","2mg","2012-04-16","","Clonazepam","BZD","",NA
2179660,"PMS-Clonazepam- Tab 0.25mg","PMS","Tab","0.25mg","2012-04-16","","Clonazepam","BZD","",NA
2181061,"Tylenol No.1 Caplets","MCL","Tab","8mg","2012-04-16","","Acetaminophen + Codeine phosphate + Caffeine","Opioid- Over the counter","",NA
2181088,"Tylenol No.1 Forte Caplets","MCL","Tab","8mg","2012-04-16","","Acetaminophen + Codeine phosphate + Caffeine","Opioid- Over the counter","",NA
2184435,"Kadian","ABB","SR Cap","20mg","2012-04-16","","Morphine sulfate","Opioid- long term pain relief","",NA
2184443,"Kadian","ABB","SR Cap","50mg","2012-04-16","","Morphine sulfate","Opioid- long term pain relief","",NA
2184451,"Kadian","ABB","SR Cap","100mg","2012-04-16","","Morphine sulfate","Opioid- long term pain relief","",NA
2192101,"Hydromorphone","SOR","Tab","1mg","2012-04-16","","Hydromorphone hydrochloride","Opioid- long term pain relief","",NA
2192144,"Hydromorphone","SOR","Tab","8mg","2012-04-16","","Hydromorphone hydrochloride","Opioid- long term pain relief","",NA
2192705,"Gen-Bromazepam","GEN","Tab","1.5mg","2012-04-16","","Bromazepam","BZD","",NA
2198630,"Calmylin Ace","ROG","O/L","100mg","2012-04-16","","Codeine phosphate + Triprolidine hydrochloride + Pseudoephedrine hydrochloride","Opioid- cough supresent tightly controlled","",NA
2202441,"Oxycontin","PFP","SR Tab","10mg","2012-04-16","","Oxycodone hydrochloride","Opioid- long term pain relief (high overodse risk)","",NA
2202468,"Oxycontin","PFP","SR Tab","20mg","2012-04-16","","Oxycodone hydrochloride","Opioid- long term pain relief (high overodse risk)","",NA
2202476,"Oxycontin","PFP","SR Tab","40mg","2012-04-16","","Oxycodone hydrochloride","Opioid- long term pain relief (high overodse risk)","",NA
2202484,"Oxycontin","PFP","SR Tab","80mg","2012-04-16","","Oxycodone hydrochloride","Opioid- long term pain relief (high overodse risk)","",NA
2207818,"PMS-Clonazepam-R","PMS","Tab","0.5mg","2012-04-16","","Clonazepam","BZD","",NA
2220520,"Bromazepam-3 - Tab 3mg","PRD","Tab","3mg","2012-04-16","","Bromazepam","BZD","",NA
2220539,"Bromazepam-6 - Tab 6mg","PRD","Tab","6mg","2012-04-16","","Bromazepam","BZD","",NA
2221799,"Frisium","OVA","Tab","10mg","2012-04-16","","Clabazam","BZD","",NA
2223570,"Nu-Temazepam","NXP","Cap","15mg","2012-04-16","","Tumazepam","BZD","",NA
2223589,"Nu-Temazepam","NXP","Cap","30mg","2012-04-16","","Tumazepam","BZD","",NA
2224100,"Dom-Clonazepam-R - Tab 0.5mg","DPC","Tab","0.5mg","2012-04-16","","Clonazepam","BZD","",NA
2224577,"Cophylac Drops","VAE","Oral Sol","10mg","2012-04-16","","Noremethadone hydrochloride","Opioid- cough supresent tightly controlled","",NA
2225964,"Apo-Temazepam","APX","Cap","15mg","2012-04-16","","Tumazepam","BZD","",NA
2225972,"Apo-Temazepam","APX","Cap","30mg","2012-04-16","","Tumazepam","BZD","",NA
2229654,"Nitrazadon","VAL","Tab","5mg","2012-04-16","","Nitrazepam","BZD","",NA
2229655,"Nitrazadon","VAL","Tab","10mg","2012-04-16","","Nitrazepam","BZD","",NA
2229756,"Dom-Temazepam","DPC","Cap","15mg","2012-04-16","","Temazepam","BZD","",NA
2229758,"Dom-Tamazepam","DPC","Cap","30mg","2012-04-16","","Temazepam","BZD","",NA
2229760,"Temazepam-15","PRD","Cap","15mg","2012-04-16","","Temazepam","BZD","",NA
2229761,"Temazepam-30","PRD","Cap","30mg","2012-04-16","","Temazepam","BZD","",NA
2229813,"Mylan-Alprazolam","MYL","Tab","1mg","2012-04-16","","Alprazolam","BZD","",NA
2229814,"Mylan-Alprazolam","MYL","Tab","2mg","2012-04-16","","Alprazolam","BZD","",NA
2230095,"Novo-Temazepam","NOP","Cap","15mg","2012-04-16","","Temazepam","BZD","",NA
2230102,"Novo-Temazepam","NOP","Cap","30mg","2012-04-16","","Temazepam","BZD","",NA
2230302,"Codeine Contin","PFP","CR Tab","50mg","2012-04-16","","Codeine monohydrate","Long-acting opioid","",NA
2230321,"Ratio-Methylphenidate","RPH","Tab","10mg","2012-11-29","","Methylphenidate","STIMULANT","",NA
2230322,"Ratio-Methylphenidate","RPH","Tab","20mg","2012-04-16","","Methylphenidate","STIMULANT","",NA
2230366,"Clonapam","ICN","Tab","0.5mg","2012-11-29","","Clonapam","BZD","",NA
2230368,"Clonapam","VAL","Tab","1mg","2012-04-16","","Clonapam","BZD","",NA
2230369,"Clonapam","ICN","Tab","2mg","2012-11-29","","Clonapam","BZD","",NA
2230584,"Novo-Bromazepam","NOP","Tab","3mg","2012-04-16","","Bromazepam","BZD","",NA
2230585,"Novo-Bromazepam","NOP","Tab","6mg","2012-04-16","","Bromazepam","BZD","",NA
2230769,"Dalmacol","RIA","O/L","3.33mg","2012-04-16","","Hydrocodone bitartrate, etafedrine, doxylamine succinate, sodium citrate, and anhydrous alcohol","BZD","",NA
2230950,"Mylan-Clonazepam","MYL","Tab","0.5mg","2012-04-16","","Clonazepam","BZD","",NA
2230951,"Mylan-Clonazepam","MYL","Tab","2mg","2012-04-16","","Clonazepam","BZD","",NA
2231934,"Oxy.IR","PFP","Tab","5mg","2012-04-16","","Oxycodone hydrochloride","opioid-post operative pain perscription","",NA
2232387,"Exdol-8 Tablets","PEN","Tab","8mg","2012-04-16","","Acetaminophen + Codeine phosphate + Caffeine","Opioid- long term pain relief (high overodse risk)","",NA
2232388,"Exdol-15 Tablets","PEN","Tab","15mg & 300mg & 30mg","2012-04-16","","Acetaminophen + Codeine phosphate + Caffeine","Opioid- long term pain relief (high overodse risk)","",NA
2232389,"Exdol-30 Tablets","PEN","Tab","30mg","2012-04-16","","Acetaminophen + Codeine phosphate + Caffeine","Opioid- long term pain relief (high overodse risk)","",NA
2232658,"Procet-30","PRD","Tab","30mg","2012-04-16","","Acetaminophen + Codeine phosphate","Opioid- antitussive, antipyretic and analgesic. Moderate to severe pain","",NA
2233960,"Sandoz Clonazepam","SDZ","Tab","0.5mg","2012-04-16","","Clonazepam","BZD","",NA
2233982,"Sandoz Clonazepam","SDZ","Tab","1mg","2012-04-16","","Clonazepam","BZD","",NA
2233985,"Sandoz Clonazepam","SDZ","Tab","2mg","2012-04-16","","Clonazepam","BZD","",NA
2234003,"Sandoz Nitrazepam","SDZ","Tab","5mg","2012-04-16","","Nitrazepam","BZD","",NA
2234007,"Sandoz Nitrazepam","SDZ","Tab","10mg","2012-04-16","","Nitrazepam","BZD","",NA
2234510,"282","PEN","Tab","15mg","2012-11-29","","Codeine phosphate+acetylslicylic acid","Opioid[- analgesic and sedative. Perscribed when pain accompanied by muscle spasm/anxiety","",NA
2234749,"PMS-Methylphenidate","PMS","Tab","5mg","2012-04-16","","Methylphenidate","stimulant","",NA
2236872,"Methoxacet-C 1/8","ROG","Tab","8mg","2012-04-16","2018-11-12","acetaminophen+codeine phosphate+methocarbamol","Opioid-cancelled post-market ","",NA
2236948,"Phl-Clonazepam-R","PHE","Tab","0.5mg","2012-04-16","","Clonazepam","BZD","",NA
2237420,"Acetaminophen, Caffeine & 8mg Codeine","PEN","Tab","8mg","2012-04-16","2016-12-31","Clonazepam","BZD","",NA
2237578,"Spasmhalt-8","PEN","Tab","8mg","2012-04-16","","acetaminophen+codeine phosphate+methocarbamol","Opioid-pain muscle spasms","",NA
2237580,"Spasmhalt-ASA-8","PEN","Tab","8mg","2012-04-16","","acetaminophen+codeine phosphate+methocarbamol","Opioid-pain muscle spasms","",NA
2238162,"Diastat","VAL","Rect Gel-2x 5mg Pk","5mg/mL","2012-04-16","","Diazepam","BZD","",NA
2238334,"Novo-Clobazam","NOP","Tab","10mg","2012-04-16","","Clobazam","BZD","",NA
2238645,"292","PEN","Tab","30mg","2012-04-16","","ASA, Caffeine, Codeine Phosphate","Opioid- pain releif","",NA
2238646,"282 MEP","PEN","Tab","15mg","2012-04-16","","ASA, Caffeine, Codeine Phosphate","Opioid[- analgesic and sedative. Perscribed when pain accompanied by muscle spasm/anxiety","",NA
2238670,"C-2 Buffered with Codeine","PEN","Tab","8mg","2012-04-16","","ASA, Caffeine, Codeine Phosphate","Opioid[- mild to severe pain, fever, and inflammation","",NA
2239024,"Novo-Clonazepam","NOP","Tab","0.5mg","2012-04-16","","Clonazepam","BZD","",NA
2239025,"Novo-Clonazepam","NOP","Tab","2mg","2012-04-16","","Clonazepam","BZD","",NA
2240131,"Oxy.IR","PFP","Tab","10mg","2012-04-16","","Oxycodone hydrochloride","Opioid- mild to severe pain, fever, and inflammation","",NA
2240132,"Oxy.IR","PFP","Tab","20mg","2012-04-16","","Oxycodone hydrochloride","Opioid- mild to severe pain, fever, and inflammation","",NA
2241377,"Metadol","PMS","O/L","10mg/mL","2012-04-16","","Methadone","Opioid- perscribed for chronic severe pain but also for OUD","",NA
2242077,"Riva-Clonazepam","RIA","Tab","0.5mg","2012-04-16","","Clonazepam","BZD","",NA
2242078,"Riva-Clonazepam 2 mg","RIA","Tab","2mg","2012-04-16","","Clonazepam","BZD","",NA
2242163,"Kadian","ABB","SR Cap","10mg","2012-04-16","","Morphine sulfate","Opioid - long term pain relief (extended release)","",NA
2242180,"Muscle & Back Pain Relief - 8","VIP","Tab","8mg","2012-04-16","","acetaminophen+codeine phosphate+methocarbamol","Opioid-cancelled post-market ","",NA
2242406,"Trianal C1/4","LAT","Cap","15mg","2012-04-16","","Butalbital + Acetylsalicylic acid + Caffeine + Codeine phosphate","Opioid/Barbituate","",NA
2242468,"Rivacocet","RIA","Tab","5mg","2012-04-16","","Acetaminophen + Codeine phosphate","Opioid- short-term post-operative pain relief","",NA
2243023,"Ratio-Temazepam","RPH","Cap","15mg","2012-04-16","","Temazepam","BZD","",NA
2243024,"Ratio-Temazepam","RPH","Cap","30mg","2012-04-16","","Temazepam","BZD","",NA
2243047,"Muscle & Back Pain Relief-8","PEN","Tab","8mg","2012-04-16","","acetaminophen+codeine phosphate+methocarbamol","Opioid-back pain and muscle spasms","",NA
2243063,"Covan Syrup","PMS","O/L","10mg","2012-04-16","","Codeine phosphate + Triprolidine hydrochloride + Pseudoephedrine hydrochloride","Opioid- cough supresent/ expectorant tightly controlled","",NA
2243562,"Hydromorph Contin","PFP","CR Cap","18mg","2012-04-16","","Hydromorphone hydrochloride","opioid- long term severe pain. Mostly perscribed for palliative care","",NA
2243611,"Apo-Alpraz","APX","Tab","1mg","2012-04-16","","Alprazolam","BZD- short term anxiety relief","",NA
2243612,"Apo-Alpraz TS","APX","Tab","2mg","2012-04-16","","Alprazolam","BZD- short term anxiety relief. TS stands for tablet scored (can safely be split)","",NA
2243978,"PMS-Codeine","PMS","Tab","15mg","2012-04-16","","Codeine phosphate","Opioid- short-term mild to moderate pain and cough supression","",NA
2243979,"PMS-Codeine","PMS","Tab","30mg","2012-04-16","","Codeine phosphate","Opioid- short-term mild to moderate pain and cough supression","",NA
2244010,"Balminil Codeine Nighttime + expectorant","ROG","O/L","3.33mg","2012-04-16","","Ammonium chloride, codeine phosphate, diphenhydramine","Opioid- cough supresent/ expectorant tightly controlled","",NA
2244011,"Balminil Codeine+Decongest+Expectorant","ROG","O/L","100mg","2012-04-16","","Ammonium chloride, codeine phosphate, diphenhydramine","Opioid- cough supresent/ expectorant tightly controlled","",NA
2244078,"Dimetapp-C Syrup","WYE","O/L","10mg","2012-04-16","","Codeine phosphate + Triprolidine hydrochloride + Pseudoephedrine hydrochloride","Opioid- antitussive, antihistamne and decongestant.","",NA
2244079,"Dimetane Expectorant C","PFI","O/L","100mg","2012-04-16","","brompheniramine maleate+codeine phosphate+guaifenesin+phenylphrine hrodchloride","Opioid- antitussive, antihistamne and decongestant.","",NA
2244080,"Dimetane Expectorant DC","PFI","O/L","100mg","2012-04-16","","brompheniramine maleate+hydrocodone bitartrate+guaifenesin+phenylphrine hrodchloride","Opioid- antitussive, antihistamne and decongestant.","",NA
2244290,"Metadol-D","PMS","O/L","10mg","2012-04-16","","methadone hydrochloride","Opioid- chronic severe pain and opioid use disorder","",NA
2244474,"PMS-Clobazam","PMS","Tab","10mg","2012-04-16","","Clobazam","BZD","",NA
2244508,"PMS-Butorphanol","PMS","Nas Spray","10MG","2012-04-16","","butorphanol citrate","Opioid- post-operative pain relief and short-term migraine relief. Also used in surgical anesthesia ","",NA
2244638,"Apo-Clobazam","APX","Tab","10mg","2012-04-16","","Clobazam","BZD","",NA
2244790,"Sandoz Morphine SR","SDZ","SR Tab","15mg","2012-04-16","","Morphine sulfate","Opioid - long term pain relief (extended release)","",NA
2244791,"Sandoz Morphine SR","SDZ","SR Tab","30mg","2012-04-16","","Morphine sulfate","Opioid - long term pain relief (extended release)","",NA
2244792,"Sandoz Morphine SR","SDZ","SR Tab","60mg","2012-04-16","","Morphine sulfate","Opioid - long term pain relief (extended release)","",NA
2244814,"Co Temazepam","COB","Cap","15mg","2012-04-16","","Temazepam","BZD","",NA
2244815,"Co Temazepam","COB","Cap","30mg","2012-04-16","","Temazepam","BZD","",NA
2245230,"Apo-Nitrazepam","APX","Tab","5mg","2012-04-16","","Nitrazepam","BZD","",NA
2245231,"Apo-Nitrazepam","APX","Tab","10mg","2012-04-16","","Nitrazepam","BZD","",NA
2245284,"PMS-Morphine Sulfate","PMS","SR Tab","15mg","2012-04-16","","Morphine sulfate","Opioid - long term pain relief (immediate release)","",NA
2245285,"PMS-Morphine Sulfate","PMS","SR Tab","30mg","2012-04-16","","Morphine sulfate","Opioid - long term pain relief (immediate release)","",NA
2245286,"PMS-Morphine Sulfate","PMS","SR Tab","60mg","2012-04-16","","Morphine sulfate","Opioid - long term pain relief (immediate release)","",NA
2245287,"PMS-Morphine Sulfate SR","PMS","SR Tab","100mg","2012-04-16","","Morphine sulfate","Opioid - long term pain relief (sustained release)","",NA
2245288,"PMS-Morphine Sulfate SR","PMS","SR Tab","200mg","2012-04-16","","Morphine sulfate","Opioid - long term pain relief (sustained release)","",NA
2245592,"Damylin With Codeine Syrup","RIA","O/L","3.3mg","2012-04-16","","Codeine phosphate","Opioid- cough supresent tightly controlled","",NA
2245703,"Hydromorph.IR-2mg","PFP","Tab","2mg","2012-04-16","","Hydromorphone hydrochloride","Opioid- post-operative pain relief and short-term migraine relief. Mostly short-term severe pain relief to supplement other opioids","",NA
2245704,"Hydromorph.IR - 4mg","PFP","Tab","4mg","2012-04-16","","Hydromorphone hydrochloride","Opioid- post-operative pain relief and short-term migraine relief. Mostly short-term severe pain relief to supplement other opioids","",NA
2245705,"Hydromorph.IR - 8mg","PFP","Tab","8mg","2012-04-16","","Hydromorphone hydrochloride","Opioid- post-operative pain relief and short-term migraine relief. Mostly short-term severe pain relief to supplement other opioids","",NA
2245709,"Benylin 2 Cold And Flu With Codeine","MCL","O/L","100mg","2012-04-16","","codeine phosphate+guaifenesin+pseudoephedrine hydrochloride","Opioid- cough supresent/ expectorant tightly controlled","",NA
2245758,"PMS-Oxycodone-Acetaminophen","PMS","Tab","5mg & 325mg","2012-11-29","","Acetaminophen + Codeine phosphate","Opioid- mild to moderate acute pain ","",NA
2245784,"Dom-Lorazepam","DPC","Tab","0.5mg","2012-04-16","","Lorazepam","BZD","",NA
2245785,"Dom-Lorazepam","DPC","Tab","1mg","2012-04-16","","Lorazepam","BZD","",NA
2245786,"Dom-Lorazepam","DPC","Tab","2mg","2012-04-16","","Lorazepam","BZD","",NA
2246085,"Acetaminophen, Caffeine & 8mg Codeine","JPC","Tab","8mg","2012-04-16","","Acetaminophen + Codeine phosphate + Caffeine","Opioid- mild to moderate acute pain ","",NA
2246103,"ASA, Caffeine & Codeine Phosphate Tablet","JPC","Tab","8mg","2012-04-16","","Acetaminophen + Codeine phosphate + Caffeine","Opioid- mild to moderate acute pain ","",NA
2246991,"Phl-Methylphenidate","PHE","Tab","5mg","2012-04-16","","Methylphenidate","stimulant","",NA
2247173,"Bio-Diazepam","BII","Tab","2mg","2012-04-16","","Diazepam","BZD","",NA
2247174,"Bio-Diazepam","BII","Tab","5mg","2012-04-16","","Diazepam","BZD","",NA
2247176,"Bio-Diazepam","BII","Tab","10mg","2012-04-16","","Diazepam","BZD","",NA
2247177,"Bio-Oxazepam","BII","Tab","10mg","2012-04-16","","Oxazepam","BZD","",NA
2247178,"Bio-Oxazepam","BII","Tab","15mg","2012-04-16","","Oxazepam","BZD","",NA
2247179,"Bio-Oxazepam","BII","Tab","30mg","2012-04-16","","Oxazepam","BZD","",NA
2247230,"Dom-Clobazam","DPC","Tab","10mg","2012-04-16","","Clobazam","BZD","",NA
2247364,"Ratio-Methylphenidate","RPH","Tab","5mg","2012-04-16","","Methylphenidate","Stimulant","",NA
2247374,"Metadol-D","PAL","Oral Sol","50mcg/mL","2024-07-31","","methadone hydrochloride","Opioid- chronic severe pain and opioid use disorder","",NA
2247490,"PMS-Diazepam","BII","Tab","2mg","2012-04-16","","Diazepam","BZD","",NA
2247491,"PMS-Diazepam","BII","Tab","5mg","2012-04-16","","Diazepam","BZD","",NA
2247492,"PMS-Diazepam","BII","Tab","10mg","2012-04-16","","Diazepam","BZD","",NA
2247694,"Metadol","PMS","O/L","1mg/mL","2012-04-16","","methadone hydrochloride","Opioid- chronic severe pain and opioid use disorder","",NA
2247698,"Metadol","PMS","Tab","1mg","2012-04-16","","methadone hydrochloride","Opioid- chronic severe pain and opioid use disorder","",NA
2247699,"Metadol","PMS","Tab","5mg","2012-04-16","","methadone hydrochloride","Opioid- chronic severe pain and opioid use disorder","",NA
2247700,"Metadol","PMS","Tab","10mg","2012-04-16","","methadone hydrochloride","Opioid- chronic severe pain and opioid use disorder","",NA
2247701,"Metadol","PMS","Tab","25mg","2012-04-16","","methadone hydrochloride","Opioid- chronic severe pain and opioid use disorder","",NA
2247732,"Concerta","JAN","SR Tab","18mg","2012-04-16","","Methylphenidate Hydrochloride","stimulant","",NA
2247733,"Concerta","JAN","SR Tab","36mg","2012-04-16","","Methylphenidate Hydrochloride","stimulant","",NA
2247734,"Concerta","JAN","SR Tab","54mg","2012-04-16","","Methylphenidate Hydrochloride","stimulant","",NA
2248126,"Bio-Flurazepam","BII","Cap","15mg","2012-04-16","","Flurazepam","BZD","",NA
2248127,"Bio-Flurazepam","BII","Cap","30mg","2012-04-16","","Flurazepam","BZD","",NA
2248817,"Acetaminophen, Caffeine & 8mg of Codeine","PHI","Tab","8mg","2012-04-16","","Acetaminophen + Codeine phosphate + Caffeine","Opioid- mild to moderate acute pain ","",NA
2248977,"Muscle and Back Pain Relief-8","ROG","Tab","8mg","2012-04-16","","acetaminophen+codeine phosphate+methocarbamol","Opioid- short-term pain muscle spasms","",NA
2249324,"Apo-Methylphenidate","APX","Tab","10mg","2012-04-16","","Methylphenidate Hydrochloride","stimulant","",NA
2249332,"Apo-Methylphenidate","APX","Tab","20mg","2012-04-16","","Methylphenidate Hydrochloride","stimulant","",NA
2249391,"Ran-Fentanyl","RAN","Trans Patch","25mcg/hr","2012-04-16","","Fentanyl","Opioid- long term pain relief (high overodse risk)","Not for use in opioid naïve patients",NA
2249413,"Ran-Fentanyl","RAN","Trans Patch","50mcg/hr","2012-04-16","","Fentanyl","Opioid- long term pain relief (high overodse risk)","Not for use in opioid naïve patients",NA
2249421,"Ran-Fentanyl","RAN","Trans Patch","75mcg/hr","2012-04-16","","Fentanyl","Opioid- long term pain relief (high overodse risk)","Not for use in opioid naïve patients",NA
2249448,"Ran-Fentanyl","RAN","Trans Patch","100mcg/hr","2012-04-16","","Fentanyl","Opioid- long term pain relief (high overodse risk)","Not for use in opioid naïve patients",NA
2249928,"Hydromorphone","SOR","Tab","2mg","2012-04-16","","Hydromorphone hydrochloride","Opioid- short-term post-operative pain relief","",NA
2249936,"Hydromorphone","SOR","Tab","4mg","2012-04-16","","Hydromorphone hydrochloride","Opioid- short-term post-operative pain relief","",NA
2250241,"Concerta","JAN","SR Tab","27mg","2012-04-16","","Methylphenidate Hydrochloride","stimulant","",NA
2250551,"Muscle and Back Pain Relief - 8 Tablets","PHI","Tab","8mg","2012-04-16","","Acetaminophen + Caffeine + Codeine phosphate","Opioid- short-term pain muscle spasms","",NA
2251914,"Acetaminophen, Caffeine & 8mg of Codeine","PHI","Tab","8mg","2012-04-16","","Acetaminophen + Caffeine + Codeine phosphate","Opioid- short-term pain muscle spasms","",NA
2254263,"Phl-Acet-Codeine 60","PHE","Tab","60mg","2012-04-16","","Acetaminophen + Codeine phosphate","Opioid- short-term moderate to severe pain","",NA
2254271,"Phl-Acet-Codeine 30","PHE","Tab","30mg","2012-04-16","","Acetaminophen + Codeine phosphate","Opioid- short-term moderate to severe pain","",NA
2258099,"Cough Syrup With Codeine","SUP","O/L","100mg","2012-04-16","","codeine phosphate+guaifenesin+pseudoephedrine hydrochloride","Opioid- cough supresent/ expectorant tightly controlled","",NA
2258129,"Oxycontin 5mg","PFP","ER Tab","5mg","2012-04-16","","Oxycodone hydrochloride","Opioid - long term pain relief (controlled release)","",NA
2262983,"Supeudol","SDZ","Tab","20mg","2012-04-16","","Oxycodone hydrochloride","Opioid- long term pain relief (high overodse risk)","",NA
2264846,"Tramacet","JAN","Tab","37.5mg & 325mg","2012-04-16","","acetaminophen+tramadol hydrochloride","Opioid- long term pain relief (high overodse risk)","",NA
2266687,"Apo-Methylphenidate SR","APX","ER Tab","20mg","2012-04-16","","Methylphenidate Hydrochloride","Stimulant- sustained release formulation","",NA
2270641,"Co Clonazepam","COB","Tab","0.5mg","2012-04-16","","Clonazepam","BZD- SEIZURE DISORDER + panic and anxiety disorder","",NA
2270668,"Co Clonazepam","COB","Tab","1mg","2012-04-16","","Clonazepam","BZD- SEIZURE DISORDER + panic and anxiety disorder","",NA
2270676,"Co Clonazepam","COB","Tab","2mg","2012-04-16","","Clonazepam","BZD- SEIZURE DISORDER + panic and anxiety disorder","",NA
2273039,"PMS-Temazepam","PMS","Cap","15mg","2012-11-29","","Temazepam","BZD- insomnia ","",NA
2273047,"PMS-Temazepam","PMS","Cap","30mg","2012-11-29","","Temazepam","BZD- insomnia ","",NA
2273950,"Apo-Methylphenidate","APX","Tab","5mg","2012-04-16","","Methylphenidate Hydrochloride","Stimulant- ADHD and narcolepsy","",NA
2275813,"Duragesic Mat","JNO","Trans Patch","25mcg/hr","2012-04-16","","Fentanyl","Opioid- chronic severe pain, usually end-stage pain","Not for use in opioid naïve patients",NA
2275821,"Duragesic Mat","JNO","Trans Patch","50mcg/hr","2012-04-16","","Fentanyl","Opioid- chronic severe pain, usually end-stage pain","Not for use in opioid naïve patients",NA
2275848,"Duragesic Mat","JNO","Trans Patch","75mcg/hr","2012-04-16","","Fentanyl","Opioid- chronic severe pain, usually end-stage pain","Not for use in opioid naïve patients",NA
2275856,"Duragesic Mat","JNO","Trans Patch","100mcg/hr","2012-04-16","","Fentanyl","Opioid- chronic severe pain, usually end-stage pain","Not for use in opioid naïve patients",NA
2277131,"Biphentin","PFP","ER Cap","15mg","2012-04-16","","Methylphenidate Hydrochloride","Stimulant- ADHD and narcolepsy","",NA
2277158,"Biphentin","PFP","ER Cap","20mg","2012-04-16","","Methylphenidate Hydrochloride","Stimulant- ADHD and narcolepsy","",NA
2277166,"Biphentin","PFP","ER Cap","10mg","2012-04-16","","Methylphenidate Hydrochloride","Stimulant- ADHD and narcolepsy","",NA
2277174,"Biphentin","PFP","ER Cap","30mg","2012-04-16","","Methylphenidate Hydrochloride","Stimulant- ADHD and narcolepsy","",NA
2277182,"Biphentin","PFP","ER Cap","40mg","2012-04-16","","Methylphenidate Hydrochloride","Stimulant- ADHD and narcolepsy","",NA
2277190,"Biphentin","PFP","ER Cap","50mg","2012-04-16","","Methylphenidate Hydrochloride","Stimulant- ADHD and narcolepsy","",NA
2277204,"Biphentin","PFP","ER Cap","60mg","2012-04-16","","Methylphenidate Hydrochloride","Stimulant- ADHD and narcolepsy","",NA
2277212,"Biphentin","PFP","ER Cap","80mg","2012-04-16","","Methylphenidate Hydrochloride","Stimulant- ADHD and narcolepsy","",NA
2282941,"Teva-Fentanyl","TEV","Trans Patch","25mcg/hr","2014-04-30","","Fentanyl","Opioid- chronic severe pain, usually end-stage pain","Not for use in opioid naïve patients",NA
2282968,"Teva-Fentanyl","TEV","Trans Patch","50mcg/hr","2014-04-30","","Fentanyl","Opioid- chronic severe pain, usually end-stage pain","Not for use in opioid naïve patients",NA
2282976,"Teva-Fentanyl","TEV","Trans Patch","75mcg/hr","2014-04-30","","Fentanyl","Opioid- chronic severe pain, usually end-stage pain","Not for use in opioid naïve patients",NA
2282984,"Teva-Fentanyl","TEV","Trans Patch","100mcg/hr","2014-04-30","","Fentanyl","Opioid- chronic severe pain, usually end-stage pain","Not for use in opioid naïve patients",NA
2285037,"Teva-Oxycodone CR","TEV","ER Tab","10mg","2012-11-27","","Oxycodone hydrochloride","Opioid- long term pain relief","Cancelled pre-market",NA
2285045,"Teva-Oxycodone CR","TEV","ER Tab","20mg","2012-11-27","","Oxycodone hydrochloride","Opioid- long term pain relief","Cancelled pre-market",NA
2286424,"Zytram XL","PFP","ER Tab","150mg","2012-04-16","","Tramadol hydrochloride","Opioid- long term moderate pain relief","",NA
2286432,"Zytram XL","PFP","ER Tab","200mg","2012-04-16","","Tramadol hydrochloride","Opioid- long term moderate pain relief","",NA
2286440,"Zytram XL","PFP","ER Tab","300mg","2012-04-16","","Tramadol hydrochloride","Opioid- long term moderate pain relief","",NA
2286459,"Zytram XL","PFP","ER Tab","400mg","2012-04-16","","Tramadol hydrochloride","Opioid- long term moderate pain relief","",NA
2291266,"Teva-Oxycodone CR","TEV","ER Tab","40mg","2012-11-27","","Oxycodone hydrochloride","Opioid- long term pain relief","Cancelled pre-market",NA
2291274,"Teva-Oxycodone CR","TEV","ER Tab","80mg","2012-11-27","","Oxycodone hydrochloride","Opioid- long term pain relief","Cancelled pre-market",NA
2296381,"Tridural","LAB","ER Tab","100mg","2012-04-16","","Tramadol hydrochloride","Opioid- long term moderate pain relief","",NA
2296403,"Tridural","LAB","ER Tab","200mg","2012-04-16","","Tramadol hydrochloride","Opioid- long term moderate pain relief","",NA
2296411,"Tridural","LAB","ER Tab","300mg","2012-04-16","","Tramadol hydrochloride","Opioid- long term moderate pain relief","",NA
2297957,"Phl-Temazepam","PHE","Cap","15mg","2012-04-16","","Temazepam","BZD- insomnia ","",NA
2297965,"Phl-Temazepam","PHE","Cap","30mg","2012-04-16","","Temazepam","BZD- insomnia ","",NA
2298201,"Phl-Lorazepam","PHE","Tab","0.5mg","2012-04-16","","lorazepam","BZD- Anxiety disorder","",NA
2298228,"Phl-Lorazepam","PHE","Tab","1mg","2012-04-16","","lorazepam","BZD- Anxiety disorder","cancelled post-market but on the same day as original market date",NA
2298236,"Phl-Lorazepam","PHE","Tab","2mg","2012-04-16","","lorazepam","BZD- Anxiety disorder","cancelled post-market but on the same day as original market date",NA
2299194,"Ralivia","VAL","ER Tab","100mg","2012-04-16","","Tramadol hydrochloride","Opioid- long term moderate pain relief","",NA
2299208,"Ralivia","VAL","ER Tab","200mg","2012-04-16","","Tramadol hydrochloride","Opioid- long term moderate pain relief","",NA
2299216,"Ralivia","VAL","ER Tab","300mg","2012-04-16","","Tramadol hydrochloride","Opioid- long term moderate pain relief","",NA
2302764,"Novo-Morphine SR","NOP","SR Tab","15mg","2012-04-16","","Morphine sulfate","opioid- long term severe pain. Mostly perscribed for palliative care","",NA
2302772,"Novo-Morphine SR","NOP","SR Tab","30mg","2012-04-16","","Morphine sulfate","opioid- long term severe pain. Mostly perscribed for palliative care","",NA
2302780,"Novo-Morphine SR","NOP","SR Tab","60mg","2012-04-16","","Morphine sulfate","opioid- long term severe pain. Mostly perscribed for palliative care","",NA
2302799,"Novo-Morphine SR","NOP","SR Tab","100mg","2012-04-16","","Morphine sulfate","opioid- long term severe pain. Mostly perscribed for palliative care","",NA
2302802,"Novo-Morphine SR","NOP","SR Tab","200mg","2012-04-16","","Morphine sulfate","opioid- long term severe pain. Mostly perscribed for palliative care","",NA
2303299,"AC&C Tablets","PEN","Tab","8mg","2012-04-16","","Acetaminophen + Codeine phosphate","Opioid- antitussive, antipyretic and analgesic. Behind the counter (no perscription)","",NA
2303329,"Zym-Clonazepam","ZYN","Tab","1mg","2012-04-16","","Clonazepam","BZD- SEIZURE DISORDER + panic and anxiety disorder","",NA
2303337,"Zym-Clonazepam","ZYN","Tab","2mg","2012-04-16","","Clonazepam","BZD- SEIZURE DISORDER + panic and anxiety disorder","",NA
2306530,"Apo-Oxycodone CR","APX","ER Tab","40mg","2012-11-27","","Oxycodone hydrochloride","Opioid- long term moderate to severe pain relief (controlled release)","",NA
2307898,"Sandoz Oxycodone/Acetaminophen","SDZ","Tab","5mg & 325mg","2012-04-16","","Oxycodone hydrochloride","Opioid- long term moderate to severe pain relief (controlled release)","Dormant- there is more than 12 months of records indicating no sales in canada",NA
2309882,"PMS-Oxycodone CR","PMS","ER Tab","10mg","2012-11-27","","Oxycodone hydrochloride","Opioid- long term moderate to severe pain relief (controlled release)","",NA
2309890,"PMS-Oxycodone CR","PMS","ER Tab","20mg","2012-11-27","","Oxycodone hydrochloride","Opioid- long term moderate to severe pain relief (controlled release)","",NA
2309904,"PMS-Oxycodone CR","PMS","ER Tab","40mg","2012-11-27","","Oxycodone hydrochloride","Opioid- long term moderate to severe pain relief (controlled release)","",NA
2309912,"PMS-Oxycodone CR","PMS","ER Tab","80mg","2012-11-27","","Oxycodone hydrochloride","Opioid- long term moderate to severe pain relief (controlled release)","",NA
2311593,"Pro-Clonazepam","PRD","Tab","0.5mg","2012-04-16","","Clonazepam","BZD- SEIZURE DISORDER + panic and anxiety disorder","",NA
2311607,"Pro-Clonazepam","PRD","Tab","1mg","2012-04-16","","Clonazepam","BZD- SEIZURE DISORDER + panic and anxiety disorder","",NA
2311615,"Pro-Clonazepam","PRD","Tab","2mg","2012-04-16","","Clonazepam","BZD- SEIZURE DISORDER + panic and anxiety disorder","",NA
2311925,"Teva-Fentanyl","TEV","Trans Patch","12mcg/hr","2014-04-30","","Fentanyl","Opioid- chronic severe pain, usually end-stage pain","Not for use in opioid naïve patients",NA
2314630,"Apo-Fentanyl Matrix","APX","Trans Patch","25mcg/hr","2012-04-16","","Fentanyl","Opioid- chronic severe pain, usually end-stage pain","Not for use in opioid naïve patients",NA
2314649,"Apo-Fentanyl Matrix","APX","Trans Patch","50mcg/hr","2012-04-16","","Fentanyl","Opioid- chronic severe pain, usually end-stage pain","Not for use in opioid naïve patients",NA
2314657,"Apo-Fentanyl Matrix","APX","Trans Patch","75mcg/hr","2012-04-16","","Fentanyl","Opioid- chronic severe pain, usually end-stage pain","Not for use in opioid naïve patients",NA
2314665,"Apo-Fentanyl Matrix","APX","Trans Patch","100mcg/hr","2012-04-16","","Fentanyl","Opioid- chronic severe pain, usually end-stage pain","Not for use in opioid naïve patients",NA
2315068,"Novo-Methylphenidate ER-C","NOP","SR Tab","18mg","2012-04-16","","Methylphenidate Hydrochloride","Stimulant- exended release and controlled delivery for ADHD and sometimes narcolepsy","",NA
2315076,"Novo-Methylphenidate ER-C","NOP","SR Tab","27mg","2012-04-16","","Methylphenidate Hydrochloride","Stimulant- exended release and controlled delivery for ADHD and sometimes narcolepsy","",NA
2315084,"Novo-Methylphenidate ER-C","NOP","SR Tab","36mg","2012-04-16","","Methylphenidate Hydrochloride","Stimulant- exended release and controlled delivery for ADHD and sometimes narcolepsy","",NA
2315092,"Novo-Methylphenidate ER-C","NOP","SR Tab","54mg","2012-04-16","","Methylphenidate Hydrochloride","Stimulant- exended release and controlled delivery for ADHD and sometimes narcolepsy","",NA
2319403,"Teva-Hydromorphone","TEV","Tab","1mg","2012-04-16","","Hydromorphone hydrochloride","Opioid- chronic severe pain and cancer pain","",NA
2319411,"Teva-Hydromorphone","TEV","Tab","2mg","2012-04-16","","Hydromorphone hydrochloride","Opioid- chronic severe pain and cancer pain","",NA
2319438,"Teva-Hydromorphone","TEV","Tab","4mg","2012-04-16","","Hydromorphone hydrochloride","Opioid- chronic severe pain and cancer pain","",NA
2319446,"Teva-Hydromorphone","TEV","Tab","8mg","2012-04-16","","Hydromorphone hydrochloride","Opioid- chronic severe pain and cancer pain","",NA
2319977,"PMS-Oxycodone","PMS","Tab","5mg","2012-04-16","","Oxycodone hydrochloride","Opioid- post-operative pain and long-term pain relief","",NA
2319985,"PMS-Oxycodone","PMS","Tab","10mg","2012-04-16","","Oxycodone hydrochloride","Opioid- post-operative pain and long-term pain relief","",NA
2319993,"PMS-Oxycodone","PMS","Tab","20mg","2012-04-16","","Oxycodone hydrochloride","Opioid- post-operative pain and long-term pain relief","",NA
2320312,"Sandoz Methylphenidate SR","SDZ","ER Tab","20mg","2012-04-16","","Methylphenidate Hydrochloride","Stimulant- Sustained release for ADHD and sometimes narcolepsy","",NA
2320398,"M-Eslon IR","ETH","Cap","5mg","2017-03-28","","Morphine sulfate","Opioid- short-acting moderate to severe pain for post-operative reasons but also palliative care ","",NA
2320428,"M-Eslon IR","ETH","Cap","10mg","2017-03-28","","Morphine sulfate","Opioid- short-acting moderate to severe pain for post-operative reasons but also palliative care ","",NA
2320436,"M-Eslon IR","ETH","Cap","20mg","2017-06-30","","Morphine sulfate","Opioid- short-acting moderate to severe pain for post-operative reasons but also palliative care ","",NA
2323192,"Oxycontin","PFP","ER Tab","15mg","2012-04-16","","Oxycodone hydrochloride","Opioid- long term pain relief (high overodse risk)","",NA
2323206,"Oxycontin","PFP","ER Tab","30mg","2012-04-16","","Oxycodone hydrochloride","Opioid- long term pain relief (high overodse risk)","",NA
2323214,"Oxycontin","PFP","ER Tab","60mg","2012-04-16","","Oxycodone hydrochloride","Opioid- long term pain relief (high overodse risk)","",NA
2324253,"PMS-Hydrocodone","PMS","O/L","1mg/mL","2012-04-16","","Hydrocodone","Opioid- long term pain relief (high overodse risk)","",NA
2324628,"Apo-Oxycodone/Acet","APX","Tab","5mg & 325mg","2012-04-16","","Oxycodone hydrochloride +acetaminophen","Opioid- antitussive, antipyretic and short-term analgesic. ","",NA
2325950,"Oxycodone","PRD","Tab","5mg","2012-04-16","","Oxycodone hydrochloride","Opioid- post-operative pain and long-term pain relief","",NA
2325969,"Oxycodone","PRD","Tab","10mg","2012-04-16","","Oxycodone hydrochloride","Opioid- post-operative pain and long-term pain relief","",NA
2325977,"Oxycodone","PRD","Tab","20mg","2012-04-16","","Oxycodone hydrochloride","Opioid- post-operative pain and long-term pain relief","",NA
2326221,"Methylphenidate","PRD","Tab","5mg","2012-04-16","","Methylphenidate Hydrochloride","Stimulant- ADHD medication and sometimes used for narcolepsy","",NA
2326248,"Methylphenidate","PRD","Tab","10mg","2012-04-16","","Methylphenidate Hydrochloride","Stimulant- ADHD medication and sometimes used for narcolepsy","",NA
2326256,"Methylphenidate","PRD","Tab","20mg","2012-04-16","","Methylphenidate Hydrochloride","Stimulant- ADHD medication and sometimes used for narcolepsy","",NA
2326264,"Sandoz Oxycodone CR","SDZ","ER Tab","10mg","2012-11-27","","Oxycodone hydrochloride","Opioid- post-operative pain and long-term pain relief","",NA
2326272,"Sandoz Oxycodone CR","SDZ","ER Tab","20mg","2012-11-27","","Oxycodone hydrochloride","Opioid- post-operative pain and long-term pain relief","",NA
2326280,"Sandoz Oxycodone CR","SDZ","ER Tab","40mg","2012-11-27","","Oxycodone hydrochloride","Opioid- post-operative pain and long-term pain relief","",NA
2326299,"Sandoz Oxycodone CR","SDZ","ER Tab","80mg","2012-11-27","","Oxycodone hydrochloride","Opioid- post-operative pain and long-term pain relief","",NA
2327112,"Sandoz Fentanyl Patch","SDZ","Trans Patch","12mcg/hr","2012-04-16","","Fentanyl","Opioid- post-operative pain and long-term pain relief","",NA
2327120,"Sandoz Fentanyl Patch","SDZ","Trans Patch","25mcg/hr","2012-04-16","","Fentanyl","Opioid- chronic severe pain, usually end-stage pain","Not for use in opioid naïve patients",NA
2327139,"Sandoz Fentanyl Patch","SDZ","Trans Patch","37mcg/hr","2012-04-16","","Fentanyl","Opioid- chronic severe pain, usually end-stage pain","Not for use in opioid naïve patients",NA
2327147,"Sandoz Fentanyl Patch","SDZ","Trans Patch","50mcg/hr","2012-04-16","","Fentanyl","Opioid- chronic severe pain, usually end-stage pain","Not for use in opioid naïve patients",NA
2327155,"Sandoz Fentanyl Patch","SDZ","Trans Patch","75mcg/hr","2012-04-16","","Fentanyl","Opioid- chronic severe pain, usually end-stage pain","Not for use in opioid naïve patients",NA
2327163,"Sandoz Fentanyl Patch","SDZ","Trans Patch","100mcg/hr","2012-04-16","","Fentanyl","Opioid- chronic severe pain, usually end-stage pain","Not for use in opioid naïve patients",NA
2330377,"Apo-Methylphenidate ER","APX","SR Tab","54mg","2016-09-23","","Methylphenidate Hydrochloride","Stimulant- ADHD medication and sometimes used for narcolepsy","",NA
2334186,"Duragesic Mat","JAN","Trans Patch","12mcg/hr","2012-04-16","","Fentanyl","Opioid- chronic severe pain, usually end-stage pain","Not for use in opioid naïve patients",NA
2336790,"Apo-Tramadol/Acet","APX","Tab","37.5mg & 325mg","2012-04-16","","Tramadol hydrochloride","Opioid- post-operative pain and muscoskeletal injuries (short-term)","",NA
2337266,"Jurnista","JAN","ER Tab","4mg","2012-04-16","","Hydromorphone hydrochloride","Opioid- moderate to severe chronic pain management","",NA
2337274,"Jurnista","JAN","ER Tab","8mg","2012-04-16","","Hydromorphone hydrochloride","Opioid- moderate to severe chronic pain management","",NA
2337282,"Jurnista","JAN","ER Tab","16mg","2012-04-16","","Hydromorphone hydrochloride","Opioid- moderate to severe chronic pain management","",NA
2337290,"Jurnista","JAN","ER Tab","32mg","2012-04-16","","Hydromorphone hydrochloride","Opioid- moderate to severe chronic pain management","",NA
2339609,"Targin","PFP","ER Tab","10mg","2012-04-16","","Oxycodone hydrochloride+ naloxone hydrochloride","Opioid- moderate to severe chronic pain management (non-cancer pain)","",NA
2339617,"Targin","PFP","ER Tab","20mg","2012-04-16","","Oxycodone hydrochloride+ naloxone hydrochloride","Opioid- moderate to severe chronic pain management (non-cancer pain)","",NA
2339625,"Targin","PFP","ER Tab","40mg","2012-04-16","","Oxycodone hydrochloride+ naloxone hydrochloride","Opioid- moderate to severe chronic pain management (non-cancer pain)","",NA
2341034,"Riva-Oxycodone CR","RIA","ER Tab","10mg","2012-11-27","","Oxycodone hydrochloride","Opioid- chronic severe pain and cancer pain. Also used for palliative reasons","",NA
2341042,"Riva-Oxycodone CR","RIA","ER Tab","20mg","2012-11-27","","Oxycodone hydrochloride","Opioid- chronic severe pain and cancer pain. Also used for palliative reasons","",NA
2341050,"Riva-Oxycodone CR","RIA","ER Tab","40mg","2012-11-27","","Oxycodone hydrochloride","Opioid- chronic severe pain and cancer pain. Also used for palliative reasons","",NA
2341069,"Riva-Oxycodone CR","RIA","ER Tab","80mg","2012-11-27","","Oxycodone hydrochloride","Opioid- chronic severe pain and cancer pain. Also used for palliative reasons","",NA
2341174,"Butrans 5","PFP","Trans Patch","5mcg/hr","2012-04-16","","Buprenorphine","Opioid- moderate to severe chronic pain management (non-cancer pain)","",NA
2341212,"Butrans 10","PFP","Trans Patch","10mcg/hr","2012-04-16","","Buprenorphine","Opioid- moderate to severe chronic pain management (non-cancer pain)","",NA
2341220,"Butrans 20","PFP","Trans Patch","20mcg/hr","2012-04-16","","Buprenorphine","Opioid- moderate to severe chronic pain management (non-cancer pain)","",NA
2341379,"PMS-Fentanyl MTX","PMS","Trans Patch","12mcg/hr","2012-04-16","","Fentanyl","Opioid- chronic severe pain, usually end-stage pain","Not for use in opioid naïve patients",NA
2341387,"PMS-Fentanyl MTX","PMS","Trans Patch","25mcg/hr","2012-04-16","","Fentanyl","Opioid- chronic severe pain, usually end-stage pain","Not for use in opioid naïve patients",NA
2341395,"PMS-Fentanyl MTX","PMS","Trans Patch","50mcg/hr","2012-04-16","","Fentanyl","Opioid- chronic severe pain, usually end-stage pain","Not for use in opioid naïve patients",NA
2341409,"PMS-Fentanyl MTX","PMS","Trans Patch","75mcg/hr","2012-04-16","","Fentanyl","Opioid- chronic severe pain, usually end-stage pain","Not for use in opioid naïve patients",NA
2341417,"PMS-Fentanyl MTX","PMS","Trans Patch","100mcg/hr","2012-04-16","","Fentanyl","Opioid- chronic severe pain, usually end-stage pain","Not for use in opioid naïve patients",NA
2344602,"Clonazepam","MEL","Tab","1mg","2012-04-16","","Clonazepam","BZD- SEIZURE DISORDER + panic and anxiety disorder","",NA
2344610,"Clonazepam","MEL","Tab","2mg","2012-04-16","","Clonazepam","BZD- SEIZURE DISORDER + panic and anxiety disorder","",NA
2344629,"Clonazepam-R","MEL","Tab","0.5mg","2012-04-16","","Clonazepam","BZD","",NA
2345676,"Zym-Clonazepam","ZYN","Tab","0.5mg","2012-04-16","","Clonazepam","BZD","",NA
2347156,"Vyvanse","SHI","Cap","20mg","2012-04-16","","Dexytroamphetamine","Stimulant- ADHD and binge eating disorder (low abuse potential)","",NA
2347164,"Vyvanse","SHI","Cap","40mg","2012-04-16","","Dexytroamphetamine","Stimulant- ADHD and binge eating disorder (low abuse potential)","",NA
2347172,"Vyvanse","SHI","Cap","60mg","2012-04-16","","Dexytroamphetamine","Stimulant- ADHD and binge eating disorder (low abuse potential)","",NA
2347180,"Teva-Tramadol/Acetaminophen","TEV","Tab","37.5mg & 325mg","2012-10-01","","Tramadol hydrochloride","Opioid- post-operative pain and muscoskeletal injuries (short-term)","",NA
2347733,"NTP-Lorazepam","NTP","Tab","0.5mg","2012-11-02","","Lorazepam","BZD- genralized anxiety and insomnia (lower potency than alprazolam)","",NA
2347741,"NTP-Lorazepam","NTP","Tab","1mg","2012-11-02","","Lorazepam","BZD- genralized anxiety and insomnia (lower potency than alprazolam)","",NA
2347768,"NTP-Lorazepam","NTP","Tab","2mg","2012-11-02","","Lorazepam","BZD- genralized anxiety and insomnia (lower potency than alprazolam)","",NA
2349191,"Alprazolam","SAI","Tab","0.25mg","2012-11-29","","Alprazolam","BZD- genralized anxiety and panic disorder (more potent)","",NA
2349205,"Alprazolam","SAI","Tab","0.5mg","2012-11-29","","Alprazolam","BZD- genralized anxiety and panic disorder (more potent)","",NA
2349469,"Ultram","JAN","Tab","50mg","2012-04-16","","Tramadol hydrochloride","Opioid- post-operative pain and muscoskeletal injuries (short-term)","",NA
2350661,"Onsolis","VAL","Buccal Soluble Fil","200mcg","2012-04-16","","Fentanyl","Opioid -management of breakthrough pain in cancer patients","",NA
2350688,"Onsolis","VAL","Buccal Soluble Fil","400mcg","2012-04-16","","Fentanyl","Opioid -management of breakthrough pain in cancer patients","",NA
2350696,"Onsolis","VAL","Buccal Soluble Fil","600mcg","2012-04-16","","Fentanyl","Opioid -management of breakthrough pain in cancer patients","",NA
2350718,"Onsolis","VAL","Buccal Soluble Fil","800mcg","2012-04-16","","Fentanyl","Opioid -management of breakthrough pain in cancer patients","",NA
2350726,"Onsolis","VAL","Buccal Soluble Fil","1200mcg","2012-04-16","","Fentanyl","Opioid -management of breakthrough pain in cancer patients","",NA
2350815,"Morphine SR","SAI","ER Tab","15mg","2012-11-29","","Morphine sulfate","Opioid - long term pain relief (sustained release)","",NA
2350890,"Morphine SR","SAI","ER Tab","30mg","2012-11-29","","Morphine sulfate","Opioid - long term pain relief (sustained release)","",NA
2350912,"Morphine SR","SAI","ER Tab","60mg","2012-11-29","","Morphine sulfate","Opioid - long term pain relief (sustained release)","",NA
2350920,"Morphine SR","SAI","ER Tab","100mg","2012-11-29","","Morphine sulfate","Opioid - long term pain relief (sustained release)","",NA
2350947,"Morphine SR","SAI","ER Tab","200mg","2012-11-29","","Morphine sulfate","Opioid - long term pain relief (sustained release)","",NA
2351072,"Lorazepam","SAI","Tab","0.5mg","2012-11-29","","Lorazepam","BZD- genralized anxiety and insomnia (lower potency than alprazolam)","",NA
2351080,"Lorazepam","SAI","Tab","1mg","2012-11-29","","Lorazepam","BZD- genralized anxiety and insomnia (lower potency than alprazolam)","",NA
2351099,"Lorazepam","SAI","Tab","2mg","2012-11-29","","Lorazepam","BZD- genralized anxiety and insomnia (lower potency than alprazolam)","",NA
2359502,"Hydromorph Contin","PFP","CR Cap","4.5mg","2012-04-16","","Hydrormorphone hydrochloride","Opioid- long term pain relief for moderate to severe pain","",NA
2359510,"Hydromorph Contin","PFP","CR Cap","9mg","2012-04-16","","Hydrormorphone hydrochloride","Opioid- long term pain relief for moderate to severe pain","",NA
2360322,"Zytram XL","PFP","ER Tab","75mg","2012-04-16","","Tramadol hydrochloride","Opioid- long term pain relief for moderate to severe pain","",NA
2360349,"Zytram XL","PFP","ER Tab","100mg","2012-04-16","","Tramadol hydrochloride","Opioid- long term pain relief for moderate to severe pain","",NA
2360373,"Nucynta CR","JAN","ER Tab","50mg","2012-04-16","","Tapentadol","Opioid- long term pain relief for moderate to severe pain","",NA
2360381,"Nucynta CR","JAN","ER Tab","100mg","2012-04-16","","Tapentadol","Opioid- long term pain relief for moderate to severe pain","",NA
2360403,"Nucynta CR","JAN","ER Tab","150mg","2012-04-16","","Tapentadol","Opioid- long term pain relief for moderate to severe pain","",NA
2360411,"Nucynta CR","JAN","ER Tab","200mg","2012-04-16","","Tapentadol","Opioid- long term pain relief for moderate to severe pain","",NA
2360438,"Nucynta CR","JAN","ER Tab","250mg","2012-04-16","","Tapentadol","Opioid- long term pain relief for moderate to severe pain","",NA
2361361,"Oxycodone/Acet","SAI","Tab","5mg & 325mg","2012-11-29","","Oxycodone hydrochloride+acetaminophen","Opioid- short-term moderate to severe pain","",NA
2364115,"Apo-Hydromorphone","APX","Tab","1mg","2012-06-01","","Hydromorphone hydrochloride","Opioid- short-term moderate to severe pain","",NA
2364123,"Apo-Hydromorphone","APX","Tab","2mg","2012-06-01","","Hydromorphone hydrochloride","Opioid- short-term moderate to severe pain","",NA
2364131,"Apo-Hydromorphone","APX","Tab","4mg","2012-06-01","","Hydromorphone hydrochloride","Opioid- short-term moderate to severe pain","",NA
2364158,"Apo-Hydromorphone","APX","Tab","8mg","2012-06-01","","Hydromorphone hydrochloride","Opioid- short-term moderate to severe pain","",NA
2364174,"Abstral","PAL","SL Tab","100mcg","2012-04-16","","Fentanyl Citrate","Opioid- Severe breakthrough pain. Usually cancer pain in adults. Around the clock administration","Only for use in opioid-tolerant patients (60mg of morphine daily for 7+ days)",NA
2364182,"Abstral","PAL","SL Tab","200mcg","2012-04-16","","Fentanyl Citrate","Opioid- Severe breakthrough pain. Usually cancer pain in adults. Around the clock administration","Only for use in opioid-tolerant patients (60mg of morphine daily for 7+ days)",NA
2364190,"Abstral","PAL","SL Tab","300mcg","2012-04-16","","Fentanyl Citrate","Opioid- Severe breakthrough pain. Usually cancer pain in adults. Around the clock administration","Only for use in opioid-tolerant patients (60mg of morphine daily for 7+ days)",NA
2364204,"Abstral","PAL","SL Tab","400mcg","2012-04-16","","Fentanyl Citrate","Opioid- Severe breakthrough pain. Usually cancer pain in adults. Around the clock administration","Only for use in opioid-tolerant patients (60mg of morphine daily for 7+ days)",NA
2364212,"Abstral","PAL","SL Tab","600mcg","2012-04-16","","Fentanyl Citrate","Opioid- Severe breakthrough pain. Usually cancer pain in adults. Around the clock administration","Only for use in opioid-tolerant patients (60mg of morphine daily for 7+ days)",NA
2364220,"Abstral","PAL","SL Tab","800mcg","2012-04-16","","Fentanyl Citrate","Opioid- Severe breakthrough pain. Usually cancer pain in adults. Around the clock administration","Only for use in opioid-tolerant patients (60mg of morphine daily for 7+ days)",NA
2366746,"Apo-Oxycodone CR","APX","ER Tab","5mg","2012-11-27","","Oxycodone hydrochloride","Opioid- chronic severe pain and sometimes cancer pain. Also used for palliative reasons","",NA
2366754,"Apo-Oxycodone CR","APX","ER Tab","10mg","2012-11-27","","Oxycodone hydrochloride","Opioid- chronic severe pain and sometimes cancer pain. Also used for palliative reasons","",NA
2366762,"Apo-Oxycodone CR","APX","ER Tab","20mg","2012-11-27","","Oxycodone hydrochloride","Opioid- chronic severe pain and sometimes cancer pain. Also used for palliative reasons","",NA
2366789,"Apo-Oxycodone CR","APX","ER Tab","80mg","2012-11-27","","Oxycodone hydrochloride","Opioid- chronic severe pain and sometimes cancer pain. Also used for palliative reasons","",NA
2372525,"OxyNEO","PFP","CR Tab","10mg","2012-04-16","","Oxycodone hydrochloride","Opioid- chronic severe pain and sometimes cancer pain. Also used for palliative reasons","",NA
2372533,"OxyNEO","PFP","CR Tab","15mg","2012-04-16","","Oxycodone hydrochloride","Opioid- chronic severe pain and sometimes cancer pain. Also used for palliative reasons","",NA
2372541,"OxyNEO","PFP","CR Tab","30mg","2012-04-16","","Oxycodone hydrochloride","Opioid- chronic severe pain and sometimes cancer pain. Also used for palliative reasons","",NA
2372568,"OxyNEO","PFP","CR Tab","40mg","2012-04-16","","Oxycodone hydrochloride","Opioid- chronic severe pain and sometimes cancer pain. Also used for palliative reasons","",NA
2372576,"OxyNEO","PFP","CR Tab","60mg","2012-04-16","","Oxycodone hydrochloride","Opioid- chronic severe pain and sometimes cancer pain. Also used for palliative reasons","",NA
2372584,"OxyNEO","PFP","CR Tab","80mg","2012-04-16","","Oxycodone hydrochloride","Opioid- chronic severe pain and sometimes cancer pain. Also used for palliative reasons","",NA
2372797,"OxyNEO","PFP","CR Tab","20mg","2012-04-16","","Oxycodone hydrochloride","Opioid- chronic severe pain and sometimes cancer pain. Also used for palliative reasons","",NA
2373017,"Durela","CIP","Cap","100mg","2012-05-24","","Tramadol hydrochloride","Opioid- long term pain relief for moderate to severe pain","",NA
2373025,"Durela","CIP","Cap","200mg","2012-05-24","","Tramadol hydrochloride","Opioid- long term pain relief for moderate to severe pain","",NA
2373033,"Durela","CIP","Cap","300mg","2012-05-24","","Tramadol hydrochloride","Opioid- long term pain relief for moderate to severe pain","",NA
2378272,"Nucynta IR","JAN","Tab","50mg","2012-05-10","","Tapentadol","Opioid- long term pain relief for moderate to severe breakthrough pain (administration in more frequent than controlled release formulations)","",NA
2378280,"Nucynta IR","JAN","Tab","75mg","2012-05-10","","Tapentadol","Opioid- long term pain relief for moderate to severe breakthrough pain (administration in more frequent than controlled release formulations)","",NA
2378299,"Nucynta IR","JAN","Tab","100mg","2012-05-10","","Tapentadol","Opioid- long term pain relief for moderate to severe breakthrough pain (administration in more frequent than controlled release formulations)","",NA
2382997,"Morphine Sulfate Injection SDZ ","SDZ","Inj Sol-1mL Amp Pk","10mg/mL","2015-07-31","","Morphine sulfate","Opioid- moderate to severe pain management (short-term, <7days)","Outpatient perscription is possible but usage guidelines indicate requirment of ""skilled administration"". There is no specific identification of what that means",NA
2383209,"Co Tramadol/Acet","COB","Tab","37.5mg & 325mg","2012-06-01","","Tramadol hydrochloride + acetaminophen","Opioid- short-term acute pain management (<5 days supply)","",NA
2386844,"Co Fentanyl Matrix Patch","COB","Trans Patch","12mcg/hr","2013-03-08","","Fentanyl","Opioid- chronic severe pain, usually end-stage pain","Not for use in opioid naïve patients",NA
2386852,"Co Fentanyl Matrix Patch","COB","Trans Patch","25mcg/hr","2013-03-08","","Fentanyl","Opioid- chronic severe pain, usually end-stage pain","Not for use in opioid naïve patients",NA
2386879,"Co Fentanyl Matrix Patch","COB","Trans Patch","50mcg/hr","2013-03-08","","Fentanyl","Opioid- chronic severe pain, usually end-stage pain","Not for use in opioid naïve patients",NA
2386887,"Co Fentanyl Matrix Patch","COB","Trans Patch","75mcg/hr","2013-03-08","","Fentanyl","Opioid- chronic severe pain, usually end-stage pain","Not for use in opioid naïve patients",NA
2386895,"Co Fentanyl Matrix Patch","COB","Trans Patch","100mcg/hr","2013-03-08","","Fentanyl","Opioid- chronic severe pain, usually end-stage pain","Not for use in opioid naïve patients",NA
2387425,"Targin","PFP","ER Tab","2.5mg & 5mg","2012-11-23","","Oxycodone hydrochloride+ naloxone hydrochloride","Opioid- moderate to severe chronic pain management (non-cancer pain)","",NA
2388197,"Ran-Tramadol/Acet","RAN","Tab","37.5mg & 325mg","2012-11-02","","Tramadol hydrochloride + acetaminophen","Opioid- short-term acute pain management (<5 days supply)","",NA
2388294,"Tramaphen-Odan","ODN","Tab","37.5mg & 325mg","2012-11-29","","Tramadol hydrochloride + acetaminophen","Opioid- short-term acute pain management (<5 days supply)","",NA
2388308,"Jamp-Acet-Tramadol","JPC","Tab","37.5mg & 325mg","2012-10-01","","Tramadol hydrochloride + acetaminophen","Opioid- short-term acute pain management (<5 days supply)","",NA
2388324,"Mar-Tramadol/Acet","MAR","Tab","37.5mg & 325mg","2012-10-01","","Tramadol hydrochloride + acetaminophen","Opioid- short-term acute pain management (<5 days supply)","",NA
2394170,"Co Oxycodone CR","COB","ER Tab","5mg","2012-11-27","","Oxycodone hydrochloride","Opioid- chronic severe pain and sometimes cancer pain. Also used for palliative reasons","",NA
2394189,"Co Oxycodone CR","COB","ER Tab","10mg","2012-11-27","","Oxycodone hydrochloride","Opioid- chronic severe pain and sometimes cancer pain. Also used for palliative reasons","",NA
2394197,"Co Oxycodone CR","COB","ER Tab","20mg","2012-11-27","","Oxycodone hydrochloride","Opioid- chronic severe pain and sometimes cancer pain. Also used for palliative reasons","",NA
2394200,"Co Oxycodone CR","COB","ER Tab","40mg","2012-11-27","","Oxycodone hydrochloride","Opioid- chronic severe pain and sometimes cancer pain. Also used for palliative reasons","",NA
2394219,"Co Oxycodone CR","COB","ER Tab","80mg","2012-11-27","","Oxycodone hydrochloride","Opioid- chronic severe pain and sometimes cancer pain. Also used for palliative reasons","",NA
2394766,"Apo-Oxycodone CR","APX","ER Tab","15mg","2012-11-27","","Oxycodone hydrochloride","Opioid- chronic severe pain and sometimes cancer pain. Also used for palliative reasons","",NA
2394774,"Apo-Oxycodone CR","APX","ER Tab","30mg","2012-11-27","","Oxycodone hydrochloride","Opioid- chronic severe pain and sometimes cancer pain. Also used for palliative reasons","",NA
2394782,"Apo-Oxycodone CR","APX","ER Tab","60mg","2012-11-27","","Oxycodone hydrochloride","Opioid- chronic severe pain and sometimes cancer pain. Also used for palliative reasons","",NA
2395665,"Fentanyl Patch ","PRD","Trans Patch","25mcg/hr","2015-07-31","","Fentanyl","Opioid- chronic severe pain, usually end-stage pain","Not for use in opioid naïve patients",NA
2395673,"Fentanyl Patch ","PRD","Trans Patch","50mcg/hr","2015-07-31","","Fentanyl","Opioid- chronic severe pain, usually end-stage pain","Not for use in opioid naïve patients",NA
2395681,"Fentanyl Patch ","PRD","Trans Patch","75mcg/hr","2015-07-31","","Fentanyl","Opioid- chronic severe pain, usually end-stage pain","Not for use in opioid naïve patients",NA
2395703,"Fentanyl Patch ","PRD","Trans Patch","100mcg/hr","2015-07-31","","Fentanyl","Opioid- chronic severe pain, usually end-stage pain","Not for use in opioid naïve patients",NA
2396696,"Mylan-Fentanyl Matrix Patch","MYL","Trans Patch","12mcg/hr","2013-03-08","","Fentanyl","Opioid- chronic severe pain, usually end-stage pain","Not for use in opioid naïve patients",NA
2396718,"Mylan-Fentanyl Matrix Patch","MYL","Trans Patch","25mcg/hr","2013-03-08","","Fentanyl","Opioid- chronic severe pain, usually end-stage pain","Not for use in opioid naïve patients",NA
2396726,"Mylan-Fentanyl Matrix Patch","MYL","Trans Patch","50mcg/hr","2013-03-08","","Fentanyl","Opioid- chronic severe pain, usually end-stage pain","Not for use in opioid naïve patients",NA
2396734,"Mylan-Fentanyl Matrix Patch","MYL","Trans Patch","75mcg/hr","2013-03-08","","Fentanyl","Opioid- chronic severe pain, usually end-stage pain","Not for use in opioid naïve patients",NA
2396742,"Mylan-Fentanyl Matrix Patch","MYL","Trans Patch","100mcg/hr","2013-03-08","","Fentanyl","Opioid- chronic severe pain, usually end-stage pain","Not for use in opioid naïve patients",NA
2397056,"Jamp-Alprazolam","JPC","Tab","1mg","2025-01-31","","Alprazolam","BZD- genralized anxiety and panic disorder (more potent) AND/OR agoraphobia","",NA
2397064,"Jamp-Alprazolam","JPC","Tab","2mg","2025-01-31","","Alprazolam","BZD- genralized anxiety and panic disorder (more potent) AND/OR agoraphobia","",NA
2397501,"Sandoz Oxycodone CR","SDZ","ER Tab","5mg","2012-11-27","","Oxycodone hydrochloride","Opioid- chronic severe pain and sometimes cancer pain. Also used for palliative reasons","",NA
2397536,"PMS-Oxycodone CR","PMS","ER Tab","5mg","2012-11-27","","Oxycodone hydrochloride","Opioid- chronic severe pain and sometimes cancer pain. Also used for palliative reasons","",NA
2397544,"PMS-Oxycodone CR","PMS","ER Tab","15mg","2012-11-27","","Oxycodone hydrochloride","Opioid- chronic severe pain and sometimes cancer pain. Also used for palliative reasons","",NA
2397552,"PMS-Oxycodone CR","PMS","ER Tab","30mg","2012-11-27","","Oxycodone hydrochloride","Opioid- chronic severe pain and sometimes cancer pain. Also used for palliative reasons","",NA
2397560,"PMS-Oxycodone CR","PMS","ER Tab","60mg","2012-11-27","","Oxycodone hydrochloride","Opioid- chronic severe pain and sometimes cancer pain. Also used for palliative reasons","",NA
2400111,"Jamp-Alprazolam","JPC","Tab","0.25mg","2013-05-13","","Alprazolam","BZD- genralized anxiety and panic disorder (more potent) AND/OR agoraphobia","",NA
2400138,"Jamp-Alprazolam","JPC","Tab","0.5mg","2013-05-13","","Alprazolam","BZD- genralized anxiety and panic disorder (more potent) AND/OR agoraphobia","",NA
2400146,"Jamp-Alprazolam","JPC","Tab","1mg","2014-02-27","","Alprazolam","BZD- genralized anxiety and panic disorder (more potent) AND/OR agoraphobia","",NA
2400154,"Jamp-Alprazolam","JPC","Tab","2mg","2014-02-27","","Alprazolam","BZD- genralized anxiety and panic disorder (more potent) AND/OR agoraphobia","",NA
2401657,"PMS-Tramadol-Acet","PMS","Tab","37.5mg & 325mg","2013-06-14","","Tramadol hydrochloride + acetaminophen","Opioid- short-term acute pain management (<5 days supply)","",NA
2404877,"Riva-Alprazolam ","RIA","Tab","0.25mg","2015-07-31","","Alprazolam","BZD- genralized anxiety and panic disorder (more potent) with/without agoraphobia","",NA
2404885,"Riva-Alprazolam ","RIA","Tab","0.5mg","2015-07-31","","Alprazolam","BZD- genralized anxiety and panic disorder (more potent) with/without agoraphobia","",NA
2404893,"Riva-Alprazolam ","RIA","Tab","1mg","2015-07-31","","Alprazolam","BZD- genralized anxiety and panic disorder (more potent) with/without agoraphobia","",NA
2404907,"Riva-Alprazolam ","RIA","Tab","2mg","2015-07-31","","Alprazolam","BZD- genralized anxiety and panic disorder (more potent) with/without agoraphobia","",NA
2408007,"Fentora","TEV","SL Tab","100mcg","2015-07-10","","Fentanyl Citrate","Opioid- Severe breakthrough pain. Usually cancer pain in adults. Around the clock administration","Only for use in opioid-tolerant patients (60mg of morphine daily for 7+ days)",NA
2408015,"Fentora","TEV","SL Tab","200mcg","2015-07-10","","Fentanyl Citrate","Opioid- Severe breakthrough pain. Usually cancer pain in adults. Around the clock administration","Only for use in opioid-tolerant patients (60mg of morphine daily for 7+ days)",NA
2408023,"Fentora","TEV","SL Tab","400mcg","2015-07-10","","Fentanyl Citrate","Opioid- Severe breakthrough pain. Usually cancer pain in adults. Around the clock administration","Only for use in opioid-tolerant patients (60mg of morphine daily for 7+ days)",NA
2408031,"Fentora","TEV","SL Tab","600mcg","2015-07-10","","Fentanyl Citrate","Opioid- Severe breakthrough pain. Usually cancer pain in adults. Around the clock administration","Only for use in opioid-tolerant patients (60mg of morphine daily for 7+ days)",NA
2408058,"Fentora","TEV","SL Tab","800mcg","2015-07-10","","Fentanyl Citrate","Opioid- Severe breakthrough pain. Usually cancer pain in adults. Around the clock administration","Only for use in opioid-tolerant patients (60mg of morphine daily for 7+ days)",NA
2408090,"Mylan-Buprenorphine/Naloxone","MYL","SL Tab","2mg & 0.5mg","2013-10-10","","Buprenorphine + Naloxone","Opioid- Mainly used for opioid use disorder","",NA
2408104,"Mylan-Buprenorphine/Naloxone","MYL","SL Tab","8mg & 2mg","2013-10-10","","Buprenorphine + Naloxone","Opioid- Mainly used for opioid use disorder","",NA
2410745,"Apo-Lorazepam Sublingual","APX","SL Tab","0.5mg","2013-10-10","","Lorazepam","BZD- genralized anxiety and insomnia (lower potency than alprazolam). May be used for acute anxiety attacks due to faster onset","",NA
2410753,"Apo-Lorazepam Sublingual","APX","SL Tab","1mg","2013-10-10","","Lorazepam","BZD- genralized anxiety and insomnia (lower potency than alprazolam). May be used for acute anxiety attacks due to faster onset","",NA
2410761,"Apo-Lorazepam Sublingual","APX","SL Tab","2mg","2013-10-10","","Lorazepam","BZD- genralized anxiety and insomnia (lower potency than alprazolam). May be used for acute anxiety attacks due to faster onset","",NA
2413728,"PMS-Methylphenidate ER","PMS","SR Tab","18mg","2014-04-30","","Methylphenidate Hydrochloride","Stimulant- ADHD medication and sometimes used for narcolepsy","",NA
2413736,"PMS-Methylphenidate ER","PMS","SR Tab","27mg","2014-04-30","","Methylphenidate Hydrochloride","Stimulant- ADHD medication and sometimes used for narcolepsy","",NA
2413744,"PMS-Methylphenidate ER","PMS","SR Tab","36mg","2014-04-30","","Methylphenidate Hydrochloride","Stimulant- ADHD medication and sometimes used for narcolepsy","",NA
2413752,"PMS-Methylphenidate ER","PMS","SR Tab","54mg","2014-04-30","","Methylphenidate Hydrochloride","Stimulant- ADHD medication and sometimes used for narcolepsy","",NA
2415577,"Nucynta ER","JAN","ER Tab","50mg","2014-05-02","","Tapentadol","Opioid- long term pain relief for moderate to severe pain","",NA
2415585,"Nucynta ER","JAN","ER Tab","100mg","2014-05-02","","Tapentadol","Opioid- long term pain relief for moderate to severe pain","",NA
2415593,"Nucynta ER","JAN","ER Tab","150mg","2014-05-02","","Tapentadol","Opioid- long term pain relief for moderate to severe pain","",NA
2415607,"Nucynta ER","JAN","ER Tab","200mg","2014-05-02","","Tapentadol","Opioid- long term pain relief for moderate to severe pain","",NA
2415615,"Nucynta ER","JAN","ER Tab","250mg","2014-05-02","","Tapentadol","Opioid- long term pain relief for moderate to severe pain","",NA
2417634,"Nat-Alprazolam","NAT","Tab","0.25mg","2015-10-29","","Alprazolam","BZD- genralized anxiety and panic disorder (more potent) with/without agoraphobia","",NA
2417642,"Nat-Alprazolam","NAT","Tab","0.5mg","2015-10-29","","Alprazolam","BZD- genralized anxiety and panic disorder (more potent) with/without agoraphobia","",NA
2417650,"Nat-Alprazolam","NAT","Tab","1mg","2015-10-29","","Alprazolam","BZD- genralized anxiety and panic disorder (more potent) with/without agoraphobia","",NA
2417669,"Nat-Alprazolam","NAT","Tab","2mg","2016-11-30","","Alprazolam","BZD- genralized anxiety and panic disorder (more potent) with/without agoraphobia","",NA
2424851,"Teva-Buprenorphine/Naloxone","TEV","SL Tab","2mg & 0.5mg","2015-02-26","","Buprenorphine + Naloxone","Opioid- Mainly used for opioid use disorder","",NA
2424878,"Teva-Buprenorphine/Naloxone","TEV","SL Tab","8mg & 2mg","2015-02-26","","Buprenorphine + Naloxone","Opioid- Mainly used for opioid use disorder","",NA
2425599,"Mylan-Tramadol/Acet","MYL","Tab","37.5mg & 325mg","2015-03-31","","Tramadol hydrochloride","Opioid- post-operative pain and muscoskeletal injuries (short-term)","",NA
2426153,"Apo-Tramadol","APX","Tab","50mg","2014-08-01","","Tramadol hydrochloride","Opioid- post-operative pain and muscoskeletal injuries (short-term)","",NA
2429810,"Lorazepam","SIV","Tab","1mg","2016-07-15","","Lorazepam","BZD- genralized anxiety and insomnia (lower potency than alprazolam). May be used for acute anxiety attacks due to faster onset","",NA
2429829,"Lorazepam","SIV","Tab","2mg","2016-07-15","","Lorazepam","BZD- genralized anxiety and insomnia (lower potency than alprazolam). May be used for acute anxiety attacks due to faster onset","",NA
2434601,"Jamp Alprazolam","JPC","Tab","0.25mg","2022-03-31","","Alprazolam","BZD- genralized anxiety and panic disorder (more potent) AND/OR agoraphobia","",NA
2434628,"Jamp Alprazolam","JPC","Tab","0.5mg","2022-03-31","","Alprazolam","BZD- genralized anxiety and panic disorder (more potent) AND/OR agoraphobia","",NA
2434636,"Jamp Alprazolam","JPC","Tab","1mg","2022-03-31","","Alprazolam","BZD- genralized anxiety and panic disorder (more potent) AND/OR agoraphobia","",NA
2434644,"Jamp Alprazolam","JPC","Tab","2mg","2022-03-31","","Alprazolam","BZD- genralized anxiety and panic disorder (more potent) AND/OR agoraphobia","",NA
2439239,"Act Amphetamine XR","ACV","ER Cap","5mg","2015-10-29","","Dextroamphetamine sulfate + dextroamphetamine saccharate+ amphetamine asparate monohydrate+amphetamine sulfate","Stimulant- ADHD","",NA
2439247,"Act Amphetamine XR","ACV","ER Cap","10mg","2015-10-29","","Dextroamphetamine sulfate + dextroamphetamine saccharate+ amphetamine asparate monohydrate+amphetamine sulfate","Stimulant- ADHD","",NA
2439255,"Act Amphetamine XR","ACV","ER Cap","15mg","2015-10-29","","Dextroamphetamine sulfate + dextroamphetamine saccharate+ amphetamine asparate monohydrate+amphetamine sulfate","Stimulant- ADHD","",NA
2439263,"Act Amphetamine XR","ACV","ER Cap","20mg","2015-10-29","","Dextroamphetamine sulfate + dextroamphetamine saccharate+ amphetamine asparate monohydrate+amphetamine sulfate","Stimulant- ADHD","",NA
2439271,"Act Amphetamine XR","ACV","ER Cap","25mg","2015-10-29","","Dextroamphetamine sulfate + dextroamphetamine saccharate+ amphetamine asparate monohydrate+amphetamine sulfate","Stimulant- ADHD","",NA
2439298,"Act Amphetamine XR","ACV","ER Cap","30mg","2015-10-29","","Dextroamphetamine sulfate + dextroamphetamine saccharate+ amphetamine asparate monohydrate+amphetamine sulfate","Stimulant- ADHD","",NA
2440369,"PMS-Amphetamines XR","PMS","ER Cap","5mg","2017-03-28","","Dextroamphetamine sulfate + dextroamphetamine saccharate+ amphetamine asparate monohydrate+amphetamine sulfate","Stimulant- ADHD","",NA
2440377,"PMS-Amphetamines XR","PMS","ER Cap","10mg","2017-03-28","","Dextroamphetamine sulfate + dextroamphetamine saccharate+ amphetamine asparate monohydrate+amphetamine sulfate","Stimulant- ADHD","",NA
2440385,"PMS-Amphetamines XR","PMS","ER Cap","15mg","2017-03-28","","Dextroamphetamine sulfate + dextroamphetamine saccharate+ amphetamine asparate monohydrate+amphetamine sulfate","Stimulant- ADHD","",NA
2440393,"PMS-Amphetamines XR","PMS","ER Cap","20mg","2017-03-28","","Dextroamphetamine sulfate + dextroamphetamine saccharate+ amphetamine asparate monohydrate+amphetamine sulfate","Stimulant- ADHD","",NA
2440407,"PMS-Amphetamines XR","PMS","ER Cap","25mg","2017-03-28","","Dextroamphetamine sulfate + dextroamphetamine saccharate+ amphetamine asparate monohydrate+amphetamine sulfate","Stimulant- ADHD","",NA
2440415,"PMS-Amphetamines XR","PMS","ER Cap","30mg","2017-03-28","","Dextroamphetamine sulfate + dextroamphetamine saccharate+ amphetamine asparate monohydrate+amphetamine sulfate","Stimulant- ADHD","",NA
2441934,"Act Methylphenidate ER","ACV","SR Tab","18mg","2018-04-30","","Methylphenidate Hydrochloride","Stimulant- ADHD medication and sometimes used for narcolepsy","",NA
2441942,"Act Methylphenidate ER","ACV","SR Tab","27mg","2018-04-30","","Methylphenidate Hydrochloride","Stimulant- ADHD medication and sometimes used for narcolepsy","",NA
2441950,"Act Methylphenidate ER","ACV","SR Tab","36mg","2018-04-30","","Methylphenidate Hydrochloride","Stimulant- ADHD medication and sometimes used for narcolepsy","",NA
2441969,"Act Methylphenidate ER","ACV","SR Tab","54mg","2018-04-30","","Methylphenidate Hydrochloride","Stimulant- ADHD medication and sometimes used for narcolepsy","",NA
2442027,"Clonazepam","SIV","Tab","0.25mg","2016-07-15","","clonazepam","BZD- acute treatment of panic diorder, epilepsy. Some off label uses include: resless leg sundrome, acute mania, insomnia, tarive dyskinesia","",NA
2442035,"Clonazepam","SIV","Tab","0.5mg","2016-07-15","","clonazepam","BZD- acute treatment of panic diorder, epilepsy. Some off label uses include: resless leg sundrome, acute mania, insomnia, tarive dyskinesia","",NA
2442043,"Clonazepam","SIV","Tab","1mg","2016-07-15","","clonazepam","BZD- acute treatment of panic diorder, epilepsy. Some off label uses include: resless leg sundrome, acute mania, insomnia, tarive dyskinesia","",NA
2442051,"Clonazepam","SIV","Tab","2mg","2016-07-15","","clonazepam","BZD- acute treatment of panic diorder, epilepsy. Some off label uses include: resless leg sundrome, acute mania, insomnia, tarive dyskinesia","",NA
2443236,"Apo-Dextroamphetamine","APX","Tab","5mg","2015-12-18","","Dextroamphetamine sulfate","Stimulant- ADHD medication and sometimes used for narcolepsy","",NA
2445492,"Apo-Amphetamine XR","APX","ER Cap","5mg","2019-07-31","","amphetamine salts","Stimulant- ADHD medication and sometimes used for narcolepsy","",NA
2445506,"Apo-Amphetamine XR","APX","ER Cap","10mg","2019-07-31","","amphetamine salts","Stimulant- ADHD medication and sometimes used for narcolepsy","",NA
2445514,"Apo-Amphetamine XR","APX","ER Cap","15mg","2019-07-31","","amphetamine salts","Stimulant- ADHD medication and sometimes used for narcolepsy","",NA
2445522,"Apo-Amphetamine XR","APX","ER Cap","20mg","2019-07-31","","amphetamine salts","Stimulant- ADHD medication and sometimes used for narcolepsy","",NA
2445530,"Apo-Amphetamine XR","APX","ER Cap","25mg","2019-07-31","","amphetamine salts","Stimulant- ADHD medication and sometimes used for narcolepsy","",NA
2445549,"Apo-Amphetamine XR","APX","ER Cap","30mg","2019-07-31","","amphetamine salts","Stimulant- ADHD medication and sometimes used for narcolepsy","",NA
2448319,"Act Dextroamphetamine SR","ACV","SR Cap","10mg","2018-04-30","","Dextroamphetamine sulfate","Stimulant- ADHD medication and sometimes used for narcolepsy","",NA
2448327,"Act Dextroamphetamine SR","ACV","SR Cap","15mg","2018-04-30","","Dextroamphetamine sulfate","Stimulant- ADHD medication and sometimes used for narcolepsy","",NA
2450429,"Taro-Tramadol ER","TAR","ER Tab","100mg","2016-04-01","","Tramadol hydrochloride","Opioid- long term pain relief for moderate to severe pain","",NA
2450437,"Taro-Tramadol ER","TAR","ER Tab","200mg","2016-04-01","","Tramadol hydrochloride","Opioid- long term pain relief for moderate to severe pain","",NA
2450445,"Taro-Tramadol ER","TAR","ER Tab","300mg","2016-04-01","","Tramadol hydrochloride","Opioid- long term pain relief for moderate to severe pain","",NA
2450771,"Butrans 15","PFP","Trans Patch","15mcg/hr","2016-07-15","","Buprenorphine","Opioid- moderate to severe chronic pain management (non-cancer pain)","",NA
2452731,"Apo-Methylphenidate ER","APX","SR Tab","18mg","2016-09-23","","Methylphenidate Hydrochloride","Stimulant- ADHD medication and sometimes used for narcolepsy","",NA
2452758,"Apo-Methylphenidate ER","APX","SR Tab","27mg","2016-09-23","","Methylphenidate Hydrochloride","Stimulant- ADHD medication and sometimes used for narcolepsy","",NA
2452766,"Apo-Methylphenidate ER","APX","SR Tab","36mg","2016-09-23","","Methylphenidate Hydrochloride","Stimulant- ADHD medication and sometimes used for narcolepsy","",NA
2453703,"Wampole-Acetaminophen/Codeine/Caffeine","JPC","Tab","300mg & 8mg & 15mg","10/30/2017","","Acetaminophen + Caffeine + Codeine phosphate","Opioid- short term mild pain management","",NA
2453800,"Bar-Morphine SR","BRD","SR Tab","15mg","2016-07-15","","Morphine sulfate","Opioid- long term pain relief for moderate to severe pain","",NA
2453827,"Bar-Morphine SR","BRD","SR Tab","30mg","2016-07-15","","Morphine sulfate","Opioid- long term pain relief for moderate to severe pain","",NA
2453843,"Bar-Morphine SR","BRD","SR Tab","60mg","2016-07-15","","Morphine sulfate","Opioid- long term pain relief for moderate to severe pain","",NA
2453851,"Bar-Morphine SR","BRD","SR Tab","100mg","2016-07-15","","Morphine sulfate","Opioid- long term pain relief for moderate to severe pain","",NA
2453878,"Bar-Morphine SR","BRD","SR Tab","200mg","2016-07-15","","Morphine sulfate","Opioid- long term pain relief for moderate to severe pain","",NA
2453908,"Act Buprenorphine/Naloxone","ACV","SL Tab","2mg & 0.5mg","2018-01-31","","Buprenorphine + Naloxone","Opioid- Mainly used for opioid use disorder","",NA
2453916,"Act Buprenorphine/Naloxone","ACV","SL Tab","8mg & 2mg","2018-01-31","","Buprenorphine + Naloxone","Opioid- Mainly used for opioid use disorder","",NA
2454440,"Apo-Fentanyl Matrix","APX","Trans Patch","12mcg/hr","2016-07-15","","","","",NA
2457288,"Sandoz Amphetamine XR","SDZ","ER Cap","5mg","2017-02-28","","amphetamine salts","Stimulant- ADHD medication and sometimes used for narcolepsy","",NA
2457296,"Sandoz Amphetamine XR","SDZ","ER Cap","10mg","2017-02-28","","amphetamine salts","Stimulant- ADHD medication and sometimes used for narcolepsy","",NA
2457318,"Sandoz Amphetamine XR","SDZ","ER Cap","15mg","2017-02-28","","amphetamine salts","Stimulant- ADHD medication and sometimes used for narcolepsy","",NA
2457326,"Sandoz Amphetamine XR","SDZ","ER Cap","20mg","2017-02-28","","amphetamine salts","Stimulant- ADHD medication and sometimes used for narcolepsy","",NA
2457334,"Sandoz Amphetamine XR","SDZ","ER Cap","25mg","2017-02-28","","amphetamine salts","Stimulant- ADHD medication and sometimes used for narcolepsy","",NA
2457342,"Sandoz Amphetamine XR","SDZ","ER Cap","30mg","2017-02-28","","amphetamine salts","Stimulant- ADHD medication and sometimes used for narcolepsy","",NA
2465221,"Belbuca","PFP","Soluble Film Foil Pk.","75mcg","2018-04-09","","Buprenorphine hydrochloride","Opioid- long term pain relief for moderate to severe pain","",NA
2465248,"Belbuca","PFP","Soluble Film Foil Pk.","150mcg","2018-04-13","","Buprenorphine hydrochloride","Opioid- long term pain relief for moderate to severe pain","",NA
2465256,"Belbuca","PFP","Soluble Film Foil Pk.","300mcg","2018-04-13","","Buprenorphine hydrochloride","Opioid- long term pain relief for moderate to severe pain","",NA
2465264,"Belbuca","PFP","Soluble Film Foil Pk.","450mcg","2018-04-13","","Buprenorphine hydrochloride","Opioid- long term pain relief for moderate to severe pain","",NA
2465272,"Belbuca","PFP","Soluble Film Foil Pk.","600mcg","2018-04-13","","Buprenorphine hydrochloride","Opioid- long term pain relief for moderate to severe pain","",NA
2465280,"Belbuca","PFP","Soluble Film Foil Pk.","750mcg","2018-04-13","","Buprenorphine hydrochloride","Opioid- long term pain relief for moderate to severe pain","",NA
2465299,"Belbuca","PFP","Soluble Film Foil Pk.","900mcg","2018-04-13","","Buprenorphine hydrochloride","Opioid- long term pain relief for moderate to severe pain","",NA
2468085,"Suboxone","IND","SL Tab","12mg & 3mg","2018-05-11","","Buprenorphine + Naloxone","Opioid- Mainly used for opioid use disorder","",NA
2468093,"Suboxone","IND","SL Tab","16mg & 4mg","2018-05-11","","Buprenorphine + Naloxone","Opioid- Mainly used for opioid use disorder","",NA
2469650,"NRA-Tramadol/ACET","NRA","Tab","37.5mg & 325mg ","2022-04-29","","Tramadol Hydrochloride + acetaminophen","Opioid- short-term acute pain management (<5 days supply)","",NA
2470292,"Foquest","PFP","CR Cap","25mg","2018-01-26","","Methylphenidate hydrochloride","Stimulant- adhd medication","",NA
2470306,"Foquest","PFP","CR Cap","35mg","2018-01-26","","Methylphenidate hydrochloride","Stimulant- adhd medication","",NA
2470314,"Foquest","PFP","CR Cap","45mg","2018-01-26","","Methylphenidate hydrochloride","Stimulant- adhd medication","",NA
2470322,"Foquest","PFP","CR Cap","55mg","2018-01-26","","Methylphenidate hydrochloride","Stimulant- adhd medication","",NA
2470330,"Foquest","PFP","CR Cap","70mg","2018-01-26","","Methylphenidate hydrochloride","Stimulant- adhd medication","",NA
2470349,"Foquest","PFP","CR Cap","85mg","2018-01-26","","Methylphenidate hydrochloride","Stimulant- adhd medication","",NA
2470357,"Foquest","PFP","CR Cap","100mg","2018-01-26","","Methylphenidate hydrochloride","Stimulant- adhd medication","",NA
2476614,"Apo-HYDROmorphone CR","APX","CR Cap","3mg","2018-11-29","","Hydromorphone hydrochloride","Opioid- long term pain relief for moderate to severe pain","",NA
2476622,"Apo-HYDROmorphone CR","APX","CR Cap","4.5mg","2018-11-29","","Hydromorphone hydrochloride","Opioid- long term pain relief for moderate to severe pain","",NA
2476630,"Apo-HYDROmorphone CR","APX","CR Cap","6mg","2018-11-29","","Hydromorphone hydrochloride","Opioid- long term pain relief for moderate to severe pain","",NA
2476649,"Apo-HYDROmorphone CR","APX","CR Cap","9mg","2018-11-29","","Hydromorphone hydrochloride","Opioid- long term pain relief for moderate to severe pain","",NA
2476657,"Apo-HYDROmorphone CR","APX","CR Cap","12mg","2018-12-21","","Hydromorphone hydrochloride","Opioid- long term pain relief for moderate to severe pain","",NA
2476665,"Apo-HYDROmorphone CR","APX","CR Cap","18mg","2018-11-29","","Hydromorphone hydrochloride","Opioid- long term pain relief for moderate to severe pain","",NA
2476673,"Apo-HYDROmorphone CR","APX","CR Cap","24mg","2018-11-29","","Hydromorphone hydrochloride","Opioid- long term pain relief for moderate to severe pain","",NA
2476681,"Apo-HYDROmorphone CR","APX","CR Cap","30mg","2018-11-29","","Hydromorphone hydrochloride","Opioid- long term pain relief for moderate to severe pain","",NA
2478889,"Sandoz Morphine SR","SDZ","SR Tab","100mg","2019-02-28","","Morphine sulfate","Opioid- long term pain relief for moderate to severe pain","",NA
2478897,"Sandoz Morphine SR","SDZ","SR Tab","200mg","2019-02-28","","Morphine sulfate","Opioid- long term pain relief for moderate to severe pain","",NA
2479672,"Auro-Tramadol","AUR","Tab","50mg","2019-06-28","","Tramadol hydrochloride","Opioid- long term pain relief for moderate to severe pain","",NA
2480859,"Mar-Tramadol","MAR","Tab","50mg","2019-09-30","","Tramadol hydrochloride","Opioid- long term pain relief for moderate to severe pain","",NA
2483084,"Sublocade","IND","ER Inj Sol-Pref Syr","100mg/0.5mL","2019-04-26","","Buprenorphine","Opioid- Mainly used for opioid use disorder","",NA
2483092,"Sublocade","IND","ER Inj Sol-Pref Syr","300mg/1.5mL","2019-04-26","","Buprenorphine","Opioid- Mainly used for opioid use disorder","",NA
2490226,"Vyvanse","SHI","Tab (Chewable)","10mg","2019-09-13","","liisdexamfetamine","Stimulant- adhd medication and binge eating disorder","",NA
2490234,"Vyvanse","SHI","Tab (Chewable)","20mg","2019-09-13","","liisdexamfetamine","Stimulant- adhd medication and binge eating disorder","",NA
2490242,"Vyvanse","SHI","Tab (Chewable)","30mg","2019-09-13","","liisdexamfetamine","Stimulant- adhd medication and binge eating disorder","",NA
2490250,"Vyvanse","SHI","Tab (Chewable)","40mg","2019-09-13","","liisdexamfetamine","Stimulant- adhd medication and binge eating disorder","",NA
2490269,"Vyvanse","SHI","Tab (Chewable)","50mg","2019-09-13","","liisdexamfetamine","Stimulant- adhd medication and binge eating disorder","",NA
2490277,"Vyvanse","SHI","Tab (Chewable)","60mg","2019-09-13","","liisdexamfetamine","Stimulant- adhd medication and binge eating disorder","",NA
2493764,"Sandoz Tramadol","SDZ","Tab","50mg","2021-02-12","","Tramadol hydrochloride","Opioid- long term pain relief for moderate to severe pain","",NA
2495783,"Jamp Methadone Oral Concentrate","JPC","Oral Concentrate (Unflavoured)","10mg/mL","2022-08-31","","methadone hydrochloride","Opioid-  opioid use disorder","",NA
2495872,"Odan-Methadone","ODN","Oral Concentrate (Cherry Flavour)","10mg/mL","2020-08-14","","methadone hydrochloride","Opioid-  opioid use disorder","",NA
2495880,"Odan-Methadone","ODN","Oral Concentrate (Unflavoured)","10mg/mL","2020-08-14","","methadone hydrochloride","Opioid-  opioid use disorder","",NA
2502313,"Suboxone","IND","Soluble Film","2mg & 0.5mg","2021-07-16","","Buprenorphine + Naloxone","Opioid- Mainly used for opioid use disorder","",NA
2502321,"Suboxone","IND","Soluble Film","4mg & 1mg","2021-07-16","","Buprenorphine + Naloxone","Opioid- Mainly used for opioid use disorder","",NA
2502348,"Suboxone","IND","Soluble Film","8mg & 2mg","2021-07-16","","Buprenorphine + Naloxone","Opioid- Mainly used for opioid use disorder","",NA
2502356,"Suboxone","IND","Soluble Film","12mg & 3mg","2021-05-31","","Buprenorphine + Naloxone","Opioid- Mainly used for opioid use disorder","",NA
2507005,"Jamp Tramadol","JPC","Tab","50mg","2021-05-31","","Tramadol hydrochloride","Opioid- long term pain relief for moderate to severe pain","",NA
2514435,"Hydromorphone Hydrochloride Injection USP","SDZ","Inj Sol","1mg/mL","2022-12-02","","","","",NA
2518759,"Jamp Tramadol HCl","JPC","Tab","50mg","2023-03-31","","Tramadol hydrochloride","Opioid- long term pain relief for moderate to severe pain","",NA
2519070,"Diastat","BHC","Rect Gel","10mg/2mL","2024-06-07","","Diazepam","BZD- management of selected, refractory, patients with epilepsy, stable regimens of AED","To be administered by caregivers",NA
2533340,"Taro-Lisdexamfetamine Chewable Tablets","TAR","Chew Tab","10mg","2024-07-31","","liisdexamfetamine","Stimulant- adhd medication and binge eating disorder","",NA
2533359,"Taro-Lisdexamfetamine Chewable Tablets","TAR","Chew Tab","20mg","2024-07-31","","liisdexamfetamine","Stimulant- adhd medication and binge eating disorder","",NA
2533367,"Taro-Lisdexamfetamine Chewable Tablets","TAR","Chew Tab","30mg","2024-07-31","","liisdexamfetamine","Stimulant- adhd medication and binge eating disorder","",NA
2533375,"Taro-Lisdexamfetamine Chewable Tablets","TAR","Chew Tab","40mg","2024-07-31","","liisdexamfetamine","Stimulant- adhd medication and binge eating disorder","",NA
2533383,"Taro-Lisdexamfetamine Chewable Tablets","TAR","Chew Tab","50mg","2024-07-31","","liisdexamfetamine","Stimulant- adhd medication and binge eating disorder","",NA
2533391,"Taro-Lisdexamfetamine Chewable Tablets","TAR","Chew Tab","60mg","2024-07-31","","liisdexamfetamine","Stimulant- adhd medication and binge eating disorder","",NA
2533642,"Apo-Methadone","APX","Tab","1mg","2024-04-30","","methadone hydrochloride","Opioid-  opioid use disorder","",NA
2533650,"Apo-Methadone","APX","Tab","5mg","2024-04-30","","methadone hydrochloride","Opioid-  opioid use disorder","",NA
2533669,"Apo-Methadone","APX","Tab","10mg","2024-04-30","","methadone hydrochloride","Opioid-  opioid use disorder","",NA
2533677,"Apo-Methadone","APX","Tab","25mg","2024-04-30","","methadone hydrochloride","Opioid-  opioid use disorder","",NA
2536943,"PMS-Methylphenidate CR","PMS","ER Cap","10mg ","2023-12-29","","Methylphenidate Hydrochloride","Stimulant- ADHD medication and sometimes used for narcolepsy","",NA
2536951,"PMS-Methylphenidate CR","PMS","ER Cap","15mg ","2023-12-29","","Methylphenidate Hydrochloride","Stimulant- ADHD medication and sometimes used for narcolepsy","",NA
2536978,"PMS-Methylphenidate CR","PMS","ER Cap","20mg ","2023-12-29","","Methylphenidate Hydrochloride","Stimulant- ADHD medication and sometimes used for narcolepsy","",NA
2536986,"PMS-Methylphenidate CR","PMS","ER Cap","30mg ","2023-12-29","","Methylphenidate Hydrochloride","Stimulant- ADHD medication and sometimes used for narcolepsy","",NA
2536994,"PMS-Methylphenidate CR","PMS","ER Cap","40mg ","2023-12-29","","Methylphenidate Hydrochloride","Stimulant- ADHD medication and sometimes used for narcolepsy","",NA
2537001,"PMS-Methylphenidate CR","PMS","ER Cap","50mg ","2023-12-29","","Methylphenidate Hydrochloride","Stimulant- ADHD medication and sometimes used for narcolepsy","",NA
2537028,"PMS-Methylphenidate CR","PMS","ER Cap","60mg","2023-12-29","","Methylphenidate Hydrochloride","Stimulant- ADHD medication and sometimes used for narcolepsy","",NA
2537036,"PMS-Methylphenidate CR","PMS","ER Cap","80mg ","2023-12-29","","Methylphenidate Hydrochloride","Stimulant- ADHD medication and sometimes used for narcolepsy","",NA
2541602,"Quillivant ER Chewable Tablets","KYE","ER Tab Chewable","20mg","2024-08-30","","Methylphenidate Hydrochloride","Stimulant- ADHD medication and sometimes used for narcolepsy","",NA
2541610,"Quillivant ER Chewable Tablets","KYE","ER Tab Chewable","30mg","2024-08-30","","Methylphenidate Hydrochloride","Stimulant- ADHD medication and sometimes used for narcolepsy","",NA
2541629,"Quillivant ER Chewable Tablets","KYE","ER Tab Chewable","40mg","2024-08-30","","Methylphenidate Hydrochloride","Stimulant- ADHD medication and sometimes used for narcolepsy","",NA
2541637,"Quillivant ER Oral Suspension","KYE","ER Pd for Sol","5mg/mL","2024-08-30","","Methylphenidate Hydrochloride","Stimulant- ADHD medication and sometimes used for narcolepsy","",NA
2545861,"Teva-Lisdexamfetamine","TEV","Cap","10mg","2024-07-31","","liisdexamfetamine","Stimulant- adhd medication and binge eating disorder","",NA
2545888,"Teva-Lisdexamfetamine","TEV","Cap","20mg","2024-07-31","","liisdexamfetamine","Stimulant- adhd medication and binge eating disorder","",NA
2545896,"Teva-Lisdexamfetamine","TEV","Cap","30mg","2024-07-31","","liisdexamfetamine","Stimulant- adhd medication and binge eating disorder","",NA
2545918,"Teva-Lisdexamfetamine","TEV","Cap","40mg","2024-07-31","","liisdexamfetamine","Stimulant- adhd medication and binge eating disorder","",NA
2545926,"Teva-Lisdexamfetamine","TEV","Cap","50mg","2024-07-31","","liisdexamfetamine","Stimulant- adhd medication and binge eating disorder","",NA
2545934,"Teva-Lisdexamfetamine","TEV","Cap","60mg","2024-07-31","","liisdexamfetamine","Stimulant- adhd medication and binge eating disorder","",NA
2545942,"Teva-Lisdexamfetamine","TEV","Cap","70mg","2024-07-31","","liisdexamfetamine","Stimulant- adhd medication and binge eating disorder","",NA
2546248,"Sandoz Lisdexamfetamine Capsules","SDZ","Cap","10mg","2024-07-31","","liisdexamfetamine","Stimulant- adhd medication and binge eating disorder","",NA
2546256,"Sandoz Lisdexamfetamine Capsules","SDZ","Cap","20mg","2024-07-31","","liisdexamfetamine","Stimulant- adhd medication and binge eating disorder","",NA
2546264,"Sandoz Lisdexamfetamine Capsules","SDZ","Cap","30mg","2024-10-31","","liisdexamfetamine","Stimulant- adhd medication and binge eating disorder","",NA
2546272,"Sandoz Lisdexamfetamine Capsules","SDZ","Cap","40mg","2024-07-31","","liisdexamfetamine","Stimulant- adhd medication and binge eating disorder","",NA
2546280,"Sandoz Lisdexamfetamine Capsules","SDZ","Cap","50mg","2024-07-31","","liisdexamfetamine","Stimulant- adhd medication and binge eating disorder","",NA
2546299,"Sandoz Lisdexamfetamine Capsules","SDZ","Cap","60mg","2024-07-31","","liisdexamfetamine","Stimulant- adhd medication and binge eating disorder","",NA
2546302,"Sandoz Lisdexamfetamine Capsules","SDZ","Cap","70mg","2024-07-31","","liisdexamfetamine","Stimulant- adhd medication and binge eating disorder","",NA
2546647,"Apo-Lisdexamfetamine Capsules","APX","Cap","10mg","2025-03-31","","liisdexamfetamine","Stimulant- adhd medication and binge eating disorder","",NA
2546655,"Apo-Lisdexamfetamine Capsules","APX","Cap","20mg","2025-03-31","","liisdexamfetamine","Stimulant- adhd medication and binge eating disorder","",NA
2546663,"Apo-Lisdexamfetamine Capsules","APX","Cap","30mg","2025-03-31","","liisdexamfetamine","Stimulant- adhd medication and binge eating disorder","",NA
2546671,"Apo-Lisdexamfetamine Capsules","APX","Cap","40mg","2025-03-31","","liisdexamfetamine","Stimulant- adhd medication and binge eating disorder","",NA
2546698,"Apo-Lisdexamfetamine Capsules","APX","Cap","50mg","2025-03-31","","liisdexamfetamine","Stimulant- adhd medication and binge eating disorder","",NA
2546701,"Apo-Lisdexamfetamine Capsules","APX","Cap","60mg","2025-03-31","","liisdexamfetamine","Stimulant- adhd medication and binge eating disorder","",NA
2546728,"Apo-Lisdexamfetamine Capsules","APX","Cap","70mg","2024-08-30","","liisdexamfetamine","Stimulant- adhd medication and binge eating disorder","",NA
2549794,"PMS-Morphine Sulfate","PMS","Tab","5mg","2024-09-27","","Morphine Sulfate","","",NA
2549808,"PMS-Morphine Sulfate","PMS","Tab","10mg","2024-09-27","","Morphine Sulfate","","",NA
2554615,"Apo-Butalbital-Acetylsalicylic Acid-Caffeine-Codeine-C 1/4","APX","Cap","50mg & 330mg & 40mg & 15mg","2025-03-31","","Butalbital + ASA+ Caffeine+codeine","Opioid- long term pain relief for moderate to severe pain","",NA
2554623,"Apo-Butalbital-Acetylsalicylic Acid-Caffeine-Codeine-C 1/2","APX","Cap","50mg & 330mg & 40mg & 30mg","2025-03-31","","Butalbital + ASA+ Caffeine+codeine","Opioid- long term pain relief for moderate to severe pain","",NA
9850619,"Methadone","XXX","O/L","","2012-04-16","","methadone hydrochloride","Opioid-  opioid use disorder","",NA
9851348,"Dilaudid in Normal Saline","ABB","O/L 500mL","50mg/mL","2012-04-16","","Hydromorphone hydrochloride","Opioid- long term pain relief for moderate to severe pain","Not for perscriptions in opioid-naïve patients",NA
9853340,"Diastat","VAL","Rect Gel-2x10mg Pk","5mg/mL","2012-06-01","","Diazepam","BZD- management of selected, refractory, patients with epilepsy, stable regimens of AED","To be administered by caregivers",NA
9853430,"Diastat","VAL","Rect Gel-2x15mg Pk","5mg/mL","2012-06-01","","Diazepam","BZD- management of selected, refractory, patients with epilepsy, stable regimens of AED","To be administered by caregivers",NA
9853472,"DILAUDID-XP INFU-PAC","KNO","Inj 2X50mL Pk","50mg/mL","2012-04-16","","","","",NA
9857217,"Metadol","PMS","Tab","1mg","2012-04-16","","Methadone Hydrochloride","Opioid- long term pain relief for moderate to severe pain","",NA
9857218,"Metadol","PMS","Tab","5mg","2012-04-16","","Methadone Hydrochloride","Opioid- long term pain relief for moderate to severe pain","",NA
9857219,"Metadol","PMS","Tab","10mg","2012-04-16","","Methadone Hydrochloride","Opioid- long term pain relief for moderate to severe pain","",NA
9857220,"Metadol","PMS","Tab","25mg","2012-04-16","","Methadone Hydrochloride","Opioid- long term pain relief for moderate to severe pain","",NA
9857221,"Metadol","PMS","O/L","1mg/mL","2012-04-16","","Methadone Hydrochloride","Opioid- long term pain relief for moderate to severe pain","",NA
9857223,"Metadol","PMS","O/L","10mg/mL","2012-04-16","","Methadone Hydrochloride","Opioid- long term pain relief for moderate to severe pain","",NA
9857226,"Sandoz Morphine","SDZ","Inj Sol Amp","2mg/mL","2012-04-16","","Morphine sulfate","Opioid- long term pain relief for moderate to severe pain","",NA
9857227,"Sandoz Morphine","SDZ","Inj Sol Amp","10mg/mL","2012-04-16","","Morphine sulfate","Opioid- long term pain relief for moderate to severe pain","",NA
9857232,"Supeudol","SDZ","Tab","5mg","2012-04-16","","Oxycodone hydrochloride","Opioid- long term pain relief (high overodse risk)","",NA
9857233,"Supeudol","SDZ","Tab","10mg","2012-04-16","","Oxycodone hydrochloride","Opioid- long term pain relief (high overodse risk)","",NA
9857234,"Supeudol","SDZ","Tab","20mg","2012-04-16","","Oxycodone hydrochloride","Opioid- long term pain relief (high overodse risk)","",NA
9857241,"Oxy.IR","PFP","Tab","10mg","2012-04-16","","Oxycodone hydrochloride","Opioid- mild to severe pain, fever, and inflammation","",NA
9857242,"Oxy.IR","PFP","Tab","20mg","2012-04-16","","Oxycodone hydrochloride","Opioid- mild to severe pain, fever, and inflammation","",NA
9857243,"Oxy.IR","PFP","Tab","5mg","2012-04-16","","Oxycodone hydrochloride","Opioid- mild to severe pain, fever, and inflammation","",NA
9857318,"PMS-Oxycodone","PMS","Tab","5mg","2012-04-16","","Oxycodone hydrochloride","Opioid- chronic severe pain and sometimes cancer pain. Also used for palliative reasons","",NA
9857319,"PMS-Oxycodone","PMS","Tab","10mg","2012-04-16","","Oxycodone hydrochloride","Opioid- chronic severe pain and sometimes cancer pain. Also used for palliative reasons","",NA
9857321,"PMS-Oxycodone","PMS","Tab","20mg","2012-04-16","","Oxycodone hydrochloride","Opioid- chronic severe pain and sometimes cancer pain. Also used for palliative reasons","",NA
9857408,"OxyNEO","PFP","CR Tab","10mg","2012-04-16","","Oxycodone hydrochloride","Opioid- chronic severe pain and sometimes cancer pain. Also used for palliative reasons","",NA
9857409,"OxyNEO","PFP","CR Tab","15mg","2012-04-16","","Oxycodone hydrochloride","Opioid- chronic severe pain and sometimes cancer pain. Also used for palliative reasons","",NA
9857410,"OxyNEO","PFP","CR Tab","20mg","2012-04-16","","Oxycodone hydrochloride","Opioid- chronic severe pain and sometimes cancer pain. Also used for palliative reasons","",NA
9857411,"OxyNEO","PFP","CR Tab","30mg","2012-04-16","","Oxycodone hydrochloride","Opioid- chronic severe pain and sometimes cancer pain. Also used for palliative reasons","",NA
9857412,"OxyNEO","PFP","CR Tab","40mg","2012-04-16","","Oxycodone hydrochloride","Opioid- chronic severe pain and sometimes cancer pain. Also used for palliative reasons","",NA
9857413,"OxyNEO","PFP","CR Tab","80mg","2012-04-16","","Oxycodone hydrochloride","Opioid- chronic severe pain and sometimes cancer pain. Also used for palliative reasons","",NA
9857539,"Subutex","IND","SL Tab","2mg","2016-02-12","","Buprenorphine","Opioid- treatment of use disorder","",NA
9857571,"MS Contin","PFP","SR Tab","200mg","2017-01-31","","Morphine sulfate","Opioid- long term pain relief for severe pain","",NA
9857572,"Novo-Morphine SR","NOP","SR Tab","200mg","2017-01-31","","Morphine sulfate","Opioid- long term pain relief for severe pain","",NA
9857573,"M-Eslon","ETH","ER Cap","200mg","2017-01-31","","Morphine sulfate","Opioid- long term pain relief for severe pain","",NA
9857574,"Hydromorph Contin","PFP","CR Cap","24mg","2017-01-31","","Hydromophone hydrochloride","Opioid-long-term releif of severe/ cancer pain","",NA
9857576,"Hydromorph Contin","PFP","CR Cap","30mg","2017-01-31","","Hydromophone hydrochloride","Opioid-long-term releif of severe/ cancer pain","",NA
9857577,"Apo-Fentanyl Matrix","APX","Trans Patch","75mcg/hr","2017-01-31","","Fentanyl Citrate","Opioid- chronic severe pain, usually end-stage pain","Not for use in opioid naïve patients",NA
9857578,"Co Fentanyl Matrix Patch","COB","Trans Patch","75mcg/hr","2017-01-31","","Fentanyl Citrate","Opioid- chronic severe pain, usually end-stage pain","Not for use in opioid naïve patients",NA
9857579,"Mylan-Fentanyl Matrix Patch","MYL","Trans Patch","75mcg/hr","2017-01-31","","Fentanyl Citrate","Opioid- chronic severe pain, usually end-stage pain","Not for use in opioid naïve patients",NA
9857580,"PMS-Fentanyl MTX","PMS","Trans Patch","75mcg/hr","2017-01-31","","Fentanyl Citrate","Opioid- chronic severe pain, usually end-stage pain","Not for use in opioid naïve patients",NA
9857581,"Ran-Fentanyl Matrix Patch","RAN","Trans Patch","75mcg/hr","2017-01-31","","Fentanyl Citrate","Opioid- chronic severe pain, usually end-stage pain","Not for use in opioid naïve patients",NA
9857582,"Sandoz Fentanyl Patch","SDZ","Trans Patch","75mcg/hr","2017-01-31","","Fentanyl Citrate","Opioid- chronic severe pain, usually end-stage pain","Not for use in opioid naïve patients",NA
9857584,"Teva-Fentanyl","TEV","Trans Patch","75mcg/hr","2017-01-31","","Fentanyl Citrate","Opioid- chronic severe pain, usually end-stage pain","Not for use in opioid naïve patients",NA
9857585,"Apo-Fentanyl Matrix","APX","Trans Patch","100mcg/hr","2017-01-31","","Fentanyl Citrate","Opioid- chronic severe pain, usually end-stage pain","Not for use in opioid naïve patients",NA
9857586,"Co Fentanyl Matrix Patch","COB","Trans Patch","100mcg/hr","2017-01-31","","Fentanyl Citrate","Opioid- chronic severe pain, usually end-stage pain","Not for use in opioid naïve patients",NA
9857587,"Mylan-Fentanyl Matrix Patch","MYL","Trans Patch","100mcg/hr","2017-01-31","","Fentanyl Citrate","Opioid- chronic severe pain, usually end-stage pain","Not for use in opioid naïve patients",NA
9857588,"PMS-Fentanyl MTX","PMS","Trans Patch","100mcg/hr","2017-01-31","","Fentanyl Citrate","Opioid- chronic severe pain, usually end-stage pain","Not for use in opioid naïve patients",NA
9857589,"Ran-Fentanyl Matrix Patch","RAN","Trans Patch","100mcg/hr","2017-01-31","","Fentanyl Citrate","Opioid- chronic severe pain, usually end-stage pain","Not for use in opioid naïve patients",NA
9857590,"Sandoz Fentanyl Patch","SDZ","Trans Patch","100mcg/hr","2017-01-31","","Fentanyl Citrate","Opioid- chronic severe pain, usually end-stage pain","Not for use in opioid naïve patients",NA
9857592,"Teva-Fentanyl","TEV","Trans Patch","100mcg/hr","2017-01-31","","Fentanyl Citrate","Opioid- chronic severe pain, usually end-stage pain","Not for use in opioid naïve patients",NA
9857600,"Apo-HYDROmorphone CR","APX","CR Cap","24mg","2018-11-29","","Hydromophone hydrochloride","Opioid- long term pain relief for severe pain","",NA
9857601,"Apo-HYDROmorphone CR","APX","CR Cap","30mg","2018-11-29","","Hydromophone hydrochloride","Opioid- long term pain relief for severe pain","",NA
9857617,"Sandoz Morphine SR","SDZ","SR Tab","200mg","2019-02-28","","Morphine Sulfate","Opioid- long term pain relief for severe pain","",NA
9857653,"Doloral 1","LAA","O/L","1mg/mL","2021-03-29","","Morphine Hydrochloride","Opioid- long term pain relief for severe pain","",NA
9857654,"Doloral 5","LAA","O/L","5mg/mL","2021-03-29","","Morphine Hydrochloride","Opioid- long term pain relief for severe pain","",NA
9858127,"Sublocade ","IND","Inj Sol-0.5mL Pref Syr","100mg/0.5mL","2020-09-30","","Buprenorphine","Opioid- treatment of severe cases of substance use disorder. Usually administered inpatient (unclear whether outpatient perscription is available)","",NA
9858128,"Sublocade ","IND","Inj Sol-1.5mL Pref Syr","300mg/1.5mL","2020-09-30","","Buprenorphine","Opioid- treatment of severe cases of substance use disorder. Usually administered inpatient (unclear whether outpatient perscription is available)","",NA
9858328,"Apo-Methadone","APX","1mg","Tab","2024-04-30","","Methadone Hydrochloride","Opioid- treatment of severe and chronic pain and sometimes substace use disorder","",NA
9858329,"Apo-Methadone","APX","5mg","Tab","2024-04-30","","Methadone Hydrochloride","Opioid- treatment of severe and chronic pain and sometimes substace use disorder","",NA
9858330,"Apo-Methadone","APX","10mg","Tab","2024-04-30","","Methadone Hydrochloride","Opioid- treatment of severe and chronic pain and sometimes substace use disorder","",NA
9858331,"Apo-Methadone","APX","25mg","Tab","2024-04-30","","Methadone Hydrochloride","Opioid- treatment of severe and chronic pain and sometimes substace use disorder","",NA
9858348,"Sandoz Fentanyl Patch ","SDZ","12mcg/hr","Trans Patch","2024-09-27","","","","",NA
9858349,"Teva-Fentanyl","TEV","12mcg/hr","Trans Patch","2024-09-27","","","","",NA
