"DIN.PIN","Brand.Name","Manufacturer.Code","Dosage.Form","Strength","Effective.Date","End.Date","Active.Ingredients","Active.Ingredient.Class.and.Use","Other.Notes","conversion_factor"
"00005606","Ritalin","NOV","tab","10mg","2012-04-16","2022-07-11","methylphenidate","stimulant- adhd and narcolepsy","",NA
"00005614","Ritalin","NOV","tab","20mg","2012-04-16","","methylphenidate","stimulant- adhd and narcolepsy","",NA
"00012696","Dalmane","VAL","cap","15mg","2012-04-16","","flurazepam","bzd- insomnia ","",0.33
"00012718","Dalmane","VAL","cap","30mg","2012-04-16","","flurazepam","bzd- insomnia ","",0.33
"00013285","Valium","HLR","tab","5mg","2012-04-16","","diazepam","bzd","",1
"00050024","Codeine Phosphate Sirop De","LAA","o/l","143mg","2012-04-16","","codeine phosphate","opioid","",0.15
"00068594","CoActifed","BWE","o/l","2mg/5mL & 30mg/5mL & 10 mg/5mL","2012-04-16","","codeine phosphate + triprolidine hydrochloride + pseudoephedrine hydrochloride","opioid/ stimulant","",0.15
"00068608","Coactifed","GSK","tab","20mg","2012-04-16","","codeine phosphate + triprolidine hydrochloride + pseudoephedrine hydrochloride","opioid/ stimulant","",0.15
"00068756","Coactifed","GSK","o/l","100mg","2012-04-16","","codeine phosphate + triprolidine hydrochloride + pseudoephedrine hydrochloride","opioid/ stimulant","",0.15
"00095494","AC+C","DCL","tab","8mg","2012-04-16","","acetaminophen + codeine phosphate + caffeine","opioid","",0.15
"00108162","222","FRS","tab","8mg","2012-04-16","","acetaminophen + codeine phosphate + caffeine","opioid","",0.15
"00115630","Librax","HLR","cap","5mg & 2.5mg","2012-04-16","","chlordiazepoxide hydrochloride + clidinium bromide","bzd","",0.4
"00125083","Dilaudid","PFP","tab","2mg","2012-04-16","","hydromorphone hydrochloride","opioid","",5
"00125121","Dilaudid","PFP","tab","4mg","2012-04-16","","hydromorphone hydrochloride","opioid","",5
"00176192","Fiorinal C1/4","NOV","cap","330mg & 50mg & 40mg & 15mg","2012-04-16","","butalbital + acetylsalicylic acid + caffeine + codeine phosphate","opioid/ barbituate","",0.15
"00176206","Fiorinal C1/2","NOV","cap","330mg & 50mg & 40mg & 30mg","2012-04-16","","butalbital + acetylsalicylic acid + caffeine + codeine phosphate","opioid/ barbituate","",0.15
"00180041","AC+C 8MG","VIP","tab","8mg","2012-04-16","","acetaminophen + codeine phosphate + caffeine","opioid","",0.15
"00272434","Novo-Dipam","NOP","tab","2mg","2012-11-29","","diazepam","bzd","",1
"00272442","Novo-Dipam","NOP","tab","5mg","2012-11-29","","diazepam","bzd","",1
"00272450","Novo-Dipam","NOP","tab","10mg","2012-11-29","","diazepam","bzd","",1
"00293490","ATASOL-8","HOR","tab","8mg","2012-04-16","","acetaminophen + codeine phosphate + caffeine","opioid","",0.15
"00293504","Atasol-15","HOR","tab","300mg & 15mg & 15mg","2012-04-16","","acetaminophen + codeine phosphate + caffeine","opioid","",0.15
"00293512","Atasol-30","HOR","tab","300mg & 15mg & 30mg","2012-04-16","","acetaminophen + codeine phosphate + caffeine","opioid","",0.15
"00313580","Diazepam 5 Tab","PRD","tab","5mg","2012-04-16","","diazepam","bzd","",1
"00362158","Apo-Diazepam","APX","tab","5mg","2012-04-16","","diazepam","bzd","",1
"00380571","Linctus Codeine Blanc","LAA","o/l","0.2%","2012-04-16","","codeine phosphate","opioid","",0.15
"00382825","Rivotril","HLR","tab","0.5mg","2012-04-16","","clonazepam","bzd","",10
"00382841","Rivotril","HLR","tab","2mg","2012-04-16","","clonazepam","bzd","",10
"00392472","Supeudol","SIL","sup","20mg","2012-04-16","","oxycodone hydrochloride","opioid","",1.5
"00392480","Supeudol","SIL","sup","10mg","2012-04-16","","oxycodone hydrochloride","opioid","",1.5
"00402680","Apo-Oxazepam","APX","tab","10mg","2012-04-16","","oxazepam","bzd","",0.33
"00402737","Apo-Oxazepam","APX","tab","30mg","2012-04-16","","oxazepam","bzd","",0.33
"00402745","Apo-Oxazepam","APX","tab","15mg","2012-04-16","","oxazepam","bzd","",0.33
"00405329","Apo-Diazepam","APX","tab","2mg","2012-04-16","","diazepam","bzd","",1
"00405337","Apo-Diazepam","APX","tab","10mg","2012-04-16","","diazepam","bzd","",1
"00414220","Som Pam","VAL","cap","15mg","2012-04-16","","oxazepam","bzd","",0.33
"00414239","Som Pam","VAL","cap","30mg","2012-04-16","","oxazepam","bzd","",0.33
"00414247","Oxpam","VAL","tab","10mg","2012-04-16","","oxazepam","bzd","",0.33
"00414255","Oxpam","VAL","tab","15mg","2012-04-16","","oxazepam","bzd","",0.33
"00414263","Oxpam","VAL","tab","30mg","2012-04-16","","oxazepam","bzd","",0.33
"00426865","NOVO AC+C 8MG","NOP","tab","8mg","2012-04-16","","acetaminophen + codeine phosphate + caffeine","opioid","",0.15
"00434388","Diazepam 10Tab 10mg","PRD","tab","10mg","2012-04-16","","diazepam","bzd","",1
"00434396","Diazepam 2Tab 2mg","PRD","tab","2mg","2012-04-16","","diazepam","bzd","",1
"00443948","Supeudol","SDZ","tab","10mg","2012-04-16","","oxycodone hydrochloride","opioid","",1.5
"00472549","Vasofrinic Dh","LAT","o/l","30mg","2012-04-16","","dihydrocodeine","opioid","",0.15
"00486582","M.O.S.","VAL","o/l","1mg/mL","2012-04-16","","morphine sulfate","opioid","",1
"00496529","Novoxapam","NOP","tab","15mg","2012-11-29","","oxazepam","bzd","",0.33
"00496537","Novoxapam","NOP","tab","30mg","2012-11-29","","oxazepam","bzd","",0.33
"00497754","Oxazepam 10 Tab 10mg","PRD","tab","10mg","2012-04-16","","oxazepam","bzd","",0.33
"00497762","Oxazepam 15 Tab 15mg","PRD","tab","15mg","2012-04-16","","oxazepam","bzd","",0.33
"00497770","Oxazepam 30 Tab 30mg","PRD","tab","30mg","2012-04-16","","oxazepam","bzd","",0.33
"00500852","Novoxapam","NOP","tab","10mg","2012-11-29","","oxazepam","bzd","",0.33
"00507407","Dalmacol","LAA","o/l","3.33mg","2012-04-16","","dihydrocodeine","opioid","",0.15
"00511528","Mogadon","VAL","tab","5mg","2012-04-16","","nitrazepam","bzd","",1
"00511536","Mogadon","VAL","tab","10mg","2012-04-16","","nitrazepam","bzd","",1
"00514217","M.O.S.","VAL","o/l","5mg/mL","2012-04-16","","morphine sulfate","opioid","",1
"00518123","Lectopam","HLR","tab","3mg","2012-04-16","","bromazepam","bzd","",NA
"00518131","Lectopam","HLR","tab","6mg","2012-04-16","","bromazepam","bzd","",NA
"00521698","Apo-Flurazepam","APX","cap","15mg","2012-04-16","","flurazepam","bzd","",0.33
"00521701","Apo-Flurazepam","APX","cap","30mg","2012-04-16","","flurazepam","bzd","",0.33
"00522724","Chlordiazepoxide","AAP","cap","5mg","2012-04-16","","chlordiazepoxide","bzd","",0.4
"00522988","Chlordiazepoxide","AAP","cap","10mg","2012-04-16","","chlordiazepoxide","bzd","",0.4
"00522996","Chlordiazepoxide","AAP","cap","25mg","2012-04-16","","chlordiazepoxide","bzd","",0.4
"00535230","CALMYLIN","TCH","","","2012-04-16","","codeine phosphate + triprolidine hydrochloride + pseudoephedrine hydrochloride","opioid","",0.15
"00548359","Xanax","PFI","tab","0.25mg","2012-04-16","","alprazolam","bzd","",10
"00548367","Xanax","PFI","tab","0.5mg","2012-04-16","","alprazolam","bzd","",10
"00550477","Ratio-Calmydone","RPH","o/l","3.33mg","2012-04-16","","codeine phosphate + triprolidine hydrochloride + pseudoephedrine hydrochloride","opioid","",0.15
"00568392","Riva Oxazepam","RIA","tab","10mg","2012-04-16","","oxazepam","bzd","",0.33
"00568406","Riva Oxazepam","RIA","tab","15mg","2012-04-16","","oxazepam","bzd","",0.33
"00568414","Riva Oxazepam","RIA","tab","30mg","2012-04-16","","oxazepam","bzd","",0.33
"00578479","Flurazepam 15","PRD","cap","15mg","2012-04-16","","flurazepam","bzd","",0.33
"00578487","Flurazepam 30","PRD","cap","30mg","2012-04-16","","flurazepam","bzd","",0.33
"00584991","PMS-Methylphenidate","PMS","tab","10mg","2012-04-16","","methylphenidate","stimulant","",NA
"00585009","PMS-Methylphenidate","PMS","tab","20mg","2012-04-16","","methylphenidate","stimulant","",NA
"00589470","AC+C 1/8GR","PMS","tab","8mg","2012-04-16","","acetaminophen + codeine phosphate + caffeine","opioid","",0.15
"00589489","ACETAMINOPHEN WITH CODEINE","PMS","tab","8mg","2012-04-16","","codeine phosphate","opioid","",0.15
"00591467","Statex","PAL","o/l","1mg/mL","2012-04-16","","morphine sulfate","opioid","",1
"00591475","Statex","PAL","o/l","5mg/mL","2012-04-16","","morphine sulfate","opioid","",1
"00593168","Sirop Cocillana Codeine","LAA","o/l","0.566mg","2012-04-16","","codeine phosphate","opioid","",0.15
"00593435","Ratio-Codeine","RPH","tab","15mg","2012-04-16","","codeine phosphate","opioid","",0.15
"00593451","Ratio-Codeine","RPH","tab","30mg","2012-04-16","","codeine phosphate","opioid","",0.15
"00594636","Statex","PAL","tab","25mg","2012-04-16","","morphine sulfate","opioid","",1
"00594644","Statex","PAL","tab","10mg","2012-04-16","","morphine sulfate","opioid","",1
"00594652","Statex","PAL","tab","5mg","2012-04-16","","morphine sulfate","opioid","",1
"00596965","Statex Suppositories 20mg","PAL","rect sup","20mg","2012-04-16","","morphine sulfate","opioid","",1
"00604453","Restoril","ORY","cap","15mg","2012-04-16","","temazepam","bzd","",0.5
"00604461","Restoril","ORY","cap","30mg","2012-04-16","","temazepam","bzd","",0.5
"00607762","Ratio-Morphine","RPH","o/l","1mg/mL","2012-04-16","","morphine sulfate","opioid","",1
"00607770","Ratio-Morphine","RPH","o/l","5mg/mL","2012-04-16","","morphine sulfate","opioid","",1
"00608157","Ratio-Oxycodan","RPH","tab","5mg & 325mg","2012-04-16","","oxycodone hydrochloride","opioid","",1.5
"00608165","Ratio-Oxycocet","RPH","tab","5mg & 325mg","2012-04-16","","oxycodone hydrochloride + acetaminophen","opioid","",1.5
"00608181","Ratio-Tecnal C1/2","RPH","cap","330mg & 50mg & 40mg & 30mg","2012-04-16","","butalbital + acetylsalicylic acid + caffeine + codeine phosphate","opioid/ barbituate","",0.15
"00608203","Ratio-Tecnal C1/4","RPH","cap","330mg & 50mg & 40mg & 15mg","2012-04-16","","butalbital + acetylsalicylic acid + caffeine + codeine phosphate","opioid/ barbituate","",0.15
"00608211","Ratio-Tecnal","RPH","tab","50mg","2012-04-16","","butalbital + acetylsalicylic acid + caffeine+codeine","opioid/ barbituate","",0.15
"00608238","Ratio-Tecnal","RPH","cap","330mg & 50mg & 40mg","2012-04-16","","butalbital + acetylsalicylic acid + caffeine+codeine","opioid/ barbituate","",0.15
"00608882","Ratio-Emtec","RPH","tab","300mg & 30mg","2012-04-16","","acetaminophen + codeine phosphate","opioid","",0.15
"00614491","Doloral 1","LAA","o/l","1mg","2012-04-16","","morphine sulfate","opioid","",1
"00614505","Doloral 5 Sirop 5mg/mL","LAA","o/l","5mg","2012-04-16","","morphine sulfate","opioid","",1
"00615528","NOVOGESIC-C8","NOP","tab","8mg","2012-04-16","","acetaminophen + codeine phosphate + caffeine","opioid","",0.15
"00617059","ACETAMINOPHEN 500MG COMP TAB/CODEINE","RPR","tab","8mg","2012-04-16","","codeine phosphate","opioid","",0.15
"00618454","Apo-Chlorax Cap","APX","cap","2.5mg","2012-04-16","","chlordiazepoxide","bzd","",0.4
"00621463","Ratio-Lenoltec No.4","RPH","tab","300mg & 60mg","2012-04-16","","acetaminophen + codeine phosphate + caffeine","opioid","",0.15
"00621935","Statex","PAL","oral drops","20mg/mL","2012-04-16","","morphine sulfate","opioid","",1
"00624268","M.O.S.","ICN","sup","10mg","2012-11-29","","morphine sulfate","opioid","",1
"00624276","M.O.S.","ICN","sup","20mg","2012-11-29","","morphine sulfate","opioid","",1
"00628190","Novo-Clopate","NOP","cap","3.75mg","2012-11-29","","clorazepate dipotassium","bzd","",0.67
"00628204","Novo-Clopate","NOP","cap","7.5mg","2012-11-29","","clorazepate dipotassium","bzd","",0.67
"00628212","Novo-Clopate","NOP","cap","15mg","2012-11-29","","clorazepate dipotassium","bzd","",0.67
"00632201","Statex","PMS","sup","10mg","2012-04-16","","morphine sulfate","opioid","",1
"00632228","Statex Suppositories 5mg","PAL","rect sup","5mg","2012-04-16","","morphine sulfate","opioid","",1
"00632481","M.O.S.","VAL","o/l","20mg/mL","2012-04-16","","morphine sulfate","opioid","",1
"00632503","M.O.S.","VAL","o/l","10mg/mL","2012-04-16","","morphine sulfate","opioid","",1
"00632775","Ritalin SR","NOV","er tab","20mg","2012-04-16","","methylphenidate","stimulant","",NA
"00636223","Pro Chlorax","PRD","cap","2.5mg","2012-04-16","","chlordiazepoxide","bzd","",0.4
"00636681","M.O.S.","ICN","sup","30mg","2012-11-29","","morphine sulfate","opioid","",1
"00637742","Novo-Lorazem","NOP","tab","1mg","2012-04-16","","lorazepam","bzd","",5
"00637750","Novo-Lorazem","NOP","tab","2mg","2012-04-16","","lorazepam","bzd","",5
"00639389","Statex Suppositories 30mg","PAL","rect sup","30mg","2012-04-16","","morphine sulfate","opioid","",1
"00647217","Statex Syrup 10mg/mL","PAL","o/l","10mg","2012-04-16","","morphine sulfate","opioid","",1
"00653233","LENOLTEC NO.1","TCH","tab","8mg","2012-04-16","","acetaminophen + codeine phosphate + caffeine","opioid","",0.15
"00653241","Ratio-Lenoltec No.2","RPH","tab","300mg & 15mg & 15mg","2012-04-16","","acetaminophen + codeine phosphate + caffeine","opioid","",0.15
"00653276","Ratio-Lenoltec No.3","RPH","tab","300mg & 15mg & 30mg","2012-04-16","","acetaminophen + codeine phosphate + caffeine","opioid","",0.15
"00655643","Pro-Lorazepam Tab 0.5mg","PRD","tab","0.5mg","2012-04-16","","lorazepam","bzd","",5
"00655651","Pro-Lorazepam Tab 1.0mg","PRD","tab","1mg","2012-04-16","","lorazepam","bzd","",5
"00655678","Pro-Lorazepam Tab 2mg","PRD","tab","2mg","2012-04-16","","lorazepam","bzd","",5
"00655740","Apo-Lorazepam","APX","tab","0.5mg","2012-04-16","","lorazepam","bzd","",5
"00655759","Apo-Lorazepam","APX","tab","1mg","2012-04-16","","lorazepam","bzd","",5
"00655767","Apo-Lorazepam","APX","tab","2mg","2012-04-16","","lorazepam","bzd","",5
"00667102","PMS-Flurazepam Cap 15mg","PMS","cap","15mg","2012-04-16","","flurazepam","bzd","",0.33
"00675962","Statex","PAL","tab","50mg","2012-04-16","","morphine sulfate","opioid","",1
"00687200","Novo-Gesic C-15","NOP","tab","300mg & 15mg & 15mg","2012-11-29","","acetaminophen + codeine phosphate + caffeine","opioid","",0.15
"00687219","Novo-Gesic C-30","NOP","tab","300mg & 15mg & 30mg","2012-11-29","","acetaminophen + codeine phosphate + caffeine","opioid","",0.15
"00690074","PHARMASAVE COUGH SYRUP","TCH","","","2012-04-16","","codeine phosphate","opioid","",0.15
"00690198","M.O.S.-10","VAL","tab","10mg","2012-04-16","","morphine sulfate","opioid","",1
"00690201","M.O.S.-20","VAL","tab","20mg","2012-04-16","","morphine sulfate","opioid","",1
"00690228","M.O.S.-40","VAL","tab","40mg","2012-11-29","","morphine sulfate","opioid","",1
"00690236","M.O.S. Conc 50","VAL","o/l","50mg/mL","2012-11-29","","morphine sulfate","opioid","",1
"00690244","M.O.S.-60","VAL","tab","60mg","2012-04-16","","morphine sulfate","opioid","",1
"00690783","Ratio-Morphine","RPH","o/l","10mg/mL","2012-04-16","","morphine sulfate","opioid","",1
"00690791","Ratio-Morphine","RPH","o/l","20mg/mL","2012-04-16","","morphine sulfate","opioid","",1
"00694827","Ratio-Coristex-Dh","RPH","o/l","20mg","2012-04-16","","dihydrocodeine + triprolidine hydrochloride + pseudoephedrine hydrochloride","opioid","",0.15
"00705438","Dilaudid","PFP","tab","1mg","2012-04-16","","hydromorphone hydrochloride","opioid","",5
"00705799","Statex Dps 50mg/mL","PAL","oral sol","50mg","2012-04-16","","morphine sulfate","opioid","",1
"00706221","ACETAMINOPHEN WITH CAFFEINE AND CODEINE","VIP","tab","8mg","2012-04-16","","codeine phosphate","opioid","",0.15
"00706515","Acet 2","PMS","tab","15mg","2012-04-16","","acetaminophen + codeine phosphate + caffeine","opioid","",0.15
"00706523","Acet 3","PMS","tab","30mg","2012-04-16","","acetaminophen + codeine phosphate + caffeine","opioid","",0.15
"00708712","ACETAMINOPHEN EXTRA STR/CAFFEINE/CODEINE","WTR","tab","8mg","2012-04-16","","codeine phosphate","opioid","",0.15
"00711101","Novo-Lorazem","NOP","tab","0.5mg","2012-04-16","","lorazepam","bzd","",5
"00723770","Xanax","PFI","tab","1mg","2012-04-16","","alprazolam","bzd","",10
"00726362","PMS-Oxazepam Tab 10mg","PMS","tab","10mg","2012-04-16","","oxazepam","bzd","",0.33
"00726370","PMS-Oxazepam Tab 15mg","PMS","tab","15mg","2012-04-16","","oxazepam","bzd","",0.33
"00726389","PMS-Oxazepam Tab 30mg","PMS","tab","30mg","2012-04-16","","oxazepam","bzd","",0.33
"00728187","PMS-Lorazepam","PMS","tab","0.5mg","2012-04-16","","lorazepam","bzd","",5
"00728195","PMS-Lorazepam","PMS","tab","1mg","2012-04-16","","lorazepam","bzd","",5
"00728209","PMS-Lorazepam","PMS","tab","2mg","2012-04-16","","lorazepam","bzd","",5
"00776181","M.O.S.","VAL","sr tab","30mg","2012-04-16","","morphine sulfate","opioid","",1
"00776203","M.O.S.","VAL","sr tab","60mg","2012-04-16","","morphine sulfate","opioid","",1
"00779458","Codeine","ROG","tab","15mg","2012-04-16","","codeine phosphate","opioid","",0.15
"00779474","Ratio-Codeine","RPH","o/l","5mg/mL","2012-04-16","","codeine phosphate","opioid","",0.15
"00786535","Dilaudid","PFP","oral sol","1mg/mL","2012-04-16","","hydromorphone hydrochloride","opioid","",5
"00786543","Dilaudid","PFP","tab","8mg","2012-04-16","","hydromorphone hydrochloride","opioid","",5
"00789739","Supeudol","SDZ","tab","5mg","2012-04-16","","oxycodone hydrochloride","opioid","",1.5
"00789828","Triatec-30 Tab","LAT","tab","30mg","2012-04-16","","codeine phosphate","opioid","",0.15
"00808563","Triazolam","AAP","tab","0.125mg","2012-04-16","","triazolam","bzd","",20
"00808571","Triazolam","AAP","tab","0.25mg","2012-04-16","","triazolam","bzd","",20
"00813958","Xanax TS","PFI","tab","2mg","2012-04-16","","alprazolam","bzd","",10
"00815349","PMS-Opium & Belladonna","PMS","sup","65mg/15mg","2012-04-16","","opium (morphine) + belladonna alkaloids (e.g., atropine, scopolamine)","opioid","",1
"00816027","PMS-Acetaminophen With Codeine","PMS","o/l","160mg & 8mg/5mL","2012-04-16","","codeine phosphate","opioid","",0.15
"00834319","ACETAZONE FORTE C8","TCH","","","2012-04-16","","acetylsalicylic acid + codeine phosphate + caffeine","opioid","",0.15
"00852163","Triatec-8 Tab","LAT","tab","8mg","2012-04-16","","codeine phosphate","opioid","",0.15
"00860689","Clorazepate","AAP","cap","3.75mg","2012-04-16","","clorazepate dipotassium","bzd","",0.67
"00860697","Clorazepate","AAP","cap","15mg","2012-04-16","","clorazepate dipotassium","bzd","",0.67
"00860700","Clorazepate","AAP","cap","7.5mg","2012-04-16","","clorazepate dipotassium","bzd","",0.67
"00865397","Apo-Alpraz","APX","tab","0.25mg","2012-04-16","","alprazolam","bzd","",10
"00865400","Apo-Alpraz","APX","tab","0.5mg","2012-04-16","","alprazolam","bzd","",10
"00885401","PMS-HYDROmorphone","PMS","tab","4mg","2012-04-16","","hydromorphone hydrochloride","opioid","",5
"00885428","PMS-HYDROmorphone","PMS","tab","8mg","2012-04-16","","hydromorphone hydrochloride","opioid","",5
"00885436","PMS-HYDROmorphone","PMS","tab","2mg","2012-04-16","","hydromorphone hydrochloride","opioid","",5
"00885444","PMS-HYDROmorphone","PMS","tab","1mg","2012-04-16","","hydromorphone hydrochloride","opioid","",5
"00891797","PMS-Diazepam","PMS","o/l","1mg/mL","2012-04-16","","diazepam","bzd","",NA
"01908170","Alprazolam-0.5 Tab 0.5mg","PRD","tab","0.5mg","2012-04-16","","alprazolam","bzd","",10
"01908189","Alprazolam-0.25 Tab 0.25mg","PRD","tab","0.25mg","2012-04-16","","alprazolam","bzd","",10
"01913239","Nu-Alpraz","NXP","tab","0.25mg","2012-04-16","","alprazolam","bzd","",10
"01913247","Nu-Alpraz","NXP","tab","0.5mg","2012-04-16","","alprazolam","bzd","",10
"01913484","Teva-Alprazolam","TEV","tab","0.25mg","2012-04-16","","alprazolam","bzd","",10
"01913492","Teva-Alprazolam","TEV","tab","0.5mg","2012-04-16","","alprazolam","bzd","",10
"01913506","Mylan-Triazolam","MYL","tab","0.25mg","2012-10-17","","triazolam","bzd","",20
"01901869","Opium & Belladonna","SDZ","sup","","2012-04-16","","opium (morphine) + belladonna alkaloids (e.g., atropine, scopolamine)","opioid/acticholinergic","",1
"01916386","PMS-HYDROmorphone","PMS","oral sol","1mg/mL","2012-04-16","","hydromorphone hydrochloride","opioid","",5
"01916394","PMS-Hydromorphone Suppositoire 3mg","PMS","rect sup","3mg","2012-04-16","","hydromorphone hydrochloride","opioid","",5
"01916475","Percocet","BQU","tab","5mg & 325mg","2012-04-16","","oxycodone hydrochloride + acetaminophen","opioid","",1.5
"01916491","Percocet-Demi","BMS","tab","2.5mg","2012-04-16","","oxycodone hydrochloride + acetaminophen","opioid","",1.5
"01916548","Endocet","BQU","tab","5mg & 325mg","2012-04-16","","oxycodone hydrochloride + acetaminophen","opioid","",1.5
"01916564","Hycomine","BQU","o/l","5mg & 12.5mg & 10mg & 60mg","2012-07-30","","hydrocodone bitartrate + chlorpheniramine maleate + phenylephrine hydrochloride + pseudoephedrine hydrochloride","opioid","",1
"01916580","Hycodan","BQU","o/l","1mg/mL","2012-04-16","","hydrocodone bitartrate + homatropine methylbromide","opioid","",1
"01916599","Hycodan","DUP","tab","5mg","2012-04-16","","hydrocodone bitartrate + homatropine methylbromide","opioid","",1
"01916963","Tussionex","FIS","tab","5mg & 10mg","2012-04-16","","hydrocodone polistirex + chlorpheniramine polistirex","opioid","",1
"01916971","Tussionex","FIS","susp","1mg/mL & 2mg/mL","2012-04-16","","hydrocodone polistirex + chlorpheniramine polistirex","opioid","",1
"01922246","ACETAMINOPHEN CAFFEINE & CODEINE (WAM)","RPR","tab","8mg","2012-04-16","","codeine phosphate","opioid","",0.15
"01924516","Dexedrine","PAL","tab","5mg","2012-04-16","","dextroamphetamine sulfate","stimulant","",NA
"01924559","Dexedrine Spansules","PAL","sr cap","10mg","2012-04-16","","dextroamphetamine sulfate","stimulant","",NA
"01924567","Dexedrine Spansules","PAL","sr cap","15mg","2012-04-16","","dextroamphetamine sulfate","stimulant","",NA
"01934740","Robitussin Ac","PFI","o/l","100mg","2012-04-16","","guaifenesin + codeine phosphate","opioid","",0.15
"01934767","ROBAXACET-8","WHB","tab","400mg & 325mg & 8mg","2012-04-16","","methocarbamol + acetaminophen + codeine phosphate","opioid","",0.15
"01934775","ROBAXISAL C 1/8","WHB","","","2012-04-16","","methocarbamol + acetylsalicylic acid + codeine phosphate","opioid","",0.15
"01934783","Robaxisal C-1/4","ROB","tab","400mg & 325mg & 16.2mg","2012-04-16","","methocarbamol + acetylsalicylic acid + codeine phosphate","opioid","",0.15
"01934791","Robaxisal C-1/2","WHH","tab","400mg & 325mg & 32.4mg","2012-04-16","","methocarbamol + acetylsalicylic acid + codeine phosphate","opioid","",0.15
"01938363","SINUTAB WITH CODEINE","WLA","","","2012-04-16","","codeine phosphate","opioid","",0.15
"01941895","Methoxisal-C 1/8","ROG","tab","8mg","2012-04-16","","methocarbamol + acetylsalicylic acid + codeine phosphate","opioid","",0.15
"01962388","Cocaine Hydrochloride Top Sol 40mg/mL","SDZ","topical sol","40MG","2012-04-16","","cocaine hydrochloride","stimulant","",NA
"01966367","Methoxisal-C 1/4","ROG","tab","16.2mg","2012-04-16","","methocarbamol + acetylsalicylic acid + codeine phosphate","opioid","",0.15
"01966375","Methoxisal-C 1/2","ROG","tab","32.4mg","2012-04-16","","methocarbamol + acetylsalicylic acid + codeine phosphate","opioid","",0.15
"01971387","Trianal-C 1/2 Capsule","LAT","cap","30mg","2012-04-16","","butalbital + acetylsalicylic acid + caffeine + codeine phosphate","opioid/barbituate","",0.15
"01971409","Trianal Tablet","LAT","tab","50mg","2012-04-16","","butalbital + acetylsalicylic acid + caffeine + codeine phosphate","opioid/barbituate","",0.15
"01971417","Trianal Capsules","LAT","cap","50mg","2012-04-16","","butalbital + acetylsalicylic acid + caffeine + codeine phosphate","opioid/barbituate","",0.15
"01977881","TRIATEC-8 FORT TAB","TCH","tab","8mg","2012-04-16","","codeine phosphate","opioid","",0.15
"01979914","Hydromorphone Hydrochloride Sup 3mg","SDZ","rect sup","3mg","2012-04-16","","hydromorphone hydrochloride","opioid","",5
"01996541","ACETAMINOPHEN CAFFEINE & CODEINE TAB","TLI","tab","8mg","2012-04-16","","codeine phosphate","opioid","",0.15
"01996568","ACETAMINOPHEN CAFFEINE CODEINE FORTE","TLI","tab","8mg","2012-04-16","","codeine phosphate","opioid","",0.15
"01997688","Acetaminophen Caffeine & 8mg Cod. Phos.","NOP","tab","8mg","2012-04-16","","acetaminophen + caffeine + codeine phosphate","opioid","",0.15
"01999648","Acet Codeine 30 Tab","PMS","tab","30mg","2012-04-16","","codeine phosphate","opioid","",0.15
"01999656","Acet Codeine 60 Tab","PMS","tab","60mg","2012-04-16","","codeine phosphate","opioid","",0.15
"01995227","Mylan-Triazolam","MYL","tab","0.125mg","2012-10-17","","triazolam","bzd","",20
"02009706","M.O.S. Sulphate 50mg Tab","VAL","tab","50mg","2012-04-16","","morphine sulfate","opioid","",1
"02009749","M.O.S. Sulphate 25mg Tab","VAL","tab","25mg","2012-04-16","","morphine sulfate","opioid","",1
"02009757","Codeine 30mg Tab","LAT","tab","30mg","2012-04-16","","codeine phosphate","opioid","",0.15
"02009765","M.O.S. Sulphate 10mg Tab","VAL","tab","10mg","2012-04-16","","morphine sulfate","opioid","",1
"02009773","M.O.S. Sulphate 5mg Tab","VAL","tab","5mg","2012-04-16","","morphine sulfate","opioid","",1
"02009889","Codeine 15 mg Tab","LAT","tab","15MG","2012-04-16","","codeine phosphate","opioid","",0.15
"02014203","MS IR Tab 5mg","PFP","tab","5mg","2012-04-16","","morphine sulfate","opioid","",1
"02014211","MS IR Tab 10mg","PFP","tab","10mg","2012-04-16","","morphine sulfate","opioid","",1
"02014238","MS-IR","PFP","tab","20mg","2012-04-16","","morphine sulfate","opioid","",1
"02014254","MS-IR","PFP","tab","30mg","2012-04-16","","morphine sulfate","opioid","",1
"02014297","MS Contin","PFP","sr tab","30mg","2012-04-16","","morphine sulfate","opioid","",1
"02014300","MS Contin","PFP","sr tab","60mg","2012-04-16","","morphine sulfate","opioid","",1
"02014319","MS Contin","PFP","sr tab","100mg","2012-04-16","","morphine sulfate","opioid","",1
"02014327","MS Contin","PFP","sr tab","200mg","2012-04-16","","morphine sulfate","opioid","",1
"02015439","MS Contin","PFP","sr tab","15mg","2012-04-16","","morphine sulfate","opioid","",1
"02019930","M-Eslon","ETH","er cap","10mg","2012-04-16","","morphine sulfate","opioid","",1
"02019949","M-Eslon","ETH","er cap","30mg","2012-04-16","","morphine sulfate","opioid","",1
"02019957","M-Eslon","ETH","er cap","60mg","2012-04-16","","morphine sulfate","opioid","",1
"02019965","M-Eslon","ETH","er cap","100mg","2012-04-16","","morphine sulfate","opioid","",1
"02025337","ACETAMINOPHEN COMP TAB WITH CODEINE(WAM)","RPR","tab","8mg","2012-04-16","","codeine phosphate","opioid","",0.15
"02028174","ACETAMINOPHEN WITH CODEINE CAPLET (WAM)","RPR","tab","8mg","2012-04-16","","codeine phosphate","opioid","",0.15
"02041413","Ativan","PFI","tab","0.5mg","2012-04-16","","lorazepam","bzd","",5
"02041421","Ativan","PFI","tab","1mg","2012-04-16","","lorazepam","bzd","",5
"02041448","Ativan","PFI","tab","2mg","2012-04-16","","lorazepam","bzd","",5
"02041456","Ativan","PFI","sl tab","0.5mg","2012-04-16","","lorazepam","bzd","",5
"02041464","Ativan","PFI","sl tab","1mg","2012-04-16","","lorazepam","bzd","",5
"02041472","Ativan","PFI","sl tab","2mg","2012-04-16","","lorazepam","bzd","",5
"02048701","PMS-Clonazepam","PMS","tab","0.5mg","2012-04-16","","clonazepam","bzd","",10
"02048728","PMS-Clonazepam Tab 1.0mg","PMS","tab","1mg","2012-04-16","","clonazepam","bzd","",10
"02048736","PMS-Clonazepam","PMS","tab","2mg","2012-04-16","","clonazepam","bzd","",10
"02047667","MERSYNDOL WITH CODEINE","MER","tab","325mg & 8mg & 5mg","2012-04-16","","codeine phosphate","opioid","",0.15
"02048701","PMS-Clonazepam","PMS","tab","0.5mg","2012-04-16","","clonazepam","bzd","",10
"02048728","PMS-Clonazepam Tab 1.0mg","PMS","tab","1mg","2012-04-16","","clonazepam","bzd","",10
"02048736","PMS-Clonazepam","PMS","tab","2mg","2012-04-16","","clonazepam","bzd","",10
"02053403","Ratio-Cotridin Expectorant","RPH","o/l","100mg","2012-04-16","","codeine phosphate + triprolidine hydrochloride + pseudoephedrine hydrochloride + guaifenesin","opioid- cough supresent tightly controlled","",0.15
"02099748","Cough Syrup With Codeine","ROG","o/l","100mg","2012-04-16","","codeine phosphate","opioid- cough supresent tightly controlled","",0.15
"02103656","Ratio-Clonazepam","RPH","tab","0.5mg","2012-04-16","","clonazepam","bzd","",10
"02103737","Ratio-Clonazepam","RPH","tab","2mg","2012-04-16","","clonazepam","bzd","",10
"02125323","Hydromorph Contin","PFP","cr cap","3mg","2012-04-16","","hydromorphone hydrochloride","opioid","",5
"02125331","Hydromorph Contin","PFP","cr cap","6mg","2012-04-16","","hydromorphone hydrochloride","opioid","",5
"02125366","Hydromorph Contin","PFP","cr cap","12mg","2012-04-16","","hydromorphone hydrochloride","opioid","",5
"02125382","Hydromorph Contin","PFP","cr cap","24mg","2012-04-16","","hydromorphone hydrochloride","opioid","",5
"02125390","Hydromorph Contin","PFP","cr cap","30mg","2012-04-16","","hydromorphone hydrochloride","opioid","",5
"02126486","Phl-Methylphenidate","PHE","tab","20mg","2012-04-16","","methylphenidate","stimulant","",NA
"02126494","Phl-Methylphenidate","PHE","tab","10mg","2012-04-16","","methylphenidate","stimulant","",NA
"02130998","Dom-Clonazepam - Tab 0.5mg","DPC","tab","0.5mg","2012-04-16","","clonazepam","bzd","",10
"02131013","Dom-Clonazepam - Tab 2mg","DPC","tab","2mg","2012-04-16","","clonazepam","bzd","",10
"02137534","Mylan-Alprazolam","MYL","tab","0.25mg","2012-04-16","","alprazolam","bzd","",10
"02137542","Mylan-Alprazolam","MYL","tab","0.5mg","2012-04-16","","alprazolam","bzd","",10
"02137984","Talwin","SAO","tab","50mg","2012-04-16","","pentazocine lactate","opioid","",0.25
"02138018","Demerol","SAV","tab","50mg","2012-04-16","","meperidine hydrochloride","opioid","",0.1
"02143933","Acetaminophen with Codeine - Caplet","ROG","tab","8mg","2012-04-16","","codeine phosphate","opioid","",0.15
"02145227","Phl-Clonazepam","PHE","tab","0.5mg","2012-04-16","","clonazepam","bzd","",10
"02145235","Phl-Clonazepam - Tab 1mg","PHE","tab","1mg","2012-04-16","","clonazepam","bzd","",10
"02145243","Phl-Clonazepam","PHE","tab","2mg","2012-04-16","","clonazepam","bzd","",10
"02154234","Acetaminophen, Caffeine & Codeine Caplet","VIP","tab","8mg","2012-04-16","","codeine phosphate","opioid","",0.15
"02163748","Codeine Contin","PFP","cr tab","100mg","2012-04-16","","codeine phosphate","opioid","",0.15
"02163780","Codeine Contin","PFP","cr tab","150mg","2012-04-16","","codeine phosphate","opioid","",0.15
"02163799","Codeine Contin","PFP","cr tab","200mg","2012-04-16","","codeine phosphate","opioid","",0.15
"02163918","Tylenol with Codeine No. 4","JAN","tab","300mg & 60mg","2012-04-16","","codeine phosphate","opioid","",0.15
"02163926","Tylenol with Codeine No. 3","JAN","tab","300mg & 15mg & 30mg","2012-04-16","","codeine phosphate","opioid","",0.15
"02163934","Tylenol with Codeine No. 2","JAN","tab","300mg & 15mg & 15mg","2012-04-16","","codeine phosphate","opioid","",0.15
"02163942","Tylenol With Codeine Elixir","JAN","o/l","160mg & 8mg/5mL","2012-04-16","","codeine phosphate","opioid","",0.15
"02169126","Ratio-Cotridin","RPH","o/l","10mg","2012-04-16","","codeine phosphate + triprolidine hydrochloride + pseudoephedrine hydrochloride","opioid/decongestant/ antihistamine","",0.15
"02172917","Calmylin Pse With Codeine","ROG","o/l","100mg","2012-04-16","","codeine phosphate","opioid/decongestant/ expectorant. tightly controlled cough medica","",0.15
"02173344","Nu-Clonazepam","NXP","tab","0.5mg","2012-04-16","","clonazepam","bzd","",10
"02173352","Nu-Clonazepam","NXP","tab","2mg","2012-04-16","","clonazepam","bzd","",10
"02177153","Apo-Bromazepam","APX","tab","1.5mg","2012-04-16","","bromazepam","bzd","",NA
"02177161","Apo-Bromazepam","APX","tab","3mg","2012-04-16","","bromazepam","bzd","",NA
"02177188","Apo-Bromazepam","APX","tab","6mg","2012-04-16","","bromazepam","bzd","",NA
"02177749","M-Eslon","ETH","er cap","15mg","2012-04-16","","morphine sulfate","opioid","",1
"02177757","M-Eslon","ETH","er cap","200mg","2012-04-16","","morphine sulfate","opioid","",1
"02177889","Apo-Clonazepam","APX","tab","0.5mg","2012-04-16","","clonazepam","bzd","",10
"02177897","Apo-Clonazepam","APX","tab","2mg","2012-04-16","","clonazepam","bzd","",10
"02179660","PMS-Clonazepam- Tab 0.25mg","PMS","tab","0.25mg","2012-04-16","","clonazepam","bzd","",10
"02181061","Tylenol No.1 Caplets","MCL","tab","8mg","2012-04-16","","acetaminophen + codeine phosphate + caffeine","opioid- over the counter","",0.15
"02181088","Tylenol No.1 Forte Caplets","MCL","tab","8mg","2012-04-16","","acetaminophen + codeine phosphate + caffeine","opioid- over the counter","",0.15
"02184435","Kadian","ABB","sr cap","20mg","2012-04-16","","morphine sulfate","opioid- long term pain relief","",1
"02184443","Kadian","ABB","sr cap","50mg","2012-04-16","","morphine sulfate","opioid- long term pain relief","",1
"02184451","Kadian","ABB","sr cap","100mg","2012-04-16","","morphine sulfate","opioid- long term pain relief","",1
"02192101","Hydromorphone","SOR","tab","1mg","2012-04-16","","hydromorphone hydrochloride","opioid- long term pain relief","",5
"02192144","Hydromorphone","SOR","tab","8mg","2012-04-16","","hydromorphone hydrochloride","opioid- long term pain relief","",5
"02192705","Gen-Bromazepam","GEN","tab","1.5mg","2012-04-16","","bromazepam","bzd","",NA
"02198630","Calmylin Ace","ROG","o/l","100mg","2012-04-16","","codeine phosphate + triprolidine hydrochloride + pseudoephedrine hydrochloride","opioid- cough supresent tightly controlled","",0.15
"02202441","Oxycontin","PFP","sr tab","10mg","2012-04-16","","oxycodone hydrochloride","opioid- long term pain relief (high overodse risk)","",1.5
"02202468","Oxycontin","PFP","sr tab","20mg","2012-04-16","","oxycodone hydrochloride","opioid- long term pain relief (high overodse risk)","",1.5
"02202476","Oxycontin","PFP","sr tab","40mg","2012-04-16","","oxycodone hydrochloride","opioid- long term pain relief (high overodse risk)","",1.5
"02202484","Oxycontin","PFP","sr tab","80mg","2012-04-16","","oxycodone hydrochloride","opioid- long term pain relief (high overodse risk)","",1.5
"02207818","PMS-Clonazepam-R","PMS","tab","0.5mg","2012-04-16","","clonazepam","bzd","",10
"02220520","Bromazepam-3 - Tab 3mg","PRD","tab","3mg","2012-04-16","","bromazepam","bzd","",NA
"02220539","Bromazepam-6 - Tab 6mg","PRD","tab","6mg","2012-04-16","","bromazepam","bzd","",NA
"02221799","Frisium","OVA","tab","10mg","2012-04-16","","clabazam","bzd","",NA
"02223570","Nu-Temazepam","NXP","cap","15mg","2012-04-16","","tumazepam","bzd","",NA
"02223589","Nu-Temazepam","NXP","cap","30mg","2012-04-16","","tumazepam","bzd","",NA
"02224100","Dom-Clonazepam-R - Tab 0.5mg","DPC","tab","0.5mg","2012-04-16","","clonazepam","bzd","",10
"02224577","Cophylac Drops","VAE","oral sol","10mg","2012-04-16","","noremethadone hydrochloride","opioid- cough supresent tightly controlled","",4.7
"02225964","Apo-Temazepam","APX","cap","15mg","2012-04-16","","tumazepam","bzd","",NA
"02225972","Apo-Temazepam","APX","cap","30mg","2012-04-16","","tumazepam","bzd","",NA
"02229654","Nitrazadon","VAL","tab","5mg","2012-04-16","","nitrazepam","bzd","",1
"02229655","Nitrazadon","VAL","tab","10mg","2012-04-16","","nitrazepam","bzd","",1
"02229756","Dom-Temazepam","DPC","cap","15mg","2012-04-16","","temazepam","bzd","",0.5
"02229758","Dom-Tamazepam","DPC","cap","30mg","2012-04-16","","temazepam","bzd","",0.5
"02229760","Temazepam-15","PRD","cap","15mg","2012-04-16","","temazepam","bzd","",0.5
"02229761","Temazepam-30","PRD","cap","30mg","2012-04-16","","temazepam","bzd","",0.5
"02229813","Mylan-Alprazolam","MYL","tab","1mg","2012-04-16","","alprazolam","bzd","",10
"02229814","Mylan-Alprazolam","MYL","tab","2mg","2012-04-16","","alprazolam","bzd","",10
"02230095","Novo-Temazepam","NOP","cap","15mg","2012-04-16","","temazepam","bzd","",0.5
"02230102","Novo-Temazepam","NOP","cap","30mg","2012-04-16","","temazepam","bzd","",0.5
"02230302","Codeine Contin","PFP","cr tab","50mg","2012-04-16","","codeine monohydrate","long-acting opioid","",0.15
"02230321","Ratio-Methylphenidate","RPH","tab","10mg","2012-11-29","","methylphenidate","stimulant","",NA
"02230322","Ratio-Methylphenidate","RPH","tab","20mg","2012-04-16","","methylphenidate","stimulant","",NA
"02230366","Clonapam","ICN","tab","0.5mg","2012-11-29","","clonapam","bzd","",NA
"02230368","Clonapam","VAL","tab","1mg","2012-04-16","","clonapam","bzd","",NA
"02230369","Clonapam","ICN","tab","2mg","2012-11-29","","clonapam","bzd","",NA
"02230584","Novo-Bromazepam","NOP","tab","3mg","2012-04-16","","bromazepam","bzd","",NA
"02230585","Novo-Bromazepam","NOP","tab","6mg","2012-04-16","","bromazepam","bzd","",NA
"02230769","Dalmacol","RIA","o/l","3.33mg","2012-04-16","","hydrocodone bitartrate, etafedrine, doxylamine succinate, sodium citrate, and anhydrous alcohol","bzd","",NA
"02230950","Mylan-Clonazepam","MYL","tab","0.5mg","2012-04-16","","clonazepam","bzd","",10
"02230951","Mylan-Clonazepam","MYL","tab","2mg","2012-04-16","","clonazepam","bzd","",10
"02231934","Oxy.IR","PFP","tab","5mg","2012-04-16","","oxycodone hydrochloride","opioid-post operative pain perscription","",1.5
"02232387","Exdol-8 Tablets","PEN","tab","8mg","2012-04-16","","acetaminophen + codeine phosphate + caffeine","opioid- long term pain relief (high overodse risk)","",0.15
"02232388","Exdol-15 Tablets","PEN","tab","15mg & 300mg & 30mg","2012-04-16","","acetaminophen + codeine phosphate + caffeine","opioid- long term pain relief (high overodse risk)","",0.15
"02232389","Exdol-30 Tablets","PEN","tab","30mg","2012-04-16","","acetaminophen + codeine phosphate + caffeine","opioid- long term pain relief (high overodse risk)","",0.15
"02232658","Procet-30","PRD","tab","30mg","2012-04-16","","acetaminophen + codeine phosphate","opioid- antitussive, antipyretic and analgesic. moderate to severe pain","",0.15
"02233960","Sandoz Clonazepam","SDZ","tab","0.5mg","2012-04-16","","clonazepam","bzd","",10
"02233982","Sandoz Clonazepam","SDZ","tab","1mg","2012-04-16","","clonazepam","bzd","",10
"02233985","Sandoz Clonazepam","SDZ","tab","2mg","2012-04-16","","clonazepam","bzd","",10
"02234003","Sandoz Nitrazepam","SDZ","tab","5mg","2012-04-16","","nitrazepam","bzd","",1
"02234007","Sandoz Nitrazepam","SDZ","tab","10mg","2012-04-16","","nitrazepam","bzd","",1
"02234510","282","PEN","tab","15mg","2012-11-29","","codeine phosphate+acetylslicylic acid","opioid[- analgesic and sedative. perscribed when pain accompanied by muscle spasm/anxiety","",0.15
"02234749","PMS-Methylphenidate","PMS","tab","5mg","2012-04-16","","methylphenidate","stimulant","",NA
"02236872","Methoxacet-C 1/8","ROG","tab","8mg","2012-04-16","2018-11-12","acetaminophen+codeine phosphate+methocarbamol","opioid-cancelled post-market ","",0.15
"02236948","Phl-Clonazepam-R","PHE","tab","0.5mg","2012-04-16","","clonazepam","bzd","",10
"02237420","Acetaminophen, Caffeine & 8mg Codeine","PEN","tab","8mg","2012-04-16","2016-12-31","clonazepam","bzd","",10
"02237578","Spasmhalt-8","PEN","tab","8mg","2012-04-16","","acetaminophen+codeine phosphate+methocarbamol","opioid-pain muscle spasms","",0.15
"02237580","Spasmhalt-ASA-8","PEN","tab","8mg","2012-04-16","","acetaminophen+codeine phosphate+methocarbamol","opioid-pain muscle spasms","",0.15
"02238162","Diastat","VAL","rect gel-2x 5mg pk","5mg/mL","2012-04-16","","diazepam","bzd","",NA
"02238334","Novo-Clobazam","NOP","tab","10mg","2012-04-16","","clobazam","bzd","",0.5
"02238645","292","PEN","tab","30mg","2012-04-16","","asa, caffeine, codeine phosphate","opioid- pain releif","",0.15
"02238646","282 MEP","PEN","tab","15mg","2012-04-16","","asa, caffeine, codeine phosphate","opioid[- analgesic and sedative. perscribed when pain accompanied by muscle spasm/anxiety","",0.15
"02238670","C-2 Buffered with Codeine","PEN","tab","8mg","2012-04-16","","asa, caffeine, codeine phosphate","opioid[- mild to severe pain, fever, and inflammation","",0.15
"02239024","Novo-Clonazepam","NOP","tab","0.5mg","2012-04-16","","clonazepam","bzd","",10
"02239025","Novo-Clonazepam","NOP","tab","2mg","2012-04-16","","clonazepam","bzd","",10
"02240131","Oxy.IR","PFP","tab","10mg","2012-04-16","","oxycodone hydrochloride","opioid- mild to severe pain, fever, and inflammation","",1.5
"02240132","Oxy.IR","PFP","tab","20mg","2012-04-16","","oxycodone hydrochloride","opioid- mild to severe pain, fever, and inflammation","",1.5
"02241377","Metadol","PMS","o/l","10mg/mL","2012-04-16","","methadone","opioid- perscribed for chronic severe pain but also for oud","",4.7
"02242077","Riva-Clonazepam","RIA","tab","0.5mg","2012-04-16","","clonazepam","bzd","",10
"02242078","Riva-Clonazepam 2 mg","RIA","tab","2mg","2012-04-16","","clonazepam","bzd","",10
"02242163","Kadian","ABB","sr cap","10mg","2012-04-16","","morphine sulfate","opioid - long term pain relief (extended release)","",1
"02242180","Muscle & Back Pain Relief - 8","VIP","tab","8mg","2012-04-16","","acetaminophen+codeine phosphate+methocarbamol","opioid-cancelled post-market ","",0.15
"02242406","Trianal C1/4","LAT","cap","15mg","2012-04-16","","butalbital + acetylsalicylic acid + caffeine + codeine phosphate","opioid/barbituate","",0.15
"02242468","Rivacocet","RIA","tab","5mg","2012-04-16","","acetaminophen + codeine phosphate","opioid- short-term post-operative pain relief","",0.15
"02243023","Ratio-Temazepam","RPH","cap","15mg","2012-04-16","","temazepam","bzd","",0.5
"02243024","Ratio-Temazepam","RPH","cap","30mg","2012-04-16","","temazepam","bzd","",0.5
"02243047","Muscle & Back Pain Relief-8","PEN","tab","8mg","2012-04-16","","acetaminophen+codeine phosphate+methocarbamol","opioid-back pain and muscle spasms","",0.15
"02243063","Covan Syrup","PMS","o/l","10mg","2012-04-16","","codeine phosphate + triprolidine hydrochloride + pseudoephedrine hydrochloride","opioid- cough supresent/ expectorant tightly controlled","",0.15
"02243562","Hydromorph Contin","PFP","cr cap","18mg","2012-04-16","","hydromorphone hydrochloride","opioid- long term severe pain. mostly perscribed for palliative care","",5
"02243611","Apo-Alpraz","APX","tab","1mg","2012-04-16","","alprazolam","bzd- short term anxiety relief","",10
"02243612","Apo-Alpraz TS","APX","tab","2mg","2012-04-16","","alprazolam","bzd- short term anxiety relief. ts stands for tablet scored (can safely be split)","",10
"02243978","PMS-Codeine","PMS","tab","15mg","2012-04-16","","codeine phosphate","opioid- short-term mild to moderate pain and cough supression","",0.15
"02243979","PMS-Codeine","PMS","tab","30mg","2012-04-16","","codeine phosphate","opioid- short-term mild to moderate pain and cough supression","",0.15
"02244010","Balminil Codeine Nighttime + expectorant","ROG","o/l","3.33mg","2012-04-16","","ammonium chloride, codeine phosphate, diphenhydramine","opioid- cough supresent/ expectorant tightly controlled","",0.15
"02244011","Balminil Codeine+Decongest+Expectorant","ROG","o/l","100mg","2012-04-16","","ammonium chloride, codeine phosphate, diphenhydramine","opioid- cough supresent/ expectorant tightly controlled","",0.15
"02244078","Dimetapp-C Syrup","WYE","o/l","10mg","2012-04-16","","codeine phosphate + triprolidine hydrochloride + pseudoephedrine hydrochloride","opioid- antitussive, antihistamne and decongestant.","",0.15
"02244079","Dimetane Expectorant C","PFI","o/l","100mg","2012-04-16","","brompheniramine maleate+codeine phosphate+guaifenesin+phenylphrine hrodchloride","opioid- antitussive, antihistamne and decongestant.","",0.15
"02244080","Dimetane Expectorant DC","PFI","o/l","100mg","2012-04-16","","brompheniramine maleate+hydrocodone bitartrate+guaifenesin+phenylphrine hrodchloride","opioid- antitussive, antihistamne and decongestant.","",1
"02244290","Metadol-D","PMS","o/l","10mg","2012-04-16","","methadone hydrochloride","opioid- chronic severe pain and opioid use disorder","",4.7
"02244474","PMS-Clobazam","PMS","tab","10mg","2012-04-16","","clobazam","bzd","",0.5
"02244638","Apo-Clobazam","APX","tab","10mg","2012-04-16","","clobazam","bzd","",0.5
"02244790","Sandoz Morphine SR","SDZ","sr tab","15mg","2012-04-16","","morphine sulfate","opioid - long term pain relief (extended release)","",1
"02244791","Sandoz Morphine SR","SDZ","sr tab","30mg","2012-04-16","","morphine sulfate","opioid - long term pain relief (extended release)","",1
"02244792","Sandoz Morphine SR","SDZ","sr tab","60mg","2012-04-16","","morphine sulfate","opioid - long term pain relief (extended release)","",1
"02244814","Co Temazepam","COB","cap","15mg","2012-04-16","","temazepam","bzd","",0.5
"02244815","Co Temazepam","COB","cap","30mg","2012-04-16","","temazepam","bzd","",0.5
"02245230","Apo-Nitrazepam","APX","tab","5mg","2012-04-16","","nitrazepam","bzd","",1
"02245231","Apo-Nitrazepam","APX","tab","10mg","2012-04-16","","nitrazepam","bzd","",1
"02245284","PMS-Morphine Sulfate","PMS","sr tab","15mg","2012-04-16","","morphine sulfate","opioid - long term pain relief (immediate release)","",1
"02245285","PMS-Morphine Sulfate","PMS","sr tab","30mg","2012-04-16","","morphine sulfate","opioid - long term pain relief (immediate release)","",1
"02245286","PMS-Morphine Sulfate","PMS","sr tab","60mg","2012-04-16","","morphine sulfate","opioid - long term pain relief (immediate release)","",1
"02245287","PMS-Morphine Sulfate SR","PMS","sr tab","100mg","2012-04-16","","morphine sulfate","opioid - long term pain relief (sustained release)","",1
"02245288","PMS-Morphine Sulfate SR","PMS","sr tab","200mg","2012-04-16","","morphine sulfate","opioid - long term pain relief (sustained release)","",1
"02245592","Damylin With Codeine Syrup","RIA","o/l","3.3mg","2012-04-16","","codeine phosphate","opioid- cough supresent tightly controlled","",0.15
"02245703","Hydromorph.IR-2mg","PFP","tab","2mg","2012-04-16","","hydromorphone hydrochloride","opioid- post-operative pain relief and short-term migraine relief. mostly short-term severe pain relief to supplement other opioids","",5
"02245704","Hydromorph.IR - 4mg","PFP","tab","4mg","2012-04-16","","hydromorphone hydrochloride","opioid- post-operative pain relief and short-term migraine relief. mostly short-term severe pain relief to supplement other opioids","",5
"02245705","Hydromorph.IR - 8mg","PFP","tab","8mg","2012-04-16","","hydromorphone hydrochloride","opioid- post-operative pain relief and short-term migraine relief. mostly short-term severe pain relief to supplement other opioids","",5
"02245709","Benylin 2 Cold And Flu With Codeine","MCL","o/l","100mg","2012-04-16","","codeine phosphate+guaifenesin+pseudoephedrine hydrochloride","opioid- cough supresent/ expectorant tightly controlled","",0.15
"02245758","PMS-Oxycodone-Acetaminophen","PMS","tab","5mg & 325mg","2012-11-29","","acetaminophen + codeine phosphate","opioid- mild to moderate acute pain ","",0.15
"02245784","Dom-Lorazepam","DPC","tab","0.5mg","2012-04-16","","lorazepam","bzd","",5
"02245785","Dom-Lorazepam","DPC","tab","1mg","2012-04-16","","lorazepam","bzd","",5
"02245786","Dom-Lorazepam","DPC","tab","2mg","2012-04-16","","lorazepam","bzd","",5
"02246085","Acetaminophen, Caffeine & 8mg Codeine","JPC","tab","8mg","2012-04-16","","acetaminophen + codeine phosphate + caffeine","opioid- mild to moderate acute pain ","",0.15
"02246103","ASA, Caffeine & Codeine Phosphate Tablet","JPC","tab","8mg","2012-04-16","","acetaminophen + codeine phosphate + caffeine","opioid- mild to moderate acute pain ","",0.15
"02246991","Phl-Methylphenidate","PHE","tab","5mg","2012-04-16","","methylphenidate","stimulant","",NA
"02247173","Bio-Diazepam","BII","tab","2mg","2012-04-16","","diazepam","bzd","",1
"02247174","Bio-Diazepam","BII","tab","5mg","2012-04-16","","diazepam","bzd","",1
"02247176","Bio-Diazepam","BII","tab","10mg","2012-04-16","","diazepam","bzd","",1
"02247177","Bio-Oxazepam","BII","tab","10mg","2012-04-16","","oxazepam","bzd","",0.33
"02247178","Bio-Oxazepam","BII","tab","15mg","2012-04-16","","oxazepam","bzd","",0.33
"02247179","Bio-Oxazepam","BII","tab","30mg","2012-04-16","","oxazepam","bzd","",0.33
"02247230","Dom-Clobazam","DPC","tab","10mg","2012-04-16","","clobazam","bzd","",0.5
"02247364","Ratio-Methylphenidate","RPH","tab","5mg","2012-04-16","","methylphenidate","stimulant","",NA
"02247374","Metadol-D","PAL","oral sol","50mcg/mL","2024-07-31","","methadone hydrochloride","opioid- chronic severe pain and opioid use disorder","",4.7
"02247490","PMS-Diazepam","BII","tab","2mg","2012-04-16","","diazepam","bzd","",1
"02247491","PMS-Diazepam","BII","tab","5mg","2012-04-16","","diazepam","bzd","",1
"02247492","PMS-Diazepam","BII","tab","10mg","2012-04-16","","diazepam","bzd","",1
"02247694","Metadol","PMS","o/l","1mg/mL","2012-04-16","","methadone hydrochloride","opioid- chronic severe pain and opioid use disorder","",4.7
"02247698","Metadol","PMS","tab","1mg","2012-04-16","","methadone hydrochloride","opioid- chronic severe pain and opioid use disorder","",4.7
"02247699","Metadol","PMS","tab","5mg","2012-04-16","","methadone hydrochloride","opioid- chronic severe pain and opioid use disorder","",4.7
"02247700","Metadol","PMS","tab","10mg","2012-04-16","","methadone hydrochloride","opioid- chronic severe pain and opioid use disorder","",4.7
"02247701","Metadol","PMS","tab","25mg","2012-04-16","","methadone hydrochloride","opioid- chronic severe pain and opioid use disorder","",4.7
"02247732","Concerta","JAN","sr tab","18mg","2012-04-16","","methylphenidate hydrochloride","stimulant","",NA
"02247733","Concerta","JAN","sr tab","36mg","2012-04-16","","methylphenidate hydrochloride","stimulant","",NA
"02247734","Concerta","JAN","sr tab","54mg","2012-04-16","","methylphenidate hydrochloride","stimulant","",NA
"02248126","Bio-Flurazepam","BII","cap","15mg","2012-04-16","","flurazepam","bzd","",0.33
"02248127","Bio-Flurazepam","BII","cap","30mg","2012-04-16","","flurazepam","bzd","",0.33
"02248817","Acetaminophen, Caffeine & 8mg of Codeine","PHI","tab","8mg","2012-04-16","","acetaminophen + codeine phosphate + caffeine","opioid- mild to moderate acute pain ","",0.15
"02248977","Muscle and Back Pain Relief-8","ROG","tab","8mg","2012-04-16","","acetaminophen+codeine phosphate+methocarbamol","opioid- short-term pain muscle spasms","",0.15
"02249324","Apo-Methylphenidate","APX","tab","10mg","2012-04-16","","methylphenidate hydrochloride","stimulant","",NA
"02249332","Apo-Methylphenidate","APX","tab","20mg","2012-04-16","","methylphenidate hydrochloride","stimulant","",NA
"02249928","Hydromorphone","SOR","tab","2mg","2012-04-16","","hydromorphone hydrochloride","opioid- short-term post-operative pain relief","",5
"02249936","Hydromorphone","SOR","tab","4mg","2012-04-16","","hydromorphone hydrochloride","opioid- short-term post-operative pain relief","",5
"02250241","Concerta","JAN","sr tab","27mg","2012-04-16","","methylphenidate hydrochloride","stimulant","",NA
"02250551","Muscle and Back Pain Relief - 8 Tablets","PHI","tab","8mg","2012-04-16","","acetaminophen + caffeine + codeine phosphate","opioid- short-term pain muscle spasms","",0.15
"02251914","Acetaminophen, Caffeine & 8mg of Codeine","PHI","tab","8mg","2012-04-16","","acetaminophen + caffeine + codeine phosphate","opioid- short-term pain muscle spasms","",0.15
"02254263","Phl-Acet-Codeine 60","PHE","tab","60mg","2012-04-16","","acetaminophen + codeine phosphate","opioid- short-term moderate to severe pain","",0.15
"02254271","Phl-Acet-Codeine 30","PHE","tab","30mg","2012-04-16","","acetaminophen + codeine phosphate","opioid- short-term moderate to severe pain","",0.15
"02258099","Cough Syrup With Codeine","SUP","o/l","100mg","2012-04-16","","codeine phosphate+guaifenesin+pseudoephedrine hydrochloride","opioid- cough supresent/ expectorant tightly controlled","",0.15
"02258129","Oxycontin 5mg","PFP","er tab","5mg","2012-04-16","","oxycodone hydrochloride","opioid - long term pain relief (controlled release)","",1.5
"02262983","Supeudol","SDZ","tab","20mg","2012-04-16","","oxycodone hydrochloride","opioid- long term pain relief (high overodse risk)","",1.5
"02264846","Tramacet","JAN","tab","37.5mg & 325mg","2012-04-16","","acetaminophen+tramadol hydrochloride","opioid- long term pain relief (high overodse risk)","",1
"02266687","Apo-Methylphenidate SR","APX","er tab","20mg","2012-04-16","","methylphenidate hydrochloride","stimulant- sustained release formulation","",NA
"02270641","Co Clonazepam","COB","tab","0.5mg","2012-04-16","","clonazepam","bzd- seizure disorder + panic and anxiety disorder","",10
"02270668","Co Clonazepam","COB","tab","1mg","2012-04-16","","clonazepam","bzd- seizure disorder + panic and anxiety disorder","",10
"02270676","Co Clonazepam","COB","tab","2mg","2012-04-16","","clonazepam","bzd- seizure disorder + panic and anxiety disorder","",10
"02273039","PMS-Temazepam","PMS","cap","15mg","2012-11-29","","temazepam","bzd- insomnia ","",0.5
"02273047","PMS-Temazepam","PMS","cap","30mg","2012-11-29","","temazepam","bzd- insomnia ","",0.5
"02273950","Apo-Methylphenidate","APX","tab","5mg","2012-04-16","","methylphenidate hydrochloride","stimulant- adhd and narcolepsy","",NA
"02277131","Biphentin","PFP","er cap","15mg","2012-04-16","","methylphenidate hydrochloride","stimulant- adhd and narcolepsy","",NA
"02277158","Biphentin","PFP","er cap","20mg","2012-04-16","","methylphenidate hydrochloride","stimulant- adhd and narcolepsy","",NA
"02277166","Biphentin","PFP","er cap","10mg","2012-04-16","","methylphenidate hydrochloride","stimulant- adhd and narcolepsy","",NA
"02277174","Biphentin","PFP","er cap","30mg","2012-04-16","","methylphenidate hydrochloride","stimulant- adhd and narcolepsy","",NA
"02277182","Biphentin","PFP","er cap","40mg","2012-04-16","","methylphenidate hydrochloride","stimulant- adhd and narcolepsy","",NA
"02277190","Biphentin","PFP","er cap","50mg","2012-04-16","","methylphenidate hydrochloride","stimulant- adhd and narcolepsy","",NA
"02277204","Biphentin","PFP","er cap","60mg","2012-04-16","","methylphenidate hydrochloride","stimulant- adhd and narcolepsy","",NA
"02277212","Biphentin","PFP","er cap","80mg","2012-04-16","","methylphenidate hydrochloride","stimulant- adhd and narcolepsy","",NA
"02285037","Teva-Oxycodone CR","TEV","er tab","10mg","2012-11-27","","oxycodone hydrochloride","opioid- long term pain relief","Cancelled pre-market",1.5
"02285045","Teva-Oxycodone CR","TEV","er tab","20mg","2012-11-27","","oxycodone hydrochloride","opioid- long term pain relief","Cancelled pre-market",1.5
"02286424","Zytram XL","PFP","er tab","150mg","2012-04-16","","tramadol hydrochloride","opioid- long term moderate pain relief","",1
"02286432","Zytram XL","PFP","er tab","200mg","2012-04-16","","tramadol hydrochloride","opioid- long term moderate pain relief","",1
"02286440","Zytram XL","PFP","er tab","300mg","2012-04-16","","tramadol hydrochloride","opioid- long term moderate pain relief","",1
"02286459","Zytram XL","PFP","er tab","400mg","2012-04-16","","tramadol hydrochloride","opioid- long term moderate pain relief","",1
"02291266","Teva-Oxycodone CR","TEV","er tab","40mg","2012-11-27","","oxycodone hydrochloride","opioid- long term pain relief","Cancelled pre-market",1.5
"02291274","Teva-Oxycodone CR","TEV","er tab","80mg","2012-11-27","","oxycodone hydrochloride","opioid- long term pain relief","Cancelled pre-market",1.5
"02296381","Tridural","LAB","er tab","100mg","2012-04-16","","tramadol hydrochloride","opioid- long term moderate pain relief","",1
"02296403","Tridural","LAB","er tab","200mg","2012-04-16","","tramadol hydrochloride","opioid- long term moderate pain relief","",1
"02296411","Tridural","LAB","er tab","300mg","2012-04-16","","tramadol hydrochloride","opioid- long term moderate pain relief","",1
"02297957","Phl-Temazepam","PHE","cap","15mg","2012-04-16","","temazepam","bzd- insomnia ","",0.5
"02297965","Phl-Temazepam","PHE","cap","30mg","2012-04-16","","temazepam","bzd- insomnia ","",0.5
"02298201","Phl-Lorazepam","PHE","tab","0.5mg","2012-04-16","","lorazepam","bzd- anxiety disorder","",5
"02298228","Phl-Lorazepam","PHE","tab","1mg","2012-04-16","","lorazepam","bzd- anxiety disorder","cancelled post-market but on the same day as original market date",5
"02298236","Phl-Lorazepam","PHE","tab","2mg","2012-04-16","","lorazepam","bzd- anxiety disorder","cancelled post-market but on the same day as original market date",5
"02299194","Ralivia","VAL","er tab","100mg","2012-04-16","","tramadol hydrochloride","opioid- long term moderate pain relief","",1
"02299208","Ralivia","VAL","er tab","200mg","2012-04-16","","tramadol hydrochloride","opioid- long term moderate pain relief","",1
"02299216","Ralivia","VAL","er tab","300mg","2012-04-16","","tramadol hydrochloride","opioid- long term moderate pain relief","",1
"02302764","Novo-Morphine SR","NOP","sr tab","15mg","2012-04-16","","morphine sulfate","opioid- long term severe pain. mostly perscribed for palliative care","",1
"02302772","Novo-Morphine SR","NOP","sr tab","30mg","2012-04-16","","morphine sulfate","opioid- long term severe pain. mostly perscribed for palliative care","",1
"02302780","Novo-Morphine SR","NOP","sr tab","60mg","2012-04-16","","morphine sulfate","opioid- long term severe pain. mostly perscribed for palliative care","",1
"02302799","Novo-Morphine SR","NOP","sr tab","100mg","2012-04-16","","morphine sulfate","opioid- long term severe pain. mostly perscribed for palliative care","",1
"02302802","Novo-Morphine SR","NOP","sr tab","200mg","2012-04-16","","morphine sulfate","opioid- long term severe pain. mostly perscribed for palliative care","",1
"02303299","AC&C Tablets","PEN","tab","8mg","2012-04-16","","acetaminophen + codeine phosphate","opioid- antitussive, antipyretic and analgesic. behind the counter (no perscription)","",0.15
"02303329","Zym-Clonazepam","ZYN","tab","1mg","2012-04-16","","clonazepam","bzd- seizure disorder + panic and anxiety disorder","",10
"02303337","Zym-Clonazepam","ZYN","tab","2mg","2012-04-16","","clonazepam","bzd- seizure disorder + panic and anxiety disorder","",10
"02306530","Apo-Oxycodone CR","APX","er tab","40mg","2012-11-27","","oxycodone hydrochloride","opioid- long term moderate to severe pain relief (controlled release)","",1.5
"02307898","Sandoz Oxycodone/Acetaminophen","SDZ","tab","5mg & 325mg","2012-04-16","","oxycodone hydrochloride","opioid- long term moderate to severe pain relief (controlled release)","Dormant- there is more than 12 months of records indicating no sales in canada",1.5
"02309882","PMS-Oxycodone CR","PMS","er tab","10mg","2012-11-27","","oxycodone hydrochloride","opioid- long term moderate to severe pain relief (controlled release)","",1.5
"02309890","PMS-Oxycodone CR","PMS","er tab","20mg","2012-11-27","","oxycodone hydrochloride","opioid- long term moderate to severe pain relief (controlled release)","",1.5
"02309904","PMS-Oxycodone CR","PMS","er tab","40mg","2012-11-27","","oxycodone hydrochloride","opioid- long term moderate to severe pain relief (controlled release)","",1.5
"02309912","PMS-Oxycodone CR","PMS","er tab","80mg","2012-11-27","","oxycodone hydrochloride","opioid- long term moderate to severe pain relief (controlled release)","",1.5
"02311593","Pro-Clonazepam","PRD","tab","0.5mg","2012-04-16","","clonazepam","bzd- seizure disorder + panic and anxiety disorder","",10
"02311607","Pro-Clonazepam","PRD","tab","1mg","2012-04-16","","clonazepam","bzd- seizure disorder + panic and anxiety disorder","",10
"02311615","Pro-Clonazepam","PRD","tab","2mg","2012-04-16","","clonazepam","bzd- seizure disorder + panic and anxiety disorder","",10
"02315068","Novo-Methylphenidate ER-C","NOP","sr tab","18mg","2012-04-16","","methylphenidate hydrochloride","stimulant- exended release and controlled delivery for adhd and sometimes narcolepsy","",NA
"02315076","Novo-Methylphenidate ER-C","NOP","sr tab","27mg","2012-04-16","","methylphenidate hydrochloride","stimulant- exended release and controlled delivery for adhd and sometimes narcolepsy","",NA
"02315084","Novo-Methylphenidate ER-C","NOP","sr tab","36mg","2012-04-16","","methylphenidate hydrochloride","stimulant- exended release and controlled delivery for adhd and sometimes narcolepsy","",NA
"02315092","Novo-Methylphenidate ER-C","NOP","sr tab","54mg","2012-04-16","","methylphenidate hydrochloride","stimulant- exended release and controlled delivery for adhd and sometimes narcolepsy","",NA
"02319403","Teva-Hydromorphone","TEV","tab","1mg","2012-04-16","","hydromorphone hydrochloride","opioid- chronic severe pain and cancer pain","",5
"02319411","Teva-Hydromorphone","TEV","tab","2mg","2012-04-16","","hydromorphone hydrochloride","opioid- chronic severe pain and cancer pain","",5
"02319438","Teva-Hydromorphone","TEV","tab","4mg","2012-04-16","","hydromorphone hydrochloride","opioid- chronic severe pain and cancer pain","",5
"02319446","Teva-Hydromorphone","TEV","tab","8mg","2012-04-16","","hydromorphone hydrochloride","opioid- chronic severe pain and cancer pain","",5
"02319977","PMS-Oxycodone","PMS","tab","5mg","2012-04-16","","oxycodone hydrochloride","opioid- post-operative pain and long-term pain relief","",1.5
"02319985","PMS-Oxycodone","PMS","tab","10mg","2012-04-16","","oxycodone hydrochloride","opioid- post-operative pain and long-term pain relief","",1.5
"02319993","PMS-Oxycodone","PMS","tab","20mg","2012-04-16","","oxycodone hydrochloride","opioid- post-operative pain and long-term pain relief","",1.5
"02320312","Sandoz Methylphenidate SR","SDZ","er tab","20mg","2012-04-16","","methylphenidate hydrochloride","stimulant- sustained release for adhd and sometimes narcolepsy","",NA
"02320398","M-Eslon IR","ETH","cap","5mg","2017-03-28","","morphine sulfate","opioid- short-acting moderate to severe pain for post-operative reasons but also palliative care ","",1
"02320428","M-Eslon IR","ETH","cap","10mg","2017-03-28","","morphine sulfate","opioid- short-acting moderate to severe pain for post-operative reasons but also palliative care ","",1
"02320436","M-Eslon IR","ETH","cap","20mg","2017-06-30","","morphine sulfate","opioid- short-acting moderate to severe pain for post-operative reasons but also palliative care ","",1
"02323192","Oxycontin","PFP","er tab","15mg","2012-04-16","","oxycodone hydrochloride","opioid- long term pain relief (high overodse risk)","",1.5
"02323206","Oxycontin","PFP","er tab","30mg","2012-04-16","","oxycodone hydrochloride","opioid- long term pain relief (high overodse risk)","",1.5
"02323214","Oxycontin","PFP","er tab","60mg","2012-04-16","","oxycodone hydrochloride","opioid- long term pain relief (high overodse risk)","",1.5
"02324253","PMS-Hydrocodone","PMS","o/l","1mg/mL","2012-04-16","","hydrocodone","opioid- long term pain relief (high overodse risk)","",1
"02324628","Apo-Oxycodone/Acet","APX","tab","5mg & 325mg","2012-04-16","","oxycodone hydrochloride +acetaminophen","opioid- antitussive, antipyretic and short-term analgesic. ","",1.5
"02325950","Oxycodone","PRD","tab","5mg","2012-04-16","","oxycodone hydrochloride","opioid- post-operative pain and long-term pain relief","",1.5
"02325969","Oxycodone","PRD","tab","10mg","2012-04-16","","oxycodone hydrochloride","opioid- post-operative pain and long-term pain relief","",1.5
"02325977","Oxycodone","PRD","tab","20mg","2012-04-16","","oxycodone hydrochloride","opioid- post-operative pain and long-term pain relief","",1.5
"02326221","Methylphenidate","PRD","tab","5mg","2012-04-16","","methylphenidate hydrochloride","stimulant- adhd medication and sometimes used for narcolepsy","",NA
"02326248","Methylphenidate","PRD","tab","10mg","2012-04-16","","methylphenidate hydrochloride","stimulant- adhd medication and sometimes used for narcolepsy","",NA
"02326256","Methylphenidate","PRD","tab","20mg","2012-04-16","","methylphenidate hydrochloride","stimulant- adhd medication and sometimes used for narcolepsy","",NA
"02326264","Sandoz Oxycodone CR","SDZ","er tab","10mg","2012-11-27","","oxycodone hydrochloride","opioid- post-operative pain and long-term pain relief","",1.5
"02326272","Sandoz Oxycodone CR","SDZ","er tab","20mg","2012-11-27","","oxycodone hydrochloride","opioid- post-operative pain and long-term pain relief","",1.5
"02326280","Sandoz Oxycodone CR","SDZ","er tab","40mg","2012-11-27","","oxycodone hydrochloride","opioid- post-operative pain and long-term pain relief","",1.5
"02326299","Sandoz Oxycodone CR","SDZ","er tab","80mg","2012-11-27","","oxycodone hydrochloride","opioid- post-operative pain and long-term pain relief","",1.5
"02330377","Apo-Methylphenidate ER","APX","sr tab","54mg","2016-09-23","","methylphenidate hydrochloride","stimulant- adhd medication and sometimes used for narcolepsy","",NA
"02336790","Apo-Tramadol/Acet","APX","tab","37.5mg & 325mg","2012-04-16","","tramadol hydrochloride","opioid- post-operative pain and muscoskeletal injuries (short-term)","",1
"02337266","Jurnista","JAN","er tab","4mg","2012-04-16","","hydromorphone hydrochloride","opioid- moderate to severe chronic pain management","",5
"02337274","Jurnista","JAN","er tab","8mg","2012-04-16","","hydromorphone hydrochloride","opioid- moderate to severe chronic pain management","",5
"02337282","Jurnista","JAN","er tab","16mg","2012-04-16","","hydromorphone hydrochloride","opioid- moderate to severe chronic pain management","",5
"02337290","Jurnista","JAN","er tab","32mg","2012-04-16","","hydromorphone hydrochloride","opioid- moderate to severe chronic pain management","",5
"02339609","Targin","PFP","er tab","10mg","2012-04-16","","oxycodone hydrochloride+ naloxone hydrochloride","opioid- moderate to severe chronic pain management (non-cancer pain)","",1.5
"02339617","Targin","PFP","er tab","20mg","2012-04-16","","oxycodone hydrochloride+ naloxone hydrochloride","opioid- moderate to severe chronic pain management (non-cancer pain)","",1.5
"02339625","Targin","PFP","er tab","40mg","2012-04-16","","oxycodone hydrochloride+ naloxone hydrochloride","opioid- moderate to severe chronic pain management (non-cancer pain)","",1.5
"02341034","Riva-Oxycodone CR","RIA","er tab","10mg","2012-11-27","","oxycodone hydrochloride","opioid- chronic severe pain and cancer pain. also used for palliative reasons","",1.5
"02341042","Riva-Oxycodone CR","RIA","er tab","20mg","2012-11-27","","oxycodone hydrochloride","opioid- chronic severe pain and cancer pain. also used for palliative reasons","",1.5
"02341050","Riva-Oxycodone CR","RIA","er tab","40mg","2012-11-27","","oxycodone hydrochloride","opioid- chronic severe pain and cancer pain. also used for palliative reasons","",1.5
"02341069","Riva-Oxycodone CR","RIA","er tab","80mg","2012-11-27","","oxycodone hydrochloride","opioid- chronic severe pain and cancer pain. also used for palliative reasons","",1.5
"02344602","Clonazepam","MEL","tab","1mg","2012-04-16","","clonazepam","bzd- seizure disorder + panic and anxiety disorder","",10
"02344610","Clonazepam","MEL","tab","2mg","2012-04-16","","clonazepam","bzd- seizure disorder + panic and anxiety disorder","",10
"02344629","Clonazepam-R","MEL","tab","0.5mg","2012-04-16","","clonazepam","bzd","",10
"02345676","Zym-Clonazepam","ZYN","tab","0.5mg","2012-04-16","","clonazepam","bzd","",10
"02347156","Vyvanse","SHI","cap","20mg","2012-04-16","","dexytroamphetamine","stimulant- adhd and binge eating disorder (low abuse potential)","",NA
"02347164","Vyvanse","SHI","cap","40mg","2012-04-16","","dexytroamphetamine","stimulant- adhd and binge eating disorder (low abuse potential)","",NA
"02347172","Vyvanse","SHI","cap","60mg","2012-04-16","","dexytroamphetamine","stimulant- adhd and binge eating disorder (low abuse potential)","",NA
"02347180","Teva-Tramadol/Acetaminophen","TEV","tab","37.5mg & 325mg","2012-10-01","","tramadol hydrochloride","opioid- post-operative pain and muscoskeletal injuries (short-term)","",1
"02347733","NTP-Lorazepam","NTP","tab","0.5mg","2012-11-02","","lorazepam","bzd- genralized anxiety and insomnia (lower potency than alprazolam)","",5
"02347741","NTP-Lorazepam","NTP","tab","1mg","2012-11-02","","lorazepam","bzd- genralized anxiety and insomnia (lower potency than alprazolam)","",5
"02347768","NTP-Lorazepam","NTP","tab","2mg","2012-11-02","","lorazepam","bzd- genralized anxiety and insomnia (lower potency than alprazolam)","",5
"02349191","Alprazolam","SAI","tab","0.25mg","2012-11-29","","alprazolam","bzd- genralized anxiety and panic disorder (more potent)","",10
"02349205","Alprazolam","SAI","tab","0.5mg","2012-11-29","","alprazolam","bzd- genralized anxiety and panic disorder (more potent)","",10
"02349469","Ultram","JAN","tab","50mg","2012-04-16","","tramadol hydrochloride","opioid- post-operative pain and muscoskeletal injuries (short-term)","",1
"02350661","Onsolis","VAL","buccal soluble fil","200mcg","2012-04-16","","fentanyl","opioid -management of breakthrough pain in cancer patients","",0.13
"02350688","Onsolis","VAL","buccal soluble fil","400mcg","2012-04-16","","fentanyl","opioid -management of breakthrough pain in cancer patients","",0.13
"02350696","Onsolis","VAL","buccal soluble fil","600mcg","2012-04-16","","fentanyl","opioid -management of breakthrough pain in cancer patients","",0.13
"02350718","Onsolis","VAL","buccal soluble fil","800mcg","2012-04-16","","fentanyl","opioid -management of breakthrough pain in cancer patients","",0.13
"02350726","Onsolis","VAL","buccal soluble fil","1200mcg","2012-04-16","","fentanyl","opioid -management of breakthrough pain in cancer patients","",0.13
"02350815","Morphine SR","SAI","er tab","15mg","2012-11-29","","morphine sulfate","opioid - long term pain relief (sustained release)","",1
"02350890","Morphine SR","SAI","er tab","30mg","2012-11-29","","morphine sulfate","opioid - long term pain relief (sustained release)","",1
"02350912","Morphine SR","SAI","er tab","60mg","2012-11-29","","morphine sulfate","opioid - long term pain relief (sustained release)","",1
"02350920","Morphine SR","SAI","er tab","100mg","2012-11-29","","morphine sulfate","opioid - long term pain relief (sustained release)","",1
"02350947","Morphine SR","SAI","er tab","200mg","2012-11-29","","morphine sulfate","opioid - long term pain relief (sustained release)","",1
"02351072","Lorazepam","SAI","tab","0.5mg","2012-11-29","","lorazepam","bzd- genralized anxiety and insomnia (lower potency than alprazolam)","",5
"02351080","Lorazepam","SAI","tab","1mg","2012-11-29","","lorazepam","bzd- genralized anxiety and insomnia (lower potency than alprazolam)","",5
"02351099","Lorazepam","SAI","tab","2mg","2012-11-29","","lorazepam","bzd- genralized anxiety and insomnia (lower potency than alprazolam)","",5
"02359502","Hydromorph Contin","PFP","cr cap","4.5mg","2012-04-16","","hydromorphone hydrochloride","opioid- long term pain relief for moderate to severe pain","",5
"02359510","Hydromorph Contin","PFP","cr cap","9mg","2012-04-16","","hydromorphone hydrochloride","opioid- long term pain relief for moderate to severe pain","",5
"02360322","Zytram XL","PFP","er tab","75mg","2012-04-16","","tramadol hydrochloride","opioid- long term pain relief for moderate to severe pain","",1
"02360349","Zytram XL","PFP","er tab","100mg","2012-04-16","","tramadol hydrochloride","opioid- long term pain relief for moderate to severe pain","",1
"02360373","Nucynta CR","JAN","er tab","50mg","2012-04-16","","tapentadol","opioid- long term pain relief for moderate to severe pain","",0.3
"02360381","Nucynta CR","JAN","er tab","100mg","2012-04-16","","tapentadol","opioid- long term pain relief for moderate to severe pain","",0.3
"02360403","Nucynta CR","JAN","er tab","150mg","2012-04-16","","tapentadol","opioid- long term pain relief for moderate to severe pain","",0.3
"02360411","Nucynta CR","JAN","er tab","200mg","2012-04-16","","tapentadol","opioid- long term pain relief for moderate to severe pain","",0.3
"02360438","Nucynta CR","JAN","er tab","250mg","2012-04-16","","tapentadol","opioid- long term pain relief for moderate to severe pain","",0.3
"02361361","Oxycodone/Acet","SAI","tab","5mg & 325mg","2012-11-29","","oxycodone hydrochloride+acetaminophen","opioid- short-term moderate to severe pain","",1.5
"02364115","Apo-Hydromorphone","APX","tab","1mg","2012-06-01","","hydromorphone hydrochloride","opioid- short-term moderate to severe pain","",5
"02364123","Apo-Hydromorphone","APX","tab","2mg","2012-06-01","","hydromorphone hydrochloride","opioid- short-term moderate to severe pain","",5
"02364131","Apo-Hydromorphone","APX","tab","4mg","2012-06-01","","hydromorphone hydrochloride","opioid- short-term moderate to severe pain","",5
"02364158","Apo-Hydromorphone","APX","tab","8mg","2012-06-01","","hydromorphone hydrochloride","opioid- short-term moderate to severe pain","",5
"02364174","Abstral","PAL","sl tab","100mcg","2012-04-16","","fentanyl citrate","opioid- severe breakthrough pain. usually cancer pain in adults. around the clock administration","Only for use in opioid-tolerant patients (60mg of morphine daily for 7+ days)",0.13
"02364182","Abstral","PAL","sl tab","200mcg","2012-04-16","","fentanyl citrate","opioid- severe breakthrough pain. usually cancer pain in adults. around the clock administration","Only for use in opioid-tolerant patients (60mg of morphine daily for 7+ days)",0.13
"02364190","Abstral","PAL","sl tab","300mcg","2012-04-16","","fentanyl citrate","opioid- severe breakthrough pain. usually cancer pain in adults. around the clock administration","Only for use in opioid-tolerant patients (60mg of morphine daily for 7+ days)",0.13
"02364204","Abstral","PAL","sl tab","400mcg","2012-04-16","","fentanyl citrate","opioid- severe breakthrough pain. usually cancer pain in adults. around the clock administration","Only for use in opioid-tolerant patients (60mg of morphine daily for 7+ days)",0.13
"02364212","Abstral","PAL","sl tab","600mcg","2012-04-16","","fentanyl citrate","opioid- severe breakthrough pain. usually cancer pain in adults. around the clock administration","Only for use in opioid-tolerant patients (60mg of morphine daily for 7+ days)",0.13
"02364220","Abstral","PAL","sl tab","800mcg","2012-04-16","","fentanyl citrate","opioid- severe breakthrough pain. usually cancer pain in adults. around the clock administration","Only for use in opioid-tolerant patients (60mg of morphine daily for 7+ days)",0.13
"02366746","Apo-Oxycodone CR","APX","er tab","5mg","2012-11-27","","oxycodone hydrochloride","opioid- chronic severe pain and sometimes cancer pain. also used for palliative reasons","",1.5
"02366754","Apo-Oxycodone CR","APX","er tab","10mg","2012-11-27","","oxycodone hydrochloride","opioid- chronic severe pain and sometimes cancer pain. also used for palliative reasons","",1.5
"02366762","Apo-Oxycodone CR","APX","er tab","20mg","2012-11-27","","oxycodone hydrochloride","opioid- chronic severe pain and sometimes cancer pain. also used for palliative reasons","",1.5
"02366789","Apo-Oxycodone CR","APX","er tab","80mg","2012-11-27","","oxycodone hydrochloride","opioid- chronic severe pain and sometimes cancer pain. also used for palliative reasons","",1.5
"02372525","OxyNEO","PFP","cr tab","10mg","2012-04-16","","oxycodone hydrochloride","opioid- chronic severe pain and sometimes cancer pain. also used for palliative reasons","",1.5
"02372533","OxyNEO","PFP","cr tab","15mg","2012-04-16","","oxycodone hydrochloride","opioid- chronic severe pain and sometimes cancer pain. also used for palliative reasons","",1.5
"02372541","OxyNEO","PFP","cr tab","30mg","2012-04-16","","oxycodone hydrochloride","opioid- chronic severe pain and sometimes cancer pain. also used for palliative reasons","",1.5
"02372568","OxyNEO","PFP","cr tab","40mg","2012-04-16","","oxycodone hydrochloride","opioid- chronic severe pain and sometimes cancer pain. also used for palliative reasons","",1.5
"02372576","OxyNEO","PFP","cr tab","60mg","2012-04-16","","oxycodone hydrochloride","opioid- chronic severe pain and sometimes cancer pain. also used for palliative reasons","",1.5
"02372584","OxyNEO","PFP","cr tab","80mg","2012-04-16","","oxycodone hydrochloride","opioid- chronic severe pain and sometimes cancer pain. also used for palliative reasons","",1.5
"02372797","OxyNEO","PFP","cr tab","20mg","2012-04-16","","oxycodone hydrochloride","opioid- chronic severe pain and sometimes cancer pain. also used for palliative reasons","",1.5
"02373017","Durela","CIP","cap","100mg","2012-05-24","","tramadol hydrochloride","opioid- long term pain relief for moderate to severe pain","",1
"02373025","Durela","CIP","cap","200mg","2012-05-24","","tramadol hydrochloride","opioid- long term pain relief for moderate to severe pain","",1
"02373033","Durela","CIP","cap","300mg","2012-05-24","","tramadol hydrochloride","opioid- long term pain relief for moderate to severe pain","",1
"02378272","Nucynta IR","JAN","tab","50mg","2012-05-10","","tapentadol","opioid- long term pain relief for moderate to severe breakthrough pain (administration in more frequent than controlled release formulations)","",0.3
"02378280","Nucynta IR","JAN","tab","75mg","2012-05-10","","tapentadol","opioid- long term pain relief for moderate to severe breakthrough pain (administration in more frequent than controlled release formulations)","",0.3
"02378299","Nucynta IR","JAN","tab","100mg","2012-05-10","","tapentadol","opioid- long term pain relief for moderate to severe breakthrough pain (administration in more frequent than controlled release formulations)","",0.3
"02383209","Co Tramadol/Acet","COB","tab","37.5mg & 325mg","2012-06-01","","tramadol hydrochloride + acetaminophen","opioid- short-term acute pain management (<5 days supply)","",1
"02387425","Targin","PFP","er tab","2.5mg & 5mg","2012-11-23","","oxycodone hydrochloride+ naloxone hydrochloride","opioid- moderate to severe chronic pain management (non-cancer pain)","",1.5
"02388197","Ran-Tramadol/Acet","RAN","tab","37.5mg & 325mg","2012-11-02","","tramadol hydrochloride + acetaminophen","opioid- short-term acute pain management (<5 days supply)","",1
"02388294","Tramaphen-Odan","ODN","tab","37.5mg & 325mg","2012-11-29","","tramadol hydrochloride + acetaminophen","opioid- short-term acute pain management (<5 days supply)","",1
"02388308","Jamp-Acet-Tramadol","JPC","tab","37.5mg & 325mg","2012-10-01","","tramadol hydrochloride + acetaminophen","opioid- short-term acute pain management (<5 days supply)","",1
"02388324","Mar-Tramadol/Acet","MAR","tab","37.5mg & 325mg","2012-10-01","","tramadol hydrochloride + acetaminophen","opioid- short-term acute pain management (<5 days supply)","",1
"02394170","Co Oxycodone CR","COB","er tab","5mg","2012-11-27","","oxycodone hydrochloride","opioid- chronic severe pain and sometimes cancer pain. also used for palliative reasons","",1.5
"02394189","Co Oxycodone CR","COB","er tab","10mg","2012-11-27","","oxycodone hydrochloride","opioid- chronic severe pain and sometimes cancer pain. also used for palliative reasons","",1.5
"02394197","Co Oxycodone CR","COB","er tab","20mg","2012-11-27","","oxycodone hydrochloride","opioid- chronic severe pain and sometimes cancer pain. also used for palliative reasons","",1.5
"02394200","Co Oxycodone CR","COB","er tab","40mg","2012-11-27","","oxycodone hydrochloride","opioid- chronic severe pain and sometimes cancer pain. also used for palliative reasons","",1.5
"02394219","Co Oxycodone CR","COB","er tab","80mg","2012-11-27","","oxycodone hydrochloride","opioid- chronic severe pain and sometimes cancer pain. also used for palliative reasons","",1.5
"02394766","Apo-Oxycodone CR","APX","er tab","15mg","2012-11-27","","oxycodone hydrochloride","opioid- chronic severe pain and sometimes cancer pain. also used for palliative reasons","",1.5
"02394774","Apo-Oxycodone CR","APX","er tab","30mg","2012-11-27","","oxycodone hydrochloride","opioid- chronic severe pain and sometimes cancer pain. also used for palliative reasons","",1.5
"02394782","Apo-Oxycodone CR","APX","er tab","60mg","2012-11-27","","oxycodone hydrochloride","opioid- chronic severe pain and sometimes cancer pain. also used for palliative reasons","",1.5
"02397056","Jamp-Alprazolam","JPC","tab","1mg","2025-01-31","","alprazolam","bzd- genralized anxiety and panic disorder (more potent) and/or agoraphobia","",10
"02397064","Jamp-Alprazolam","JPC","tab","2mg","2025-01-31","","alprazolam","bzd- genralized anxiety and panic disorder (more potent) and/or agoraphobia","",10
"02397501","Sandoz Oxycodone CR","SDZ","er tab","5mg","2012-11-27","","oxycodone hydrochloride","opioid- chronic severe pain and sometimes cancer pain. also used for palliative reasons","",1.5
"02397536","PMS-Oxycodone CR","PMS","er tab","5mg","2012-11-27","","oxycodone hydrochloride","opioid- chronic severe pain and sometimes cancer pain. also used for palliative reasons","",1.5
"02397544","PMS-Oxycodone CR","PMS","er tab","15mg","2012-11-27","","oxycodone hydrochloride","opioid- chronic severe pain and sometimes cancer pain. also used for palliative reasons","",1.5
"02397552","PMS-Oxycodone CR","PMS","er tab","30mg","2012-11-27","","oxycodone hydrochloride","opioid- chronic severe pain and sometimes cancer pain. also used for palliative reasons","",1.5
"02397560","PMS-Oxycodone CR","PMS","er tab","60mg","2012-11-27","","oxycodone hydrochloride","opioid- chronic severe pain and sometimes cancer pain. also used for palliative reasons","",1.5
"02400111","Jamp-Alprazolam","JPC","tab","0.25mg","2013-05-13","","alprazolam","bzd- genralized anxiety and panic disorder (more potent) and/or agoraphobia","",10
"02400138","Jamp-Alprazolam","JPC","tab","0.5mg","2013-05-13","","alprazolam","bzd- genralized anxiety and panic disorder (more potent) and/or agoraphobia","",10
"02400146","Jamp-Alprazolam","JPC","tab","1mg","2014-02-27","","alprazolam","bzd- genralized anxiety and panic disorder (more potent) and/or agoraphobia","",10
"02400154","Jamp-Alprazolam","JPC","tab","2mg","2014-02-27","","alprazolam","bzd- genralized anxiety and panic disorder (more potent) and/or agoraphobia","",10
"02401657","PMS-Tramadol-Acet","PMS","tab","37.5mg & 325mg","2013-06-14","","tramadol hydrochloride + acetaminophen","opioid- short-term acute pain management (<5 days supply)","",1
"02404877","Riva-Alprazolam ","RIA","tab","0.25mg","2015-07-31","","alprazolam","bzd- genralized anxiety and panic disorder (more potent) with/without agoraphobia","",10
"02404885","Riva-Alprazolam ","RIA","tab","0.5mg","2015-07-31","","alprazolam","bzd- genralized anxiety and panic disorder (more potent) with/without agoraphobia","",10
"02404893","Riva-Alprazolam ","RIA","tab","1mg","2015-07-31","","alprazolam","bzd- genralized anxiety and panic disorder (more potent) with/without agoraphobia","",10
"02404907","Riva-Alprazolam ","RIA","tab","2mg","2015-07-31","","alprazolam","bzd- genralized anxiety and panic disorder (more potent) with/without agoraphobia","",10
"02408007","Fentora","TEV","sl tab","100mcg","2015-07-10","","fentanyl citrate","opioid- severe breakthrough pain. usually cancer pain in adults. around the clock administration","Only for use in opioid-tolerant patients (60mg of morphine daily for 7+ days)",0.13
"02408015","Fentora","TEV","sl tab","200mcg","2015-07-10","","fentanyl citrate","opioid- severe breakthrough pain. usually cancer pain in adults. around the clock administration","Only for use in opioid-tolerant patients (60mg of morphine daily for 7+ days)",0.13
"02408023","Fentora","TEV","sl tab","400mcg","2015-07-10","","fentanyl citrate","opioid- severe breakthrough pain. usually cancer pain in adults. around the clock administration","Only for use in opioid-tolerant patients (60mg of morphine daily for 7+ days)",0.13
"02408031","Fentora","TEV","sl tab","600mcg","2015-07-10","","fentanyl citrate","opioid- severe breakthrough pain. usually cancer pain in adults. around the clock administration","Only for use in opioid-tolerant patients (60mg of morphine daily for 7+ days)",0.13
"02408058","Fentora","TEV","sl tab","800mcg","2015-07-10","","fentanyl citrate","opioid- severe breakthrough pain. usually cancer pain in adults. around the clock administration","Only for use in opioid-tolerant patients (60mg of morphine daily for 7+ days)",0.13
"02408090","Mylan-Buprenorphine/Naloxone","MYL","sl tab","2mg & 0.5mg","2013-10-10","","buprenorphine + naloxone","opioid- mainly used for opioid use disorder","",38.8
"02408104","Mylan-Buprenorphine/Naloxone","MYL","sl tab","8mg & 2mg","2013-10-10","","buprenorphine + naloxone","opioid- mainly used for opioid use disorder","",38.8
"02410745","Apo-Lorazepam Sublingual","APX","sl tab","0.5mg","2013-10-10","","lorazepam","bzd- genralized anxiety and insomnia (lower potency than alprazolam). may be used for acute anxiety attacks due to faster onset","",5
"02410753","Apo-Lorazepam Sublingual","APX","sl tab","1mg","2013-10-10","","lorazepam","bzd- genralized anxiety and insomnia (lower potency than alprazolam). may be used for acute anxiety attacks due to faster onset","",5
"02410761","Apo-Lorazepam Sublingual","APX","sl tab","2mg","2013-10-10","","lorazepam","bzd- genralized anxiety and insomnia (lower potency than alprazolam). may be used for acute anxiety attacks due to faster onset","",5
"02413728","PMS-Methylphenidate ER","PMS","sr tab","18mg","2014-04-30","","methylphenidate hydrochloride","stimulant- adhd medication and sometimes used for narcolepsy","",NA
"02413736","PMS-Methylphenidate ER","PMS","sr tab","27mg","2014-04-30","","methylphenidate hydrochloride","stimulant- adhd medication and sometimes used for narcolepsy","",NA
"02413744","PMS-Methylphenidate ER","PMS","sr tab","36mg","2014-04-30","","methylphenidate hydrochloride","stimulant- adhd medication and sometimes used for narcolepsy","",NA
"02413752","PMS-Methylphenidate ER","PMS","sr tab","54mg","2014-04-30","","methylphenidate hydrochloride","stimulant- adhd medication and sometimes used for narcolepsy","",NA
"02415577","Nucynta ER","JAN","er tab","50mg","2014-05-02","","tapentadol","opioid- long term pain relief for moderate to severe pain","",0.3
"02415585","Nucynta ER","JAN","er tab","100mg","2014-05-02","","tapentadol","opioid- long term pain relief for moderate to severe pain","",0.3
"02415593","Nucynta ER","JAN","er tab","150mg","2014-05-02","","tapentadol","opioid- long term pain relief for moderate to severe pain","",0.3
"02415607","Nucynta ER","JAN","er tab","200mg","2014-05-02","","tapentadol","opioid- long term pain relief for moderate to severe pain","",0.3
"02415615","Nucynta ER","JAN","er tab","250mg","2014-05-02","","tapentadol","opioid- long term pain relief for moderate to severe pain","",0.3
"02417634","Nat-Alprazolam","NAT","tab","0.25mg","2015-10-29","","alprazolam","bzd- genralized anxiety and panic disorder (more potent) with/without agoraphobia","",10
"02417642","Nat-Alprazolam","NAT","tab","0.5mg","2015-10-29","","alprazolam","bzd- genralized anxiety and panic disorder (more potent) with/without agoraphobia","",10
"02417650","Nat-Alprazolam","NAT","tab","1mg","2015-10-29","","alprazolam","bzd- genralized anxiety and panic disorder (more potent) with/without agoraphobia","",10
"02417669","Nat-Alprazolam","NAT","tab","2mg","2016-11-30","","alprazolam","bzd- genralized anxiety and panic disorder (more potent) with/without agoraphobia","",10
"02424851","Teva-Buprenorphine/Naloxone","TEV","sl tab","2mg & 0.5mg","2015-02-26","","buprenorphine + naloxone","opioid- mainly used for opioid use disorder","",38.8
"02424878","Teva-Buprenorphine/Naloxone","TEV","sl tab","8mg & 2mg","2015-02-26","","buprenorphine + naloxone","opioid- mainly used for opioid use disorder","",38.8
"02425599","Mylan-Tramadol/Acet","MYL","tab","37.5mg & 325mg","2015-03-31","","tramadol hydrochloride","opioid- post-operative pain and muscoskeletal injuries (short-term)","",1
"02426153","Apo-Tramadol","APX","tab","50mg","2014-08-01","","tramadol hydrochloride","opioid- post-operative pain and muscoskeletal injuries (short-term)","",1
"02429810","Lorazepam","SIV","tab","1mg","2016-07-15","","lorazepam","bzd- genralized anxiety and insomnia (lower potency than alprazolam). may be used for acute anxiety attacks due to faster onset","",5
"02429829","Lorazepam","SIV","tab","2mg","2016-07-15","","lorazepam","bzd- genralized anxiety and insomnia (lower potency than alprazolam). may be used for acute anxiety attacks due to faster onset","",5
"02434601","Jamp Alprazolam","JPC","tab","0.25mg","2022-03-31","","alprazolam","bzd- genralized anxiety and panic disorder (more potent) and/or agoraphobia","",10
"02434628","Jamp Alprazolam","JPC","tab","0.5mg","2022-03-31","","alprazolam","bzd- genralized anxiety and panic disorder (more potent) and/or agoraphobia","",10
"02434636","Jamp Alprazolam","JPC","tab","1mg","2022-03-31","","alprazolam","bzd- genralized anxiety and panic disorder (more potent) and/or agoraphobia","",10
"02434644","Jamp Alprazolam","JPC","tab","2mg","2022-03-31","","alprazolam","bzd- genralized anxiety and panic disorder (more potent) and/or agoraphobia","",10
"02439239","Act Amphetamine XR","ACV","er cap","5mg","2015-10-29","","dextroamphetamine sulfate + dextroamphetamine saccharate+ amphetamine asparate monohydrate+amphetamine sulfate","stimulant- adhd","",NA
"02439247","Act Amphetamine XR","ACV","er cap","10mg","2015-10-29","","dextroamphetamine sulfate + dextroamphetamine saccharate+ amphetamine asparate monohydrate+amphetamine sulfate","stimulant- adhd","",NA
"02439255","Act Amphetamine XR","ACV","er cap","15mg","2015-10-29","","dextroamphetamine sulfate + dextroamphetamine saccharate+ amphetamine asparate monohydrate+amphetamine sulfate","stimulant- adhd","",NA
"02439263","Act Amphetamine XR","ACV","er cap","20mg","2015-10-29","","dextroamphetamine sulfate + dextroamphetamine saccharate+ amphetamine asparate monohydrate+amphetamine sulfate","stimulant- adhd","",NA
"02439271","Act Amphetamine XR","ACV","er cap","25mg","2015-10-29","","dextroamphetamine sulfate + dextroamphetamine saccharate+ amphetamine asparate monohydrate+amphetamine sulfate","stimulant- adhd","",NA
"02439298","Act Amphetamine XR","ACV","er cap","30mg","2015-10-29","","dextroamphetamine sulfate + dextroamphetamine saccharate+ amphetamine asparate monohydrate+amphetamine sulfate","stimulant- adhd","",NA
"02440369","PMS-Amphetamines XR","PMS","er cap","5mg","2017-03-28","","dextroamphetamine sulfate + dextroamphetamine saccharate+ amphetamine asparate monohydrate+amphetamine sulfate","stimulant- adhd","",NA
"02440377","PMS-Amphetamines XR","PMS","er cap","10mg","2017-03-28","","dextroamphetamine sulfate + dextroamphetamine saccharate+ amphetamine asparate monohydrate+amphetamine sulfate","stimulant- adhd","",NA
"02440385","PMS-Amphetamines XR","PMS","er cap","15mg","2017-03-28","","dextroamphetamine sulfate + dextroamphetamine saccharate+ amphetamine asparate monohydrate+amphetamine sulfate","stimulant- adhd","",NA
"02440393","PMS-Amphetamines XR","PMS","er cap","20mg","2017-03-28","","dextroamphetamine sulfate + dextroamphetamine saccharate+ amphetamine asparate monohydrate+amphetamine sulfate","stimulant- adhd","",NA
"02440407","PMS-Amphetamines XR","PMS","er cap","25mg","2017-03-28","","dextroamphetamine sulfate + dextroamphetamine saccharate+ amphetamine asparate monohydrate+amphetamine sulfate","stimulant- adhd","",NA
"02440415","PMS-Amphetamines XR","PMS","er cap","30mg","2017-03-28","","dextroamphetamine sulfate + dextroamphetamine saccharate+ amphetamine asparate monohydrate+amphetamine sulfate","stimulant- adhd","",NA
"02441934","Act Methylphenidate ER","ACV","sr tab","18mg","2018-04-30","","methylphenidate hydrochloride","stimulant- adhd medication and sometimes used for narcolepsy","",NA
"02441942","Act Methylphenidate ER","ACV","sr tab","27mg","2018-04-30","","methylphenidate hydrochloride","stimulant- adhd medication and sometimes used for narcolepsy","",NA
"02441950","Act Methylphenidate ER","ACV","sr tab","36mg","2018-04-30","","methylphenidate hydrochloride","stimulant- adhd medication and sometimes used for narcolepsy","",NA
"02441969","Act Methylphenidate ER","ACV","sr tab","54mg","2018-04-30","","methylphenidate hydrochloride","stimulant- adhd medication and sometimes used for narcolepsy","",NA
"02442027","Clonazepam","SIV","tab","0.25mg","2016-07-15","","clonazepam","bzd- acute treatment of panic diorder, epilepsy. some off label uses include: resless leg sundrome, acute mania, insomnia, tarive dyskinesia","",10
"02442035","Clonazepam","SIV","tab","0.5mg","2016-07-15","","clonazepam","bzd- acute treatment of panic diorder, epilepsy. some off label uses include: resless leg sundrome, acute mania, insomnia, tarive dyskinesia","",10
"02442043","Clonazepam","SIV","tab","1mg","2016-07-15","","clonazepam","bzd- acute treatment of panic diorder, epilepsy. some off label uses include: resless leg sundrome, acute mania, insomnia, tarive dyskinesia","",10
"02442051","Clonazepam","SIV","tab","2mg","2016-07-15","","clonazepam","bzd- acute treatment of panic diorder, epilepsy. some off label uses include: resless leg sundrome, acute mania, insomnia, tarive dyskinesia","",10
"02443236","Apo-Dextroamphetamine","APX","tab","5mg","2015-12-18","","dextroamphetamine sulfate","stimulant- adhd medication and sometimes used for narcolepsy","",NA
"02445492","Apo-Amphetamine XR","APX","er cap","5mg","2019-07-31","","amphetamine salts","stimulant- adhd medication and sometimes used for narcolepsy","",NA
"02445506","Apo-Amphetamine XR","APX","er cap","10mg","2019-07-31","","amphetamine salts","stimulant- adhd medication and sometimes used for narcolepsy","",NA
"02445514","Apo-Amphetamine XR","APX","er cap","15mg","2019-07-31","","amphetamine salts","stimulant- adhd medication and sometimes used for narcolepsy","",NA
"02445522","Apo-Amphetamine XR","APX","er cap","20mg","2019-07-31","","amphetamine salts","stimulant- adhd medication and sometimes used for narcolepsy","",NA
"02445530","Apo-Amphetamine XR","APX","er cap","25mg","2019-07-31","","amphetamine salts","stimulant- adhd medication and sometimes used for narcolepsy","",NA
"02445549","Apo-Amphetamine XR","APX","er cap","30mg","2019-07-31","","amphetamine salts","stimulant- adhd medication and sometimes used for narcolepsy","",NA
"02448319","Act Dextroamphetamine SR","ACV","sr cap","10mg","2018-04-30","","dextroamphetamine sulfate","stimulant- adhd medication and sometimes used for narcolepsy","",NA
"02448327","Act Dextroamphetamine SR","ACV","sr cap","15mg","2018-04-30","","dextroamphetamine sulfate","stimulant- adhd medication and sometimes used for narcolepsy","",NA
"02450429","Taro-Tramadol ER","TAR","er tab","100mg","2016-04-01","","tramadol hydrochloride","opioid- long term pain relief for moderate to severe pain","",1
"02450437","Taro-Tramadol ER","TAR","er tab","200mg","2016-04-01","","tramadol hydrochloride","opioid- long term pain relief for moderate to severe pain","",1
"02450445","Taro-Tramadol ER","TAR","er tab","300mg","2016-04-01","","tramadol hydrochloride","opioid- long term pain relief for moderate to severe pain","",1
"02452731","Apo-Methylphenidate ER","APX","sr tab","18mg","2016-09-23","","methylphenidate hydrochloride","stimulant- adhd medication and sometimes used for narcolepsy","",NA
"02452758","Apo-Methylphenidate ER","APX","sr tab","27mg","2016-09-23","","methylphenidate hydrochloride","stimulant- adhd medication and sometimes used for narcolepsy","",NA
"02452766","Apo-Methylphenidate ER","APX","sr tab","36mg","2016-09-23","","methylphenidate hydrochloride","stimulant- adhd medication and sometimes used for narcolepsy","",NA
"02453703","Wampole-Acetaminophen/Codeine/Caffeine","JPC","tab","300mg & 8mg & 15mg","10/30/2017","","acetaminophen + caffeine + codeine phosphate","opioid- short term mild pain management","",0.15
"02453800","Bar-Morphine SR","BRD","sr tab","15mg","2016-07-15","","morphine sulfate","opioid- long term pain relief for moderate to severe pain","",1
"02453827","Bar-Morphine SR","BRD","sr tab","30mg","2016-07-15","","morphine sulfate","opioid- long term pain relief for moderate to severe pain","",1
"02453843","Bar-Morphine SR","BRD","sr tab","60mg","2016-07-15","","morphine sulfate","opioid- long term pain relief for moderate to severe pain","",1
"02453851","Bar-Morphine SR","BRD","sr tab","100mg","2016-07-15","","morphine sulfate","opioid- long term pain relief for moderate to severe pain","",1
"02453878","Bar-Morphine SR","BRD","sr tab","200mg","2016-07-15","","morphine sulfate","opioid- long term pain relief for moderate to severe pain","",1
"02453908","Act Buprenorphine/Naloxone","ACV","sl tab","2mg & 0.5mg","2018-01-31","","buprenorphine + naloxone","opioid- mainly used for opioid use disorder","",38.8
"02453916","Act Buprenorphine/Naloxone","ACV","sl tab","8mg & 2mg","2018-01-31","","buprenorphine + naloxone","opioid- mainly used for opioid use disorder","",38.8
"02457288","Sandoz Amphetamine XR","SDZ","er cap","5mg","2017-02-28","","amphetamine salts","stimulant- adhd medication and sometimes used for narcolepsy","",NA
"02457296","Sandoz Amphetamine XR","SDZ","er cap","10mg","2017-02-28","","amphetamine salts","stimulant- adhd medication and sometimes used for narcolepsy","",NA
"02457318","Sandoz Amphetamine XR","SDZ","er cap","15mg","2017-02-28","","amphetamine salts","stimulant- adhd medication and sometimes used for narcolepsy","",NA
"02457326","Sandoz Amphetamine XR","SDZ","er cap","20mg","2017-02-28","","amphetamine salts","stimulant- adhd medication and sometimes used for narcolepsy","",NA
"02457334","Sandoz Amphetamine XR","SDZ","er cap","25mg","2017-02-28","","amphetamine salts","stimulant- adhd medication and sometimes used for narcolepsy","",NA
"02457342","Sandoz Amphetamine XR","SDZ","er cap","30mg","2017-02-28","","amphetamine salts","stimulant- adhd medication and sometimes used for narcolepsy","",NA
"02465221","Belbuca","PFP","soluble film foil pk.","75mcg","2018-04-09","","buprenorphine hydrochloride","opioid- long term pain relief for moderate to severe pain","",0.039
"02465248","Belbuca","PFP","soluble film foil pk.","150mcg","2018-04-13","","buprenorphine hydrochloride","opioid- long term pain relief for moderate to severe pain","",0.039
"02465256","Belbuca","PFP","soluble film foil pk.","300mcg","2018-04-13","","buprenorphine hydrochloride","opioid- long term pain relief for moderate to severe pain","",0.039
"02465264","Belbuca","PFP","soluble film foil pk.","450mcg","2018-04-13","","buprenorphine hydrochloride","opioid- long term pain relief for moderate to severe pain","",0.039
"02465272","Belbuca","PFP","soluble film foil pk.","600mcg","2018-04-13","","buprenorphine hydrochloride","opioid- long term pain relief for moderate to severe pain","",0.039
"02465280","Belbuca","PFP","soluble film foil pk.","750mcg","2018-04-13","","buprenorphine hydrochloride","opioid- long term pain relief for moderate to severe pain","",0.039
"02465299","Belbuca","PFP","soluble film foil pk.","900mcg","2018-04-13","","buprenorphine hydrochloride","opioid- long term pain relief for moderate to severe pain","",0.039
"02468085","Suboxone","IND","sl tab","12mg & 3mg","2018-05-11","","buprenorphine + naloxone","opioid- mainly used for opioid use disorder","",38.8
"02468093","Suboxone","IND","sl tab","16mg & 4mg","2018-05-11","","buprenorphine + naloxone","opioid- mainly used for opioid use disorder","",38.8
"02469650","NRA-Tramadol/ACET","NRA","tab","37.5mg & 325mg","2022-04-29","","tramadol hydrochloride + acetaminophen","opioid- short-term acute pain management (<5 days supply)","",1
"02470292","Foquest","PFP","cr cap","25mg","2018-01-26","","methylphenidate hydrochloride","stimulant- adhd medication","",NA
"02470306","Foquest","PFP","cr cap","35mg","2018-01-26","","methylphenidate hydrochloride","stimulant- adhd medication","",NA
"02470314","Foquest","PFP","cr cap","45mg","2018-01-26","","methylphenidate hydrochloride","stimulant- adhd medication","",NA
"02470322","Foquest","PFP","cr cap","55mg","2018-01-26","","methylphenidate hydrochloride","stimulant- adhd medication","",NA
"02470330","Foquest","PFP","cr cap","70mg","2018-01-26","","methylphenidate hydrochloride","stimulant- adhd medication","",NA
"02470349","Foquest","PFP","cr cap","85mg","2018-01-26","","methylphenidate hydrochloride","stimulant- adhd medication","",NA
"02470357","Foquest","PFP","cr cap","100mg","2018-01-26","","methylphenidate hydrochloride","stimulant- adhd medication","",NA
"02476614","Apo-HYDROmorphone CR","APX","cr cap","3mg","2018-11-29","","hydromorphone hydrochloride","opioid- long term pain relief for moderate to severe pain","",5
"02476622","Apo-HYDROmorphone CR","APX","cr cap","4.5mg","2018-11-29","","hydromorphone hydrochloride","opioid- long term pain relief for moderate to severe pain","",5
"02476630","Apo-HYDROmorphone CR","APX","cr cap","6mg","2018-11-29","","hydromorphone hydrochloride","opioid- long term pain relief for moderate to severe pain","",5
"02476649","Apo-HYDROmorphone CR","APX","cr cap","9mg","2018-11-29","","hydromorphone hydrochloride","opioid- long term pain relief for moderate to severe pain","",5
"02476657","Apo-HYDROmorphone CR","APX","cr cap","12mg","2018-12-21","","hydromorphone hydrochloride","opioid- long term pain relief for moderate to severe pain","",5
"02476665","Apo-HYDROmorphone CR","APX","cr cap","18mg","2018-11-29","","hydromorphone hydrochloride","opioid- long term pain relief for moderate to severe pain","",5
"02476673","Apo-HYDROmorphone CR","APX","cr cap","24mg","2018-11-29","","hydromorphone hydrochloride","opioid- long term pain relief for moderate to severe pain","",5
"02476681","Apo-HYDROmorphone CR","APX","cr cap","30mg","2018-11-29","","hydromorphone hydrochloride","opioid- long term pain relief for moderate to severe pain","",5
"02478889","Sandoz Morphine SR","SDZ","sr tab","100mg","2019-02-28","","morphine sulfate","opioid- long term pain relief for moderate to severe pain","",1
"02478897","Sandoz Morphine SR","SDZ","sr tab","200mg","2019-02-28","","morphine sulfate","opioid- long term pain relief for moderate to severe pain","",1
"02479672","Auro-Tramadol","AUR","tab","50mg","2019-06-28","","tramadol hydrochloride","opioid- long term pain relief for moderate to severe pain","",1
"02480859","Mar-Tramadol","MAR","tab","50mg","2019-09-30","","tramadol hydrochloride","opioid- long term pain relief for moderate to severe pain","",1
"02490226","Vyvanse","SHI","tab (chewable)","10mg","2019-09-13","","liisdexamfetamine","stimulant- adhd medication and binge eating disorder","",NA
"02490234","Vyvanse","SHI","tab (chewable)","20mg","2019-09-13","","liisdexamfetamine","stimulant- adhd medication and binge eating disorder","",NA
"02490242","Vyvanse","SHI","tab (chewable)","30mg","2019-09-13","","liisdexamfetamine","stimulant- adhd medication and binge eating disorder","",NA
"02490250","Vyvanse","SHI","tab (chewable)","40mg","2019-09-13","","liisdexamfetamine","stimulant- adhd medication and binge eating disorder","",NA
"02490269","Vyvanse","SHI","tab (chewable)","50mg","2019-09-13","","liisdexamfetamine","stimulant- adhd medication and binge eating disorder","",NA
"02490277","Vyvanse","SHI","tab (chewable)","60mg","2019-09-13","","liisdexamfetamine","stimulant- adhd medication and binge eating disorder","",NA
"02493764","Sandoz Tramadol","SDZ","tab","50mg","2021-02-12","","tramadol hydrochloride","opioid- long term pain relief for moderate to severe pain","",1
"02495783","Jamp Methadone Oral Concentrate","JPC","oral concentrate (unflavoured)","10mg/mL","2022-08-31","","methadone hydrochloride","opioid-  opioid use disorder","",4.7
"02495872","Odan-Methadone","ODN","oral concentrate (cherry flavour)","10mg/mL","2020-08-14","","methadone hydrochloride","opioid-  opioid use disorder","",4.7
"02495880","Odan-Methadone","ODN","oral concentrate (unflavoured)","10mg/mL","2020-08-14","","methadone hydrochloride","opioid-  opioid use disorder","",4.7
"02502313","Suboxone","IND","soluble film","2mg & 0.5mg","2021-07-16","","buprenorphine + naloxone","opioid- mainly used for opioid use disorder","",0.039
"02502321","Suboxone","IND","soluble film","4mg & 1mg","2021-07-16","","buprenorphine + naloxone","opioid- mainly used for opioid use disorder","",0.039
"02502348","Suboxone","IND","soluble film","8mg & 2mg","2021-07-16","","buprenorphine + naloxone","opioid- mainly used for opioid use disorder","",0.039
"02502356","Suboxone","IND","soluble film","12mg & 3mg","2021-05-31","","buprenorphine + naloxone","opioid- mainly used for opioid use disorder","",0.039
"02507005","Jamp Tramadol","JPC","tab","50mg","2021-05-31","","tramadol hydrochloride","opioid- long term pain relief for moderate to severe pain","",1
"02518759","Jamp Tramadol HCl","JPC","tab","50mg","2023-03-31","","tramadol hydrochloride","opioid- long term pain relief for moderate to severe pain","",1
"02519070","Diastat","BHC","rect gel","10mg/2mL","2024-06-07","","diazepam","bzd- management of selected, refractory, patients with epilepsy, stable regimens of aed","To be administered by caregivers",NA
"02533340","Taro-Lisdexamfetamine Chewable Tablets","TAR","chew tab","10mg","2024-07-31","","liisdexamfetamine","stimulant- adhd medication and binge eating disorder","",NA
"02533359","Taro-Lisdexamfetamine Chewable Tablets","TAR","chew tab","20mg","2024-07-31","","liisdexamfetamine","stimulant- adhd medication and binge eating disorder","",NA
"02533367","Taro-Lisdexamfetamine Chewable Tablets","TAR","chew tab","30mg","2024-07-31","","liisdexamfetamine","stimulant- adhd medication and binge eating disorder","",NA
"02533375","Taro-Lisdexamfetamine Chewable Tablets","TAR","chew tab","40mg","2024-07-31","","liisdexamfetamine","stimulant- adhd medication and binge eating disorder","",NA
"02533383","Taro-Lisdexamfetamine Chewable Tablets","TAR","chew tab","50mg","2024-07-31","","liisdexamfetamine","stimulant- adhd medication and binge eating disorder","",NA
"02533391","Taro-Lisdexamfetamine Chewable Tablets","TAR","chew tab","60mg","2024-07-31","","liisdexamfetamine","stimulant- adhd medication and binge eating disorder","",NA
"02533642","Apo-Methadone","APX","tab","1mg","2024-04-30","","methadone hydrochloride","opioid-  opioid use disorder","",4.7
"02533650","Apo-Methadone","APX","tab","5mg","2024-04-30","","methadone hydrochloride","opioid-  opioid use disorder","",4.7
"02533669","Apo-Methadone","APX","tab","10mg","2024-04-30","","methadone hydrochloride","opioid-  opioid use disorder","",4.7
"02533677","Apo-Methadone","APX","tab","25mg","2024-04-30","","methadone hydrochloride","opioid-  opioid use disorder","",4.7
"02536943","PMS-Methylphenidate CR","PMS","er cap","10mg","2023-12-29","","methylphenidate hydrochloride","stimulant- adhd medication and sometimes used for narcolepsy","",NA
"02536951","PMS-Methylphenidate CR","PMS","er cap","15mg","2023-12-29","","methylphenidate hydrochloride","stimulant- adhd medication and sometimes used for narcolepsy","",NA
"02536978","PMS-Methylphenidate CR","PMS","er cap","20mg","2023-12-29","","methylphenidate hydrochloride","stimulant- adhd medication and sometimes used for narcolepsy","",NA
"02536986","PMS-Methylphenidate CR","PMS","er cap","30mg","2023-12-29","","methylphenidate hydrochloride","stimulant- adhd medication and sometimes used for narcolepsy","",NA
"02536994","PMS-Methylphenidate CR","PMS","er cap","40mg","2023-12-29","","methylphenidate hydrochloride","stimulant- adhd medication and sometimes used for narcolepsy","",NA
"02537001","PMS-Methylphenidate CR","PMS","er cap","50mg","2023-12-29","","methylphenidate hydrochloride","stimulant- adhd medication and sometimes used for narcolepsy","",NA
"02537028","PMS-Methylphenidate CR","PMS","er cap","60mg","2023-12-29","","methylphenidate hydrochloride","stimulant- adhd medication and sometimes used for narcolepsy","",NA
"02537036","PMS-Methylphenidate CR","PMS","er cap","80mg","2023-12-29","","methylphenidate hydrochloride","stimulant- adhd medication and sometimes used for narcolepsy","",NA
"02541602","Quillivant ER Chewable Tablets","KYE","er tab chewable","20mg","2024-08-30","","methylphenidate hydrochloride","stimulant- adhd medication and sometimes used for narcolepsy","",NA
"02541610","Quillivant ER Chewable Tablets","KYE","er tab chewable","30mg","2024-08-30","","methylphenidate hydrochloride","stimulant- adhd medication and sometimes used for narcolepsy","",NA
"02541629","Quillivant ER Chewable Tablets","KYE","er tab chewable","40mg","2024-08-30","","methylphenidate hydrochloride","stimulant- adhd medication and sometimes used for narcolepsy","",NA
"02541637","Quillivant ER Oral Suspension","KYE","er pd for sol","5mg/mL","2024-08-30","","methylphenidate hydrochloride","stimulant- adhd medication and sometimes used for narcolepsy","",NA
"02545861","Teva-Lisdexamfetamine","TEV","cap","10mg","2024-07-31","","liisdexamfetamine","stimulant- adhd medication and binge eating disorder","",NA
"02545888","Teva-Lisdexamfetamine","TEV","cap","20mg","2024-07-31","","liisdexamfetamine","stimulant- adhd medication and binge eating disorder","",NA
"02545896","Teva-Lisdexamfetamine","TEV","cap","30mg","2024-07-31","","liisdexamfetamine","stimulant- adhd medication and binge eating disorder","",NA
"02545918","Teva-Lisdexamfetamine","TEV","cap","40mg","2024-07-31","","liisdexamfetamine","stimulant- adhd medication and binge eating disorder","",NA
"02545926","Teva-Lisdexamfetamine","TEV","cap","50mg","2024-07-31","","liisdexamfetamine","stimulant- adhd medication and binge eating disorder","",NA
"02545934","Teva-Lisdexamfetamine","TEV","cap","60mg","2024-07-31","","liisdexamfetamine","stimulant- adhd medication and binge eating disorder","",NA
"02545942","Teva-Lisdexamfetamine","TEV","cap","70mg","2024-07-31","","liisdexamfetamine","stimulant- adhd medication and binge eating disorder","",NA
"02546248","Sandoz Lisdexamfetamine Capsules","SDZ","cap","10mg","2024-07-31","","liisdexamfetamine","stimulant- adhd medication and binge eating disorder","",NA
"02546256","Sandoz Lisdexamfetamine Capsules","SDZ","cap","20mg","2024-07-31","","liisdexamfetamine","stimulant- adhd medication and binge eating disorder","",NA
"02546264","Sandoz Lisdexamfetamine Capsules","SDZ","cap","30mg","2024-10-31","","liisdexamfetamine","stimulant- adhd medication and binge eating disorder","",NA
"02546272","Sandoz Lisdexamfetamine Capsules","SDZ","cap","40mg","2024-07-31","","liisdexamfetamine","stimulant- adhd medication and binge eating disorder","",NA
"02546280","Sandoz Lisdexamfetamine Capsules","SDZ","cap","50mg","2024-07-31","","liisdexamfetamine","stimulant- adhd medication and binge eating disorder","",NA
"02546299","Sandoz Lisdexamfetamine Capsules","SDZ","cap","60mg","2024-07-31","","liisdexamfetamine","stimulant- adhd medication and binge eating disorder","",NA
"02546302","Sandoz Lisdexamfetamine Capsules","SDZ","cap","70mg","2024-07-31","","liisdexamfetamine","stimulant- adhd medication and binge eating disorder","",NA
"02546647","Apo-Lisdexamfetamine Capsules","APX","cap","10mg","2025-03-31","","liisdexamfetamine","stimulant- adhd medication and binge eating disorder","",NA
"02546655","Apo-Lisdexamfetamine Capsules","APX","cap","20mg","2025-03-31","","liisdexamfetamine","stimulant- adhd medication and binge eating disorder","",NA
"02546663","Apo-Lisdexamfetamine Capsules","APX","cap","30mg","2025-03-31","","liisdexamfetamine","stimulant- adhd medication and binge eating disorder","",NA
"02546671","Apo-Lisdexamfetamine Capsules","APX","cap","40mg","2025-03-31","","liisdexamfetamine","stimulant- adhd medication and binge eating disorder","",NA
"02546698","Apo-Lisdexamfetamine Capsules","APX","cap","50mg","2025-03-31","","liisdexamfetamine","stimulant- adhd medication and binge eating disorder","",NA
"02546701","Apo-Lisdexamfetamine Capsules","APX","cap","60mg","2025-03-31","","liisdexamfetamine","stimulant- adhd medication and binge eating disorder","",NA
"02546728","Apo-Lisdexamfetamine Capsules","APX","cap","70mg","2024-08-30","","liisdexamfetamine","stimulant- adhd medication and binge eating disorder","",NA
"02549794","PMS-Morphine Sulfate","PMS","tab","5mg","2024-09-27","","morphine sulfate","","",NA
"02549808","PMS-Morphine Sulfate","PMS","tab","10mg","2024-09-27","","morphine sulfate","","",NA
"02554615","Apo-Butalbital-Acetylsalicylic Acid-Caffeine-Codeine-C 1/4","APX","cap","50mg & 330mg & 40mg & 15mg","2025-03-31","","butalbital + asa+ caffeine+codeine","opioid- long term pain relief for moderate to severe pain","",0.15
"02554623","Apo-Butalbital-Acetylsalicylic Acid-Caffeine-Codeine-C 1/2","APX","cap","50mg & 330mg & 40mg & 30mg","2025-03-31","","butalbital + asa+ caffeine+codeine","opioid- long term pain relief for moderate to severe pain","",0.15
"09850619","Methadone","XXX","o/l","","2012-04-16","","methadone hydrochloride","opioid-  opioid use disorder","",4.7
"09851348","Dilaudid in Normal Saline","ABB","o/l 500ml","50mg/mL","2012-04-16","","hydromorphone hydrochloride","opioid- long term pain relief for moderate to severe pain","Not for perscriptions in opioid-naïve patients",5
"09853340","Diastat","VAL","rect gel-2x10mg pk","5mg/mL","2012-06-01","","diazepam","bzd- management of selected, refractory, patients with epilepsy, stable regimens of aed","To be administered by caregivers",NA
"09853430","Diastat","VAL","rect gel-2x15mg pk","5mg/mL","2012-06-01","","diazepam","bzd- management of selected, refractory, patients with epilepsy, stable regimens of aed","To be administered by caregivers",NA
"09857217","Metadol","PMS","tab","1mg","2012-04-16","","methadone hydrochloride","opioid- long term pain relief for moderate to severe pain","",4.7
"09857218","Metadol","PMS","tab","5mg","2012-04-16","","methadone hydrochloride","opioid- long term pain relief for moderate to severe pain","",4.7
"09857219","Metadol","PMS","tab","10mg","2012-04-16","","methadone hydrochloride","opioid- long term pain relief for moderate to severe pain","",4.7
"09857220","Metadol","PMS","tab","25mg","2012-04-16","","methadone hydrochloride","opioid- long term pain relief for moderate to severe pain","",4.7
"09857221","Metadol","PMS","o/l","1mg/mL","2012-04-16","","methadone hydrochloride","opioid- long term pain relief for moderate to severe pain","",4.7
"09857223","Metadol","PMS","o/l","10mg/mL","2012-04-16","","methadone hydrochloride","opioid- long term pain relief for moderate to severe pain","",4.7
"09857232","Supeudol","SDZ","tab","5mg","2012-04-16","","oxycodone hydrochloride","opioid- long term pain relief (high overodse risk)","",1.5
"09857233","Supeudol","SDZ","tab","10mg","2012-04-16","","oxycodone hydrochloride","opioid- long term pain relief (high overodse risk)","",1.5
"09857234","Supeudol","SDZ","tab","20mg","2012-04-16","","oxycodone hydrochloride","opioid- long term pain relief (high overodse risk)","",1.5
"09857241","Oxy.IR","PFP","tab","10mg","2012-04-16","","oxycodone hydrochloride","opioid- mild to severe pain, fever, and inflammation","",1.5
"09857242","Oxy.IR","PFP","tab","20mg","2012-04-16","","oxycodone hydrochloride","opioid- mild to severe pain, fever, and inflammation","",1.5
"09857243","Oxy.IR","PFP","tab","5mg","2012-04-16","","oxycodone hydrochloride","opioid- mild to severe pain, fever, and inflammation","",1.5
"09857318","PMS-Oxycodone","PMS","tab","5mg","2012-04-16","","oxycodone hydrochloride","opioid- chronic severe pain and sometimes cancer pain. also used for palliative reasons","",1.5
"09857319","PMS-Oxycodone","PMS","tab","10mg","2012-04-16","","oxycodone hydrochloride","opioid- chronic severe pain and sometimes cancer pain. also used for palliative reasons","",1.5
"09857321","PMS-Oxycodone","PMS","tab","20mg","2012-04-16","","oxycodone hydrochloride","opioid- chronic severe pain and sometimes cancer pain. also used for palliative reasons","",1.5
"09857408","OxyNEO","PFP","cr tab","10mg","2012-04-16","","oxycodone hydrochloride","opioid- chronic severe pain and sometimes cancer pain. also used for palliative reasons","",1.5
"09857409","OxyNEO","PFP","cr tab","15mg","2012-04-16","","oxycodone hydrochloride","opioid- chronic severe pain and sometimes cancer pain. also used for palliative reasons","",1.5
"09857410","OxyNEO","PFP","cr tab","20mg","2012-04-16","","oxycodone hydrochloride","opioid- chronic severe pain and sometimes cancer pain. also used for palliative reasons","",1.5
"09857411","OxyNEO","PFP","cr tab","30mg","2012-04-16","","oxycodone hydrochloride","opioid- chronic severe pain and sometimes cancer pain. also used for palliative reasons","",1.5
"09857412","OxyNEO","PFP","cr tab","40mg","2012-04-16","","oxycodone hydrochloride","opioid- chronic severe pain and sometimes cancer pain. also used for palliative reasons","",1.5
"09857413","OxyNEO","PFP","cr tab","80mg","2012-04-16","","oxycodone hydrochloride","opioid- chronic severe pain and sometimes cancer pain. also used for palliative reasons","",1.5
"09857539","Subutex","IND","sl tab","2mg","2016-02-12","","buprenorphine","opioid- treatment of use disorder","",38.8
"09857571","MS Contin","PFP","sr tab","200mg","2017-01-31","","morphine sulfate","opioid- long term pain relief for severe pain","",1
"09857572","Novo-Morphine SR","NOP","sr tab","200mg","2017-01-31","","morphine sulfate","opioid- long term pain relief for severe pain","",1
"09857573","M-Eslon","ETH","er cap","200mg","2017-01-31","","morphine sulfate","opioid- long term pain relief for severe pain","",1
"09857574","Hydromorph Contin","PFP","cr cap","24mg","2017-01-31","","hydromorphone hydrochloride","opioid-long-term releif of severe/ cancer pain","",5
"09857576","Hydromorph Contin","PFP","cr cap","30mg","2017-01-31","","hydromorphone hydrochloride","opioid-long-term releif of severe/ cancer pain","",5
"09857600","Apo-HYDROmorphone CR","APX","cr cap","24mg","2018-11-29","","hydromorphone hydrochloride","opioid- long term pain relief for severe pain","",5
"09857601","Apo-HYDROmorphone CR","APX","cr cap","30mg","2018-11-29","","hydromorphone hydrochloride","opioid- long term pain relief for severe pain","",5
"09857617","Sandoz Morphine SR","SDZ","sr tab","200mg","2019-02-28","","morphine sulfate","opioid- long term pain relief for severe pain","",1
"09857653","Doloral 1","LAA","o/l","1mg/mL","2021-03-29","","morphine hydrochloride","opioid- long term pain relief for severe pain","",1
"09857654","Doloral 5","LAA","o/l","5mg/mL","2021-03-29","","morphine hydrochloride","opioid- long term pain relief for severe pain","",1
"09858328","Apo-Methadone","APX","tab","1mg","2024-04-30","","methadone hydrochloride","opioid- treatment of severe and chronic pain and sometimes substace use disorder","",4.7
"09858329","Apo-Methadone","APX","tab","5mg","2024-04-30","","methadone hydrochloride","opioid- treatment of severe and chronic pain and sometimes substace use disorder","",4.7
"09858330","Apo-Methadone","APX","tab","10mg","2024-04-30","","methadone hydrochloride","opioid- treatment of severe and chronic pain and sometimes substace use disorder","",4.7
"09858331","Apo-Methadone","APX","tab","25mg","2024-04-30","","methadone hydrochloride","opioid- treatment of severe and chronic pain and sometimes substace use disorder","",4.7
