variable,role,label,labelLong,section,subject,variableType,units,databaseStart,variableStart,description,Transformation,,,,,,,,,,
ADL_01,intermediate,Help preparing meals,Needs help - preparing meals,Health status,ADL,Categorical,N/A,"cchs2001_m, cchs2003_m, cchs2005_m, cchs2007_2008_m, cchs2009_2010_m,  cchs2011_2012_m,  cchs2013_2014_m,  cchs2015_2016_m, cchs2017_2018_m,  cchs2001_i, cchs2003_i, cchs2005_i, cchs2007_2008_i, cchs2009_2010_i, cchs2011_2012_i, cchs2013_2014_i","cchs2001_m::RACA_6A, cchs2003_m::RACC_6A, cchs2005_m::RACE_6A, cchs2007_2008_m::RAC_6A, cchs2001_i::RACA_6A, cchs2003_i::RACC_6A, cchs2005_i::RACE_6A, cchs2007_2008_i::RAC_6A, cchs2015_2016_m::ADL_005, cchs2017_2018_m::ADL_005, [ADL_01]",,,,,,,,,,,,
ADL_02,intermediate,Help appointments/errands,Needs help - getting to appointments/errands,Health status,ADL,Categorical,N/A,"cchs2001_m, cchs2003_m, cchs2005_m, cchs2007_2008_m, cchs2009_2010_m,  cchs2011_2012_m,  cchs2013_2014_m,  cchs2015_2016_m, cchs2017_2018_m,  cchs2001_i, cchs2003_i, cchs2005_i, cchs2007_2008_i, cchs2009_2010_i, cchs2011_2012_i, cchs2013_2014_i","cchs2001_m::RACA_6B, cchs2003_m::RACC_6B1, cchs2005_m::RACE_6B1, cchs2007_2008_m::RAC_6B1, cchs2001_i::RACA_6B, cchs2003_i::RACC_6B1, cchs2005_i::RACE_6B1, cchs2007_2008_i::RAC_6B1, cchs2015_2016_m::ADL_010, cchs2017_2018_m::ADL_010, [ADL_02]",,,,,,,,,,,,
ADL_03,intermediate,Help housework,Needs help - doing housework,Health status,ADL,Categorical,N/A,"cchs2001_m, cchs2003_m, cchs2005_m, cchs2007_2008_m, cchs2009_2010_m,  cchs2011_2012_m,  cchs2013_2014_m,  cchs2015_2016_m, cchs2017_2018_m,  cchs2001_i, cchs2003_i, cchs2005_i, cchs2007_2008_i, cchs2009_2010_i, cchs2011_2012_i, cchs2013_2014_i","cchs2001_m::RACA_6C, cchs2003_m::RACC_6C, cchs2005_m::RACE_6C, cchs2007_2008_m::RAC_6C, cchs2001_i::RACA_6C, cchs2003_i::RACC_6C, cchs2005_i::RACE_6C, cchs2007_2008_i::RAC_6C, cchs2015_2016_m::ADL_015, cchs2017_2018_m::ADL_015, [ADL_03]",,,,,,,,,,,,
ADL_04,intermediate,Help personal care,Needs help - personal care,Health status,ADL,Categorical,N/A,"cchs2001_m, cchs2003_m, cchs2005_m, cchs2007_2008_m, cchs2009_2010_m,  cchs2011_2012_m,  cchs2013_2014_m,  cchs2015_2016_m, cchs2017_2018_m,  cchs2001_i, cchs2003_i, cchs2005_i, cchs2007_2008_i, cchs2009_2010_i, cchs2011_2012_i, cchs2013_2014_i","cchs2001_m::RACA_6E, cchs2003_m::RACC_6E, cchs2005_m::RACE_6E, cchs2007_2008_m::RAC_6E, cchs2001_i::RACA_6E, cchs2003_i::RACC_6E, cchs2005_i::RACE_6E, cchs2007_2008_i::RAC_6E, cchs2015_2016_m::ADL_020, cchs2017_2018_m::ADL_020[ADL_04]",,,,,,,,,,,,
ADL_05,intermediate,Help move inside house,Needs help - moving about inside house,Health status,ADL,Categorical,N/A,"cchs2001_m, cchs2003_m, cchs2005_m, cchs2007_2008_m, cchs2009_2010_m,  cchs2011_2012_m,  cchs2013_2014_m,  cchs2015_2016_m, cchs2017_2018_m,  cchs2001_i, cchs2003_i, cchs2005_i, cchs2007_2008_i, cchs2009_2010_i, cchs2011_2012_i, cchs2013_2014_i","cchs2001_m::RACA_6F, cchs2003_m::RACC_6F, cchs2005_m::RACE_6F, cchs2007_2008_m::RAC_6F,cchs2001_i::RACA_6F, cchs2003_i::RACC_6F, cchs2005_i::RACE_6F, cchs2007_2008_i::RAC_6F, cchs2015_2016_m::ADL_025, cchs2017_2018_m::ADL_025, [ADL_05]",,,,,,,,,,,,
ADL_der,predictor,Derived help tasks,Derived needs help with tasks,Health status,ADL,Categorical,N/A,"cchs2001_m, cchs2003_m, cchs2005_m, cchs2007_2008_m, cchs2009_2010_m,  cchs2011_2012_m,  cchs2013_2014_m,  cchs2015_2016_m, cchs2017_2018_m,  cchs2001_i, cchs2003_i, cchs2005_i, cchs2007_2008_i, cchs2009_2010_i, cchs2011_2012_i, cchs2013_2014_i","DerivedVar::[ADL_01, ADL_02, ADL_03, ADL_04, ADL_05]",,,,,,,,,,,,
ADL_score_5,predictor,ADL score ,"Derived using the ADL variables common to all cycles from 2001 to 2014 (ADL_01,  ADL_02,  ADL_03,  ADL_04, ADL_05) to represent the number of tasks that an individual needs help with.",Health status,ADL,Categorical,N/A,"cchs2001_m, cchs2003_m, cchs2005_m, cchs2007_2008_m, cchs2009_2010_m,  cchs2011_2012_m,  cchs2013_2014_m,  cchs2015_2016_m, cchs2017_2018_m,  cchs2001_i, cchs2003_i, cchs2005_i, cchs2007_2008_i, cchs2009_2010_i, cchs2011_2012_i, cchs2013_2014_i","DerivedVar::[ADL_01, ADL_02, ADL_03, ADL_04, ADL_05]",,,,,,,,,,,,
DHH_AGE,"intermediate, imputation variable",Age,Continous age,Demographics,Age,Continuous,Years,"cchs2001_m, cchs2003_m, cchs2005_m, cchs2007_2008_m, cchs2009_2010_m,  cchs2011_2012_m,  cchs2013_2014_m,  cchs2015_2016_m, cchs2017_2018_m,  cchs2001_i, cchs2003_i, cchs2005_i, cchs2007_2008_i, cchs2009_2010_i, cchs2011_2012_i, cchs2013_2014_i, cchs2015_2016_i, cchs2017_2018_i","cchs2001_m::DHHA_AGE, cchs2003_m::DHHC_AGE, cchs2005_m::DHHE_AGE, cchs2001_i::DHHA_AGE, cchs2003_i::DHHC_AGE, cchs2005_i::DHHE_AGE, [DHH_AGE]",Continuous age variable,,,,,,,,,,,
DHH_AGE_C,intermediate,Age,Centered continous age variable,Demographics,Age,Continuous,Years,"cchs2001_m, cchs2003_m, cchs2005_m, cchs2007_2008_m, cchs2009_2010_m,  cchs2011_2012_m,  cchs2013_2014_m,  cchs2015_2016_m, cchs2017_2018_m,  cchs2001_i, cchs2003_i, cchs2005_i, cchs2007_2008_i, cchs2009_2010_i, cchs2011_2012_i, cchs2013_2014_i, cchs2015_2016_i, cchs2017_2018_i",DerivedVar::[DHH_AGE],,"center[DHH_AGE, mean]",,,,,,,,,,
DHH_AGE_C_rcs1,predictor,Centered age first RCS variable,Centered age first RCS variable,Demographics,Age,Continuous,Years,"cchs2001_m, cchs2003_m, cchs2005_m, cchs2007_2008_m, cchs2009_2010_m,  cchs2011_2012_m,  cchs2013_2014_m,  cchs2015_2016_m, cchs2017_2018_m,  cchs2001_i, cchs2003_i, cchs2005_i, cchs2007_2008_i, cchs2009_2010_i, cchs2011_2012_i, cchs2013_2014_i, cchs2015_2016_i, cchs2017_2018_i",DerivedVar::[DHH_AGE_C],,"rcs[DHH_AGE_C, 1]",,,,,,,,,,
DHH_AGE_C_rcs2,predictor,Centered age second RCS variable,Centered age second RCS variable,Demographics,Age,Continuous,Years,"cchs2001_m, cchs2003_m, cchs2005_m, cchs2007_2008_m, cchs2009_2010_m,  cchs2011_2012_m,  cchs2013_2014_m,  cchs2015_2016_m, cchs2017_2018_m,  cchs2001_i, cchs2003_i, cchs2005_i, cchs2007_2008_i, cchs2009_2010_i, cchs2011_2012_i, cchs2013_2014_i, cchs2015_2016_i, cchs2017_2018_i",DerivedVar::[DHH_AGE_C],,"rcs[DHH_AGE_C, 2]",,,,,,,,,,
DHH_AGE_C_rcs3,predictor,Centered age third RCS variable,Centered age third RCS variable,Demographics,Age,Continuous,Years,"cchs2001_m, cchs2003_m, cchs2005_m, cchs2007_2008_m, cchs2009_2010_m,  cchs2011_2012_m,  cchs2013_2014_m,  cchs2015_2016_m, cchs2017_2018_m,  cchs2001_i, cchs2003_i, cchs2005_i, cchs2007_2008_i, cchs2009_2010_i, cchs2011_2012_i, cchs2013_2014_i, cchs2015_2016_i, cchs2017_2018_i",DerivedVar::[DHH_AGE_C],,"rcs[DHH_AGE_C, 3]",,,,,,,,,,
DHH_AGE_C_rcs4,predictor,Centered age fourth RCS variable,Centered age fourth RCS variable,Demographics,Age,Continuous,Years,"cchs2001_m, cchs2003_m, cchs2005_m, cchs2007_2008_m, cchs2009_2010_m,  cchs2011_2012_m,  cchs2013_2014_m,  cchs2015_2016_m, cchs2017_2018_m,  cchs2001_i, cchs2003_i, cchs2005_i, cchs2007_2008_i, cchs2009_2010_i, cchs2011_2012_i, cchs2013_2014_i, cchs2015_2016_i, cchs2017_2018_i",DerivedVar::[DHH_AGE_C],,"rcs[DHH_AGE_C, 4]",,,,,,,,,,
DHH_AGE_C_X_ALCDTTM_cat1_C,predictor,"interaction between ""Centered Age dummy variable"" and ""Centered drinker type dummy variable: Regular""","interaction between ""Centered Age dummy variable"" and ""Centered drinker type dummy variable: Regular""""Centered drinker type dummy variable: Regular""",N/A,N/A,Categorical,N/A,"cchs2001_m, cchs2003_m, cchs2005_m, cchs2007_2008_m, cchs2009_2010_m,  cchs2011_2012_m,  cchs2013_2014_m,  cchs2015_2016_m, cchs2017_2018_m,  cchs2001_i, cchs2003_i, cchs2005_i, cchs2007_2008_i, cchs2009_2010_i, cchs2011_2012_i, cchs2013_2014_i, cchs2015_2016_i, cchs2017_2018_i","DerivedVar::[DHH_AGE_C, ALCDTTM_cat1_C]",,"Interact::[DHH_AGE_C, ALCDTTM_cat1_C]",,,,,,,,,,
DHH_AGE_C_X_ALCDTTM_cat2_C,predictor,"interaction between ""Centered Age dummy variable"" and ""Centered drinker type dummy variable: Occasional""","interaction between ""Centered Age dummy variable"" and ""Centered drinker type dummy variable: Occasional""""Centered drinker type dummy variable: Occasional""",N/A,N/A,Categorical,N/A,"cchs2001_m, cchs2003_m, cchs2005_m, cchs2007_2008_m, cchs2009_2010_m,  cchs2011_2012_m,  cchs2013_2014_m,  cchs2015_2016_m, cchs2017_2018_m,  cchs2001_i, cchs2003_i, cchs2005_i, cchs2007_2008_i, cchs2009_2010_i, cchs2011_2012_i, cchs2013_2014_i, cchs2015_2016_i, cchs2017_2018_i","DerivedVar::[DHH_AGE_C, ALCDTTM_cat2_C]",,"Interact::[DHH_AGE_C, ALCDTTM_cat2_C]",,,,,,,,,,
DHH_AGE_C_X_ALWDWKY_C,predictor,"interaction between ""Centered Age dummy variable"" and ""Centered drinks last week""","interaction between ""Centered Age dummy variable"" and ""Centered drinks last week""""""",N/A,N/A,Continuous,N/A,"cchs2001_p, cchs2003_p, cchs2005_p, cchs2007_2008_p, cchs2009_2010_p, cchs2010_p, cchs2011_2012_p, cchs2012_p, cchs2013_2014_p, cchs2014_p, cchs2015_2016_p, cchs2017_2018_p, cchs2009_s, cchs2010_s, cchs2012_s, cchs_2014_i, cchs_2013_2014_i, cchs_2015_2016_i, cchs_2017_2018_i","DerivedVar::{DHH_AGE_C, ALWDWKY_C]",,"Interact::[DHH_AGE_C, ALWDWKY_C]",,,,,,,,,,
DHH_AGE_C_X_CCC_071_cat1_C,predictor,"interaction between ""Centered Age dummy variable"" and ""Centered dummy hypertension variable: Yes""","interaction between ""Centered Age dummy variable"" and ""Centered dummy hypertension variable: Yes""""Centered dummy hypertension variable: Yes""",N/A,N/A,Categorical,N/A,"cchs2001_m, cchs2003_m, cchs2005_m, cchs2007_2008_m, cchs2009_2010_m,  cchs2011_2012_m,  cchs2013_2014_m,  cchs2015_2016_m, cchs2017_2018_m,  cchs2001_i, cchs2003_i, cchs2005_i, cchs2007_2008_i, cchs2009_2010_i, cchs2011_2012_i, cchs2013_2014_i, cchs2015_2016_i, cchs2017_2018_i","DerivedVar::[DHH_AGE_C, CCC_071_cat1_C]",,"Interact::[DHH_AGE_C, CCC_071_cat1_C]",,,,,,,,,,
DHH_AGE_C_X_CCC_091_cat1_C,predictor,"interaction between ""Centered Age dummy variable"" and ""Centered respiratory condition dummy variable: Has respiratory condition""","interaction between ""Centered Age dummy variable"" and ""Centered respiratory condition dummy variable: Has respiratory condition""""Centered respiratory condition dummy variable: Has respiratory condition""",N/A,N/A,Categorical,N/A,"cchs2001_m, cchs2003_m, cchs2005_m, cchs2007_2008_m, cchs2009_2010_m,  cchs2011_2012_m,  cchs2013_2014_m,  cchs2015_2016_m, cchs2017_2018_m,  cchs2001_i, cchs2003_i, cchs2005_i, cchs2007_2008_i, cchs2009_2010_i, cchs2011_2012_i, cchs2013_2014_i, cchs2015_2016_i, cchs2017_2018_i","DerivedVar::[DHH_AGE_C, CCC_091_cat1_C]",,"Interact::[DHH_AGE_C, CCC_091_cat1_C]",,,,,,,,,,
DHH_AGE_C_X_CCC_121_cat1_C,predictor,"interaction between ""Centered Age dummy variable"" and ""Centered dummy heart disease variable: Yes""","interaction between ""Centered Age dummy variable"" and ""Centered dummy heart disease variable: Yes""""Centered dummy heart disease variable: Yes""",N/A,N/A,Categorical,N/A,"cchs2001_m, cchs2003_m, cchs2005_m, cchs2007_2008_m, cchs2009_2010_m,  cchs2011_2012_m,  cchs2013_2014_m,  cchs2015_2016_m, cchs2017_2018_m,  cchs2001_i, cchs2003_i, cchs2005_i, cchs2007_2008_i, cchs2009_2010_i, cchs2011_2012_i, cchs2013_2014_i, cchs2015_2016_i, cchs2017_2018_i","DerivedVar::[DHH_AGE_C, CCC_121_cat1_C]",,"Interact::[DHH_AGE_C, CCC_121_cat1_C]",,,,,,,,,,
DHH_AGE_C_X_CCC_151_cat1_C,predictor,"interaction between ""Centered Age dummy variable"" and ""Centered dummy stroke variable: Yes""","interaction between ""Centered Age dummy variable"" and ""Centered dummy stroke variable: Yes""""Centered dummy stroke variable: Yes""",N/A,N/A,Categorical,N/A,"cchs2001_m, cchs2003_m, cchs2005_m, cchs2007_2008_m, cchs2009_2010_m,  cchs2011_2012_m,  cchs2013_2014_m,  cchs2015_2016_m, cchs2017_2018_m,  cchs2001_i, cchs2003_i, cchs2005_i, cchs2007_2008_i, cchs2009_2010_i, cchs2011_2012_i, cchs2013_2014_i, cchs2015_2016_i, cchs2017_2018_i","DerivedVar::[DHH_AGE_C, CCC_151_cat1_C]",,"Interact::[DHH_AGE_C, CCC_151_cat1_C]",,,,,,,,,,
DHH_AGE_C_X_CCC_280_cat1_C,predictor,"interaction between ""Centered Age dummy variable"" and ""Centered Dummy mood disorder variable: Yes""","interaction between ""Centered Age dummy variable"" and ""Centered Dummy mood disorder variable: Yes""""Centered Dummy mood disorder variable: Yes""",N/A,N/A,Categorical,N/A,"cchs2001_m, cchs2003_m, cchs2005_m, cchs2007_2008_m, cchs2009_2010_m,  cchs2011_2012_m,  cchs2013_2014_m,  cchs2015_2016_m, cchs2017_2018_m,  cchs2001_i, cchs2003_i, cchs2005_i, cchs2007_2008_i, cchs2009_2010_i, cchs2011_2012_i, cchs2013_2014_i, cchs2015_2016_i, cchs2017_2018_i","DerivedVar::[DHH_AGE_C, CCC_280_cat1_C]",,"Interact::[DHH_AGE_C, CCC_280_cat1_C]",,,,,,,,,,
DHH_AGE_C_X_HWTDBMI_der_C,predictor,"interaction between ""Centered Age dummy variable"" and ""Centered Derived BMI""","interaction between ""Centered Age dummy variable"" and ""Centered Derived BMI""""""",N/A,N/A,Continuous,N/A,"cchs2001_m, cchs2003_m, cchs2005_m, cchs2007_2008_m, cchs2009_2010_m,  cchs2011_2012_m,  cchs2013_2014_m,  cchs2015_2016_m, cchs2017_2018_m,  cchs2001_i, cchs2003_i, cchs2005_i, cchs2007_2008_i, cchs2009_2010_i, cchs2011_2012_i, cchs2013_2014_i, cchs2015_2016_i, cchs2017_2018_i","DerivedVar::[DHH_AGE_C, HWTDBMI_der_C]",,"Interact::[DHH_AGE_C, HWTDBMI_der_C]",,,,,,,,,,
DHHGAGE_cont_C_X_smoke_simple_cat1_C,predictor,"interaction between ""Centered Age dummy variable"" and ""Simple smoking status centered dummy variable: Current smoker""","interaction between ""Centered Age dummy variable"" and ""Simple smoking status centered dummy variable: Current smoker""""Simple smoking status centered dummy variable: Current smoker""",N/A,N/A,Categorical,N/A,"cchs2001_m, cchs2003_m, cchs2005_m, cchs2007_2008_m, cchs2009_2010_m,  cchs2011_2012_m,  cchs2013_2014_m,  cchs2015_2016_m, cchs2017_2018_m,  cchs2001_i, cchs2003_i, cchs2005_i, cchs2007_2008_i, cchs2009_2010_i, cchs2011_2012_i, cchs2013_2014_i, cchs2015_2016_i, cchs2017_2018_i","DerivedVar::[DHHGAGE_cont_C, smoke_simple_cat1_C]",,"Interact::[DHHGAGE_cont_C, smoke_simple_cat1_C]",,,,,,,,,,
DHHGAGE_cont_C_X_smoke_simple_cat2_C,predictor,"interaction between ""Centered Age dummy variable"" and ""Simple smoking status centered dummy variable: Former daily smoker quit less than 5 years or former occasional smoker""","interaction between ""Centered Age dummy variable"" and ""Simple smoking status centered dummy variable: Former daily smoker quit less than 5 years or former occasional smoker""""Simple smoking status centered dummy variable: Former daily smoker quit less than 5 years or former occasional smoker""",N/A,N/A,Categorical,N/A,"cchs2001_m, cchs2003_m, cchs2005_m, cchs2007_2008_m, cchs2009_2010_m,  cchs2011_2012_m,  cchs2013_2014_m,  cchs2015_2016_m, cchs2017_2018_m,  cchs2001_i, cchs2003_i, cchs2005_i, cchs2007_2008_i, cchs2009_2010_i, cchs2011_2012_i, cchs2013_2014_i, cchs2015_2016_i, cchs2017_2018_i","DerivedVar::[DHHGAGE_cont_C, smoke_simple_cat2_C]",,"Interact::[DHHGAGE_cont_C, smoke_simple_cat2_C]",,,,,,,,,,
DHHGAGE_cont_C_X_smoke_simple_cat3_C,predictor,"interaction between ""Centered Age dummy variable"" and ""Simple smoking status centered dummy variable: Former daily smoker quit >5 years""","interaction between ""Centered Age dummy variable"" and ""Simple smoking status centered dummy variable: Former daily smoker quit >5 years""""Simple smoking status centered dummy variable: Former daily smoker quit >5 years""",N/A,N/A,Categorical,N/A,"cchs2001_m, cchs2003_m, cchs2005_m, cchs2007_2008_m, cchs2009_2010_m,  cchs2011_2012_m,  cchs2013_2014_m,  cchs2015_2016_m, cchs2017_2018_m,  cchs2001_i, cchs2003_i, cchs2005_i, cchs2007_2008_i, cchs2009_2010_i, cchs2011_2012_i, cchs2013_2014_i, cchs2015_2016_i, cchs2017_2018_i","DerivedVar::[DHHGAGE_cont_C, smoke_simple_cat3_C]",,"Interact::[DHHGAGE_cont_C, smoke_simple_cat3_C]",,,,,,,,,,
age_X_BMI,imputation-variable,Age and BMI interaction,Age and BMI interaction,N/A,N/A,Continuous,N/A,"cchs2001_m, cchs2003_m, cchs2005_m, cchs2007_2008_m, cchs2009_2010_m,  cchs2011_2012_m,  cchs2013_2014_m,  cchs2015_2016_m, cchs2017_2018_m,  cchs2001_i, cchs2003_i, cchs2005_i, cchs2007_2008_i, cchs2009_2010_i, cchs2011_2012_i, cchs2013_2014_i, cchs2015_2016_i, cchs2017_2018_i","DerivedVar::[DHH_AGE, HWTDBMI]",,"Interact::[DHH_AGE, HWTDBMI]",,,,,,,,,,
age_X_arthritis,imputation-variable,Age and arthritis interaction,Age and arthritis interaction,N/A,N/A,Categorical,N/A,"cchs2001_m, cchs2003_m, cchs2005_m, cchs2007_2008_m, cchs2009_2010_m,  cchs2011_2012_m,  cchs2013_2014_m,  cchs2015_2016_m, cchs2017_2018_m,  cchs2001_i, cchs2003_i, cchs2005_i, cchs2007_2008_i, cchs2009_2010_i, cchs2011_2012_i, cchs2013_2014_i, cchs2015_2016_i, cchs2017_2018_i","DerivedVar::[DHH_AGE, CCC_051]",,"Interact::[DHH_AGE, CCC_051]",,,,,,,,,,
age_X_bowel_disorder,imputation-variable,Age and bowel disorder interaction,Age and bowel disorder interaction,N/A,N/A,Categorical,N/A,"cchs2001_m, cchs2003_m, cchs2005_m, cchs2007_2008_m, cchs2009_2010_m,  cchs2011_2012_m,  cchs2013_2014_m,  cchs2015_2016_m, cchs2017_2018_m,  cchs2001_i, cchs2003_i, cchs2005_i, cchs2007_2008_i, cchs2009_2010_i, cchs2011_2012_i, cchs2013_2014_i, cchs2015_2016_i, cchs2017_2018_i","DerivedVar::[DHH_AGE, CCC_171]",,"Interact::[DHH_AGE, CCC_171]",,,,,,,,,,
age_X_cancer,imputation-variable,Age and cancer interaction,Age and cancer interaction,N/A,N/A,Categorical,N/A,"cchs2001_m, cchs2003_m, cchs2005_m, cchs2007_2008_m, cchs2009_2010_m,  cchs2011_2012_m,  cchs2013_2014_m,  cchs2015_2016_m, cchs2017_2018_m,  cchs2001_i, cchs2003_i, cchs2005_i, cchs2007_2008_i, cchs2009_2010_i, cchs2011_2012_i, cchs2013_2014_i, cchs2015_2016_i, cchs2017_2018_i","DerivedVar::[DHH_AGE, CCC_131]",,"Interact::[DHH_AGE, CCC_131]",,,,,,,,,,
age_X_diabetes,imputation-variable,Age and diabetes interaction,Age and diabetes interaction,N/A,N/A,Categorical,N/A,"cchs2001_m, cchs2003_m, cchs2005_m, cchs2007_2008_m, cchs2009_2010_m,  cchs2011_2012_m,  cchs2013_2014_m,  cchs2015_2016_m, cchs2017_2018_m,  cchs2001_i, cchs2003_i, cchs2005_i, cchs2007_2008_i, cchs2009_2010_i, cchs2011_2012_i, cchs2013_2014_i, cchs2015_2016_i, cchs2017_2018_i","DerivedVar::[DHH_AGE, CCC_101]",,"Interact::[DHH_AGE, CCC_101]",,,,,,,,,,
age_X_drinker_type,imputation-variable,Age and drinker type interaction,Age and drinker type interaction,N/A,N/A,Categorical,N/A,"cchs2001_m, cchs2003_m, cchs2005_m, cchs2007_2008_m, cchs2009_2010_m,  cchs2011_2012_m,  cchs2013_2014_m,  cchs2015_2016_m, cchs2017_2018_m,  cchs2001_i, cchs2003_i, cchs2005_i, cchs2007_2008_i, cchs2009_2010_i, cchs2011_2012_i, cchs2013_2014_i, cchs2015_2016_i, cchs2017_2018_i","DerivedVar::[DHH_AGE, ALCDTTM]",,"Interact::[DHH_AGE, ALCDTTM]",,,,,,,,,,
age_X_drinks_last_week,imputation-variable,Age and # of drinks last week interaction,Age and # of drinks last week interaction,N/A,N/A,Continuous,N/A,"cchs2001_m, cchs2003_m, cchs2005_m, cchs2007_2008_m, cchs2009_2010_m,  cchs2011_2012_m,  cchs2013_2014_m,  cchs2015_2016_m, cchs2017_2018_m,  cchs2001_i, cchs2003_i, cchs2005_i, cchs2007_2008_i, cchs2009_2010_i, cchs2011_2012_i, cchs2013_2014_i, cchs2015_2016_i, cchs2017_2018_i","DerivedVar::[DHH_AGE, ALW_1]",,"Interact::[DHH_AGE, ALW_1]",,,,,,,,,,
age_X_hbp,imputation-variable,Age and high blood pressure interaction,Age and high blood pressure interaction,N/A,N/A,Categorical,N/A,"cchs2001_m, cchs2003_m, cchs2005_m, cchs2007_2008_m, cchs2009_2010_m,  cchs2011_2012_m,  cchs2013_2014_m,  cchs2015_2016_m, cchs2017_2018_m,  cchs2001_i, cchs2003_i, cchs2005_i, cchs2007_2008_i, cchs2009_2010_i, cchs2011_2012_i, cchs2013_2014_i, cchs2015_2016_i, cchs2017_2018_i","DerivedVar::[DHH_AGE, CCC_071]",,"Interact::[DHH_AGE, CCC_071]",,,,,,,,,,
age_X_heart_disease,imputation-variable,age and heart disease interaction,age and heart disease interaction,N/A,N/A,Categorical,N/A,"cchs2001_m, cchs2003_m, cchs2005_m, cchs2007_2008_m, cchs2009_2010_m,  cchs2011_2012_m,  cchs2013_2014_m,  cchs2015_2016_m, cchs2017_2018_m,  cchs2001_i, cchs2003_i, cchs2005_i, cchs2007_2008_i, cchs2009_2010_i, cchs2011_2012_i, cchs2013_2014_i, cchs2015_2016_i, cchs2017_2018_i","DerivedVar::[DHH_AGE, CCC_121]",,"Interact::[DHH_AGE, CCC_121]",,,,,,,,,,
age_X_mood_disorder,imputation-variable,age and mood disorder interaction,age and mood disorder interaction,N/A,N/A,Categorical,N/A,"cchs2003_m, cchs2005_m, cchs2007_2008_m, cchs2009_2010_m,  cchs2011_2012_m,  cchs2013_2014_m,  cchs2015_2016_m, cchs2017_2018_m, cchs2003_i, cchs2005_i, cchs2007_2008_i, cchs2009_2010_i, cchs2011_2012_i, cchs2013_2014_i, cchs2015_2016_i, cchs2017_2018_i","DerivedVar::[DHH_AGE, CCC_280]",,"Interact::[DHH_AGE, CCC_280]",,,,,,,,,,
age_X_COPD,imputation-variable,Age and COPD interaction,Age and COPD interaction,N/A,N/A,Categorical,N/A," cchs2009_2010_m,  cchs2011_2012_m,  cchs2013_2014_m,  cchs2015_2016_m, cchs2017_2018_m,  cchs2009_2010_i, cchs2011_2012_i, cchs2013_2014_i, cchs2015_2016_i, cchs2017_2018_i","DerivedVar::[DHH_AGE, CCC_091]",,"Interact::[DHH_AGE, CCC_091]",,,,,,,,,,
age_X_smoking_status,imputation-variable,Age and smoking status interaction,Age and smoking status interaction,N/A,N/A,Categorical,N/A,"cchs2001_m, cchs2003_m, cchs2005_m, cchs2007_2008_m, cchs2009_2010_m,  cchs2011_2012_m,  cchs2013_2014_m,  cchs2015_2016_m, cchs2017_2018_m,  cchs2001_i, cchs2003_i, cchs2005_i, cchs2007_2008_i, cchs2009_2010_i, cchs2011_2012_i, cchs2013_2014_i, cchs2015_2016_i, cchs2017_2018_i","DerivedVar::[DHH_AGE, smoke_simple]",,"Interact::[DHH_AGE, smoke_simple]",,,,,,,,,,
age_X_stroke,imputation-variable,Age and stroke interaction,Age and stroke interaction,N/A,N/A,Categorical,N/A,"cchs2001_m, cchs2003_m, cchs2005_m, cchs2007_2008_m, cchs2009_2010_m,  cchs2011_2012_m,  cchs2013_2014_m,  cchs2015_2016_m, cchs2017_2018_m,  cchs2001_i, cchs2003_i, cchs2005_i, cchs2007_2008_i, cchs2009_2010_i, cchs2011_2012_i, cchs2013_2014_i, cchs2015_2016_i, cchs2017_2018_i","DerivedVar::[DHH_AGE, CCC_151]",,"Interact::[DHH_AGE, CCC_151]",,,,,,,,,,
age_X_anxiety,imputation-variable,Age and anxiety disorder interaction,Age and anxiety disorder interaction,N/A,N/A,Categorical,N/A,"cchs2003_m, cchs2005_m, cchs2007_2008_m, cchs2009_2010_m,  cchs2011_2012_m,  cchs2013_2014_m,  cchs2015_2016_m, cchs2017_2018_m,  cchs2003_i, cchs2005_i, cchs2007_2008_i, cchs2009_2010_i, cchs2011_2012_i, cchs2013_2014_i, cchs2015_2016_i, cchs2017_2018_i","DerivedVar::[DHH_AGE, CCC_290]",,"Interact::[DHH_AGE, CCC_290]",,,,,,,,,,
age_X_number_conditions,imputation-variable,   ,Age and number of conditions interation,,,,,,,,,,,,,,,,,,
ALCDTTM,"intermediate, imputation-variable",Drinker type (last 12 months),Type of drinker (12 months),Health behaviour,Alcohol,Categorical,N/A,"cchs2001_m, cchs2003_m, cchs2005_m, cchs2007_2008_m, cchs2009_2010_m,  cchs2011_2012_m,  cchs2013_2014_m,  cchs2015_2016_m, cchs2017_2018_m,  cchs2001_i, cchs2003_i, cchs2005_i, cchs2007_2008_i, cchs2009_2010_i, cchs2011_2012_i, cchs2013_2014_i, cchs2015_2016_i, cchs2017_2018_i","cchs2001_m::ALCADTYP, cchs2003_m::ALCCDTYP, cchs2005_m::ALCEDTYP, cchs2015_2016_m::ALCDVTTM, cchs2017_2018_m::ALCDVTTM, cchs_2015_2016_i::ALCDVTTM, cchs_2017_2018_i::ALCDVTTM, [ALCDTTM]",,,,,,,,,,,,
ALCDTTM_cat1,intermediate,Drinker type dummy variable: Regular,Drinker type dummy variable: Regular,Health behaviour,Alcohol,Categorical,N/A,"cchs2001_m, cchs2003_m, cchs2005_m, cchs2007_2008_m, cchs2009_2010_m,  cchs2011_2012_m,  cchs2013_2014_m,  cchs2015_2016_m, cchs2017_2018_m,  cchs2001_i, cchs2003_i, cchs2005_i, cchs2007_2008_i, cchs2009_2010_i, cchs2011_2012_i, cchs2013_2014_i, cchs2015_2016_i, cchs2017_2018_i",,,,,,,,,,,,,
ALCDTTM_cat1_C,predictor,Centered drinker type dummy variable: Regular,Centered drinker type dummy variable: Regular,Health behaviour,Alcohol,Categorical,N/A,"cchs2001_m, cchs2003_m, cchs2005_m, cchs2007_2008_m, cchs2009_2010_m,  cchs2011_2012_m,  cchs2013_2014_m,  cchs2015_2016_m, cchs2017_2018_m,  cchs2001_i, cchs2003_i, cchs2005_i, cchs2007_2008_i, cchs2009_2010_i, cchs2011_2012_i, cchs2013_2014_i, cchs2015_2016_i, cchs2017_2018_i",,,"center[ALCDTTM_cat1, mean]",,,,,,,,,,
ALCDTTM_cat2,intermediate,Drinker type dummy variable: Occasional,Drinker type dummy variable: Occasional,Health behaviour,Alcohol,Categorical,N/A,"cchs2001_m, cchs2003_m, cchs2005_m, cchs2007_2008_m, cchs2009_2010_m,  cchs2011_2012_m,  cchs2013_2014_m,  cchs2015_2016_m, cchs2017_2018_m,  cchs2001_i, cchs2003_i, cchs2005_i, cchs2007_2008_i, cchs2009_2010_i, cchs2011_2012_i, cchs2013_2014_i, cchs2015_2016_i, cchs2017_2018_i",,,,,,,,,,,,,
ALCDTTM_cat2_C,predictor,Centered drinker type dummy variable: Occasional,Centered drinker type dummy variable: Occasional,Health behaviour,Alcohol,Categorical,N/A,"cchs2001_m, cchs2003_m, cchs2005_m, cchs2007_2008_m, cchs2009_2010_m,  cchs2011_2012_m,  cchs2013_2014_m,  cchs2015_2016_m, cchs2017_2018_m,  cchs2001_i, cchs2003_i, cchs2005_i, cchs2007_2008_i, cchs2009_2010_i, cchs2011_2012_i, cchs2013_2014_i, cchs2015_2016_i, cchs2017_2018_i",,,"center[ALCDTTM_cat2, mean]",,,,,,,,,,
ALC_1,intermediate,Any alcohol- 12 months,"Past year, had any alcohol",Health behaviour,Alcohol,Categorical,N/A,"cchs2001_m, cchs2003_m, cchs2005_m, cchs2007_2008_m, cchs2009_2010_m,  cchs2011_2012_m,  cchs2013_2014_m,  cchs2015_2016_m, cchs2017_2018_m,  cchs2001_i, cchs2003_i, cchs2005_i, cchs2007_2008_i, cchs2009_2010_i, cchs2011_2012_i, cchs2013_2014_i, cchs2015_2016_i, cchs2017_2018_i","cchs2001_m::ALCA_1, cchs2003_m::ALCC_1, cchs2005_m::ALCE_1, cchs2015_2016_m::ALC_010, cchs2017_2018_m::ALC_010, cchs_2015_2016_i::ALC_010, cchs_2017_2018_i::ALC_010, [ALC_1]",,,,,,,,,,,,
ALC_005,Intermediate,Any alcohol- Lifetime,"Lifetime, had any alcohol",Health behaviour,Alcohol,Categorical,N/A,"cchs2001_p, cchs2003_p, cchs2005_p, cchs2007_2008_p, cchs2015_2016_p, cchs2017_2018_p, cchs_2015_2016_i, cchs_2017_2018_i","cchs2001_p::ALCA_5B, cchs2003_p::ALCC_5B, cchs2005_p::ALCE_5B, cchs2007_2008_p::ALN_1, [ALC_005]",,,,,,,,,,,,
ALW_1,intermediate,Any alcohol past week,"Past week, had any alcohol",Health behaviour,Alcohol,Categorical,N/A,"cchs2001_p, cchs2003_p, cchs2005_p, cchs2007_2008_p, cchs2009_2010_p, cchs2010_p, cchs2011_2012_p, cchs2012_p, cchs2013_2014_p, cchs2014_p, cchs2015_2016_p, cchs2017_2018_p, cchs2009_s, cchs2010_s, cchs2012_s, cchs_2014_i, cchs_2013_2014_i, cchs_2015_2016_i, cchs_2017_2018_i","cchs2001_p::ALCA_5, cchs2003_p::ALCC_5, cchs2005_p::ALCE_5, cchs2015_2016_p::ALW_005, cchs2017_2018_p::ALW_005, cchs2015_2016_i::ALW_005, cchs2017_2018_i::ALW_005, [ALW_1]",,,,,,,,,,,,
ALW_2A1,intermediate,# of drinks - Sunday,Number of drinks on Sunday,Health behaviour,Alcohol,Continuous,drinks,"cchs2001_p, cchs2003_p, cchs2005_p, cchs2007_2008_p, cchs2009_2010_p, cchs2010_p, cchs2011_2012_p, cchs2012_p, cchs2013_2014_p, cchs2014_p, cchs2015_2016_p, cchs2017_2018_p, cchs_2014_i, cchs_2013_2014_i, cchs_2015_2016_i, cchs_2017_2018_i","cchs2001_p::ALCA_5A1, cchs2003_p::ALCC_5A1, cchs2005_p::ALCE_5A1, cchs2015_2016_p::ALW_010, cchs2017_2018_p::ALW_010, cchs2015_2016_i::ALW_010, cchs2017_2018_i::ALW_010,[ALW_2A1]",,,,,,,,,,,,
ALW_2A2,intermediate,# of drinks - Monday,Number of drinks on Monday,Health behaviour,Alcohol,Continuous,drinks,"cchs2001_p, cchs2003_p, cchs2005_p, cchs2007_2008_p, cchs2009_2010_p, cchs2010_p, cchs2011_2012_p, cchs2012_p, cchs2013_2014_p, cchs2014_p, cchs2015_2016_p, cchs2017_2018_p, cchs_2014_i, cchs_2013_2014_i, cchs_2015_2016_i, cchs_2017_2018_i","cchs2001_p::ALCA_5A2, cchs2003_p::ALCC_5A2, cchs2005_p::ALCE_5A2, cchs2015_2016_p::ALW_015, cchs2017_2018_p::ALW_015, cchs2015_2016_i::ALW_015, cchs2017_2018_i::ALW_015, [ALW_2A2]",,,,,,,,,,,,
ALW_2A3,intermediate,# of drinks - Tuesday,Number of drinks on Tuesday,Health behaviour,Alcohol,Continuous,drinks,"cchs2001_p, cchs2003_p, cchs2005_p, cchs2007_2008_p, cchs2009_2010_p, cchs2010_p, cchs2011_2012_p, cchs2012_p, cchs2013_2014_p, cchs2014_p, cchs2015_2016_p, cchs2017_2018_p, cchs_2014_i, cchs_2013_2014_i, cchs_2015_2016_i, cchs_2017_2018_i","cchs2001_p::ALCA_5A3, cchs2003_p::ALCC_5A3, cchs2005_p::ALCE_5A3, cchs2015_2016_p::ALW_020, cchs2017_2018_p::ALW_020, cchs2015_2016_i::ALW_020, cchs2017_2018_i::ALW_020, [ALW_2A3]",,,,,,,,,,,,
ALW_2A4,intermediate,# of drinks - Wednesday,Number of drinks on Wednesday,Health behaviour,Alcohol,Continuous,drinks,"cchs2001_p, cchs2003_p, cchs2005_p, cchs2007_2008_p, cchs2009_2010_p, cchs2010_p, cchs2011_2012_p, cchs2012_p, cchs2013_2014_p, cchs2014_p, cchs2015_2016_p, cchs2017_2018_p, cchs_2014_i, cchs_2013_2014_i, cchs_2015_2016_i, cchs_2017_2018_i","cchs2001_p::ALCA_5A4, cchs2003_p::ALCC_5A4, cchs2005_p::ALCE_5A4, cchs2015_2016_p::ALW_025, cchs2017_2018_p::ALW_025, cchs2015_2016_i::ALW_025, cchs2017_2018_i::ALW_025,[ALW_2A4]",,,,,,,,,,,,
ALW_2A5,intermediate,# of drinks - Thursday,Number of drinks on Thursday,Health behaviour,Alcohol,Continuous,drinks,"cchs2001_p, cchs2003_p, cchs2005_p, cchs2007_2008_p, cchs2009_2010_p, cchs2010_p, cchs2011_2012_p, cchs2012_p, cchs2013_2014_p, cchs2014_p, cchs2015_2016_p, cchs2017_2018_p, cchs_2014_i, cchs_2013_2014_i, cchs_2015_2016_i, cchs_2017_2018_i","cchs2001_p::ALCA_5A5, cchs2003_p::ALCC_5A5, cchs2005_p::ALCE_5A5, cchs2015_2016_p::ALW_030, cchs2017_2018_p::ALW_030, cchs2015_2016_i::ALW_030, cchs2017_2018_i::ALW_030,[ALW_2A5]",,,,,,,,,,,,
ALW_2A6,intermediate,# of drinks - Friday,Number of drinks on Friday,Health behaviour,Alcohol,Continuous,drinks,"cchs2001_p, cchs2003_p, cchs2005_p, cchs2007_2008_p, cchs2009_2010_p, cchs2010_p, cchs2011_2012_p, cchs2012_p, cchs2013_2014_p, cchs2014_p, cchs2015_2016_p, cchs2017_2018_p, cchs_2014_i, cchs_2013_2014_i, cchs_2015_2016_i, cchs_2017_2018_i","cchs2001_p::ALCA_5A6, cchs2003_p::ALCC_5A6, cchs2005_p::ALCE_5A6, cchs2015_2016_p::ALW_035, cchs2017_2018_p::ALW_035, cchs2015_2016_i::ALW_035, cchs2017_2018_i::ALW_035, [ALW_2A6]",,,,,,,,,,,,
ALW_2A7,intermediate,# of drinks - Saturday,Number of drinks on Saturday,Health behaviour,Alcohol,Continuous,drinks,"cchs2001_p, cchs2003_p, cchs2005_p, cchs2007_2008_p, cchs2009_2010_p, cchs2010_p, cchs2011_2012_p, cchs2012_p, cchs2013_2014_p, cchs2014_p, cchs2015_2016_p, cchs2017_2018_p, cchs_2014_i, cchs_2013_2014_i, cchs_2015_2016_i, cchs_2017_2018_i","cchs2001_p::ALCA_5A7, cchs2003_p::ALCC_5A7, cchs2005_p::ALCE_5A7, cchs2015_2016_p::ALW_040, cchs2017_2018_p::ALW_040, cchs2015_2016_i::ALW_040, cchs2017_2018_i::ALW_040[ALW_2A7]",,,,,,,,,,,,
binge_drinker,intermediate,Binge Drinker,Binge Drinker,Health behaviour,Alcohol,Categorical,N/A,"cchs2001_p, cchs2003_p, cchs2005_p, cchs2007_2008_p, cchs2009_2010_p, cchs2010_p, cchs2011_2012_p, cchs2012_p, cchs2013_2014_p, cchs2014_p, cchs2015_2016_p, cchs2017_2018_p, cchs_2014_i, cchs_2013_2014_i, cchs_2015_2016_i, cchs_2017_2018_i","DerivedVar::[DHH_SEX, ALW_1, ALW_2A1, ALW_2A2, ALW_2A3, ALW_2A4, ALW_2A5, ALW_2A6, ALW_2A7]",,,,,,,,,,,,
ALWDVLTR_der,"intermediate, imputation-variable",long term drinking risk,Low drinking - Increased long term risks due to drinking,Health behaviour,Alcohol,Categorical,N/A,"cchs2001_p, cchs2003_p, cchs2005_p, cchs2007_2008_p, cchs2009_2010_p, cchs2010_p, cchs2011_2012_p, cchs2012_p, cchs2013_2014_p, cchs2014_p, cchs2015_2016_p, cchs2017_2018_p, cchs2009_s,  cchs2010_s, cchs2012_s, cchs_2014_i, cchs_2013_2014_i, cchs_2015_2016_i, cchs_2017_2018_i","DerivedVar::[DHH_SEX, ALWDWKY, ALC_1, ALW_1, ALW_2A1, ALW_2A2, ALW_2A3, ALW_2A4, ALW_2A5, ALW_2A6, ALW_2A7]",Risk based on Canada's Low Risk Alcohol Drinking Guidelines. Refer to https://osf.io/ykau5/ .,,,,,,,,,,,
ALWDVLTR_der_cat1,intermediate,Dummy long term drinking risk variable: Yes,Dummy long term drinking risk variable: Yes,Health behaviour,Alcohol,Categorical,N/A,"cchs2001_p, cchs2003_p, cchs2005_p, cchs2007_2008_p, cchs2009_2010_p, cchs2010_p, cchs2011_2012_p, cchs2012_p, cchs2013_2014_p, cchs2014_p, cchs2015_2016_p, cchs2017_2018_p, cchs2009_s,  cchs2010_s, cchs2012_s, cchs_2014_i, cchs_2013_2014_i, cchs_2015_2016_i, cchs_2017_2018_i",DerivedVar::[ALWDLVTR},,"dummy[1,2]",,,,,,,,,,
ALWDVLTR_der_cat1_C,predictor,Centered dummy long term drinking risk: Yes,Centered dummy long term drinking risk: Yes,Health behaviour,Alcohol,Categorical,N/A,"cchs2001_p, cchs2003_p, cchs2005_p, cchs2007_2008_p, cchs2009_2010_p, cchs2010_p, cchs2011_2012_p, cchs2012_p, cchs2013_2014_p, cchs2014_p, cchs2015_2016_p, cchs2017_2018_p, cchs2009_s,  cchs2010_s, cchs2012_s, cchs_2014_i, cchs_2013_2014_i, cchs_2015_2016_i, cchs_2017_2018_i",DerivedVar::[ALWDLVTR_cat1},,"center[ALWDVLTR_cat1, mean]",,,,,,,,,,
ALWDVSTR_der,"intermediate, imputation-variable",Short term drinking risk,Low drinking - Increased short term risks due to drinking,Health behaviour,Alcohol,Categorical,N/A,"cchs2001_p, cchs2003_p, cchs2005_p, cchs2007_2008_p, cchs2009_2010_p, cchs2010_p, cchs2011_2012_p, cchs2012_p, cchs2013_2014_p, cchs2014_p, cchs2015_2016_p, cchs2017_2018_p, cchs2009_s,  cchs2010_s, cchs2012_s, cchs_2014_i, cchs_2013_2014_i, cchs_2015_2016_i, cchs_2017_2018_i","DerivedVar::[DHH_SEX, ALWDWKY, ALC_1, ALW_1, ALW_2A1, ALW_2A2, ALW_2A3, ALW_2A4, ALW_2A5, ALW_2A6, ALW_2A7]",Risk based on Canada's Low Risk Alcohol Drinking Guidelines. Refer to https://osf.io/ykau5/ .,,,,,,,,,,,
ALWDVSTR_der_cat1,intermediate,Dummy short term drinking risk variable: Yes,Dummy short term drinking risk variable: Yes,Health behaviour,Alcohol,Categorical,N/A,"cchs2001_p, cchs2003_p, cchs2005_p, cchs2007_2008_p, cchs2009_2010_p, cchs2010_p, cchs2011_2012_p, cchs2012_p, cchs2013_2014_p, cchs2014_p, cchs2015_2016_p, cchs2017_2018_p, cchs2009_s,  cchs2010_s, cchs2012_s, cchs_2014_i, cchs_2013_2014_i, cchs_2015_2016_i, cchs_2017_2018_i",DerivedVar::[ALWDVSTR},,"dummy[1,2]",,,,,,,,,,
ALWDVSTR_der_cat1_C,predictor,Centered dummy short term drinking risk: Yes,Centered dummy short term drinking risk: Yes,Health behaviour,Alcohol,Categorical,N/A,"cchs2001_p, cchs2003_p, cchs2005_p, cchs2007_2008_p, cchs2009_2010_p, cchs2010_p, cchs2011_2012_p, cchs2012_p, cchs2013_2014_p, cchs2014_p, cchs2015_2016_p, cchs2017_2018_p, cchs2009_s,  cchs2010_s, cchs2012_s, cchs_2014_i, cchs_2013_2014_i, cchs_2015_2016_i, cchs_2017_2018_i",DerivedVar::[ALWDVSTR_car1},,"center[ALWDVSTR_cat1, mean]",,,,,,,,,,
ALWDWKY,intermediate,Drinks last week,Weekly consumption of alcohol,Health behaviour,Alcohol,Continuous,drinks/week,"cchs2001_p, cchs2003_p, cchs2005_p, cchs2007_2008_p, cchs2009_2010_p, cchs2010_p, cchs2011_2012_p, cchs2012_p, cchs2013_2014_p, cchs2014_p, cchs2015_2016_p, cchs2017_2018_p, cchs2009_s,  cchs2010_s, cchs2012_s, cchs_2014_i, cchs_2013_2014_i, cchs_2015_2016_i, cchs_2017_2018_i","cchs2001_p::ALCADWKY, cchs2003_p::ALCCDWKY, cchs2005_p::ALCEDWKY, cchs2015_2016_p::ALWDVWKY, cchs2017_2018_p::ALWDVWKY, cchs2015_2016_i::ALWDVWKY, cchs2017_2018_i::ALWDVWKY, [ALWDWKY]",,,,,,,,,,,,
CCC_031,"intermediate, imputation-variable",Asthma,Do you have asthma?,Health status,Chronic condition,Categorical,N/A,"cchs2001_p, cchs2003_p, cchs2005_p, cchs2007_2008_p, cchs2009_2010_p, cchs2010_p, cchs2011_2012_p, cchs2012_p, cchs2013_2014_p, cchs2014_p, cchs2015_2016_p, cchs2017_2018_p, cchs2009_s,  cchs2010_s, cchs2012_s, cchs_2013_i, cchs_2014_i, cchs_2015_i, cchs_2016_i, cchs_2017_i, cchs_2018_i, cchs_2013_2014_i, cchs_2015_2016_i, cchs_2017_2018_i","cchs2001_p::CCCA_031, cchs2003_p::CCCC_031, cchs2005_p::CCCE_031, cchs2015_2016_p::CCC_015, cchs2017_2018_p::CCC_015, cchs2015_2016_i::CCC_015, cchs2017_2018_i::CCC_015,[CCC_031]",,,,,,,,,,,,
CCC_031_cat1,intermediate,Dummy asthma variable: Yes,Dummy asthma variable: Yes,Health status,Chronic condition,Categorical,N/A,"cchs2001_p, cchs2003_p, cchs2005_p, cchs2007_2008_p, cchs2009_2010_p, cchs2010_p, cchs2011_2012_p, cchs2012_p, cchs2013_2014_p, cchs2014_p, cchs2015_2016_p, cchs2017_2018_p, cchs2009_s,  cchs2010_s, cchs2012_s, cchs_2013_i, cchs_2014_i, cchs_2015_i, cchs_2016_i, cchs_2017_i, cchs_2018_i, cchs_2013_2014_i, cchs_2015_2016_i, cchs_2017_2018_i",DerivedVar::[CCC_031],,"dummy[1,2]",,,,,,,,,,
CCC_031_cat1_c,predictor,Centered dummy asthma variable: Yes,Centered dummy asthma variable: Yes,Health status,Chronic condition,Categorical,N/A,"cchs2001_p, cchs2003_p, cchs2005_p, cchs2007_2008_p, cchs2009_2010_p, cchs2010_p, cchs2011_2012_p, cchs2012_p, cchs2013_2014_p, cchs2014_p, cchs2015_2016_p, cchs2017_2018_p, cchs2009_s,  cchs2010_s, cchs2012_s, cchs_2013_i, cchs_2014_i, cchs_2015_i, cchs_2016_i, cchs_2017_i, cchs_2018_i, cchs_2013_2014_i, cchs_2015_2016_i, cchs_2017_2018_i",DerivedVar::[CCC_031_cat1],,"center[CCC_031_cat1, mean]",,,,,,,,,,
CCC_051,imputation-variable,Arthritis/Rheumatism,Do you have arthritis or rheumatism?,Health status,Chronic condition,Categorical,N/A,"cchs2001_p, cchs2003_p, cchs2005_p, cchs2007_2008_p, cchs2009_2010_p, cchs2010_p, cchs2011_2012_p, cchs2012_p, cchs2013_2014_p, cchs2014_p, cchs2015_2016_p, cchs2017_2018_p, cchs2009_s, cchs2010_s, cchs2012_s, cchs_2013_i, cchs_2014_i, cchs_2015_i, cchs_2016_i, cchs_2017_i, cchs_2018_i, cchs_2013_2014_i, cchs_2015_2016_i, cchs_2017_2018_i","cchs2001_p::CCCA_051, cchs2003_p::CCCC_051, cchs2005_p::CCCE_051, cchs2015_2016_p::CCC_050, cchs2017_2018_p::CCC_050, cchs2015_2016_i::CCC_050, cchs2017_2018_i::CCC_050,[CCC_051]",,,,,,,,,,,,
CCC_061,"intermediate, imputation-variable",Back Problems,Do you have back problems?,Health status,Chronic condition,Categorical,N/A,"cchs2001_p, cchs2003_p, cchs2005_p, cchs2007_2008_p, cchs2009_2010_p, cchs2010_p, cchs2011_2012_p, cchs2012_p, cchs2013_2014_p, cchs2014_p, cchs2015_2016_p, cchs2017_2018_p, cchs_2013_i, cchs_2014_i, cchs_2015_i, cchs_2016_i, cchs_2017_i, cchs_2018_i, cchs_2013_2014_i, cchs_2015_2016_i, cchs_2017_2018_i","cchs2001_p::CCCA_061, cchs2003_p::CCCC_061, cchs2005_p::CCCE_061, cchs2015_2016_p::CCC_055, cchs2017_2018_p::CCC_055, cchs2015_2016_i::CCC_055, cchs2017_2018_i::CCC_055, [CCC_061]",,,,,,,,,,,,
CCC_061_cat1,intermediate,Dummy back problems variable: Yes,Dummy back problems variable: Yes,Health status,Chronic condition,Categorical,N/A,"cchs2001_p, cchs2003_p, cchs2005_p, cchs2007_2008_p, cchs2009_2010_p, cchs2010_p, cchs2011_2012_p, cchs2012_p, cchs2013_2014_p, cchs2014_p, cchs2015_2016_p, cchs2017_2018_p, cchs_2013_i, cchs_2014_i, cchs_2015_i, cchs_2016_i, cchs_2017_i, cchs_2018_i, cchs_2013_2014_i, cchs_2015_2016_i, cchs_2017_2018_i",DerivedVar::[CCC_061],,"dummy[1,2]",,,,,,,,,,
CCC_061_cat1_c,predictor,Centered dummy back problems variable: Yes,Centered dummy back problems variable: Yes,Health status,Chronic condition,Categorical,N/A,"cchs2001_p, cchs2003_p, cchs2005_p, cchs2007_2008_p, cchs2009_2010_p, cchs2010_p, cchs2011_2012_p, cchs2012_p, cchs2013_2014_p, cchs2014_p, cchs2015_2016_p, cchs2017_2018_p, cchs_2013_i, cchs_2014_i, cchs_2015_i, cchs_2016_i, cchs_2017_i, cchs_2018_i, cchs_2013_2014_i, cchs_2015_2016_i, cchs_2017_2018_i",DerivedVar::[CCC_061_cat1],,"center[CCC_061_cat1, mean]",,,,,,,,,,
CCC_071,"intermediate, imputation-variable",Hypertension,Do you have high blood pressure?,Health status,Chronic condition,Categorical,N/A,"cchs2001_p, cchs2003_p, cchs2005_p, cchs2007_2008_p, cchs2009_2010_p, cchs2010_p, cchs2011_2012_p, cchs2012_p, cchs2013_2014_p, cchs2014_p, cchs2015_2016_p, cchs2017_2018_p, cchs2009_s, cchs2010_s, cchs2012_s, cchs_2013_i, cchs_2014_i, cchs_2015_i, cchs_2016_i, cchs_2017_i, cchs_2018_i, cchs_2013_2014_i, cchs_2015_2016_i, cchs_2017_2018_i","cchs2001_p::CCCA_071, cchs2003_p::CCCC_071, cchs2005_p::CCCE_071, cchs2015_2016_p::CCC_065, cchs2017_2018_p::CCC_065,cchs2015_2016_i::CCC_065, cchs2017_2018_i::CCC_065, [CCC_071]",,,,,,,,,,,,
CCC_071_cat1,intermediate,Dummy hypertension variable: Yes,Dummy hypertension variable: Yes,Health status,Chronic condition,Categorical,N/A,"cchs2001_p, cchs2003_p, cchs2005_p, cchs2007_2008_p, cchs2009_2010_p, cchs2010_p, cchs2011_2012_p, cchs2012_p, cchs2013_2014_p, cchs2014_p, cchs2015_2016_p, cchs2017_2018_p, cchs2009_s, cchs2010_s, cchs2012_s, cchs_2013_i, cchs_2014_i, cchs_2015_i, cchs_2016_i, cchs_2017_i, cchs_2018_i, cchs_2013_2014_i, cchs_2015_2016_i, cchs_2017_2018_i",DerivedVar::[CCC_071],,"dummy[1,2]",,,,,,,,,,
CCC_071_cat1_c,predictor,Centered dummy hypertension variable: Yes,Centered dummy hypertension variable: Yes,Health status,Chronic condition,Categorical,N/A,"cchs2001_p, cchs2003_p, cchs2005_p, cchs2007_2008_p, cchs2009_2010_p, cchs2010_p, cchs2011_2012_p, cchs2012_p, cchs2013_2014_p, cchs2014_p, cchs2015_2016_p, cchs2017_2018_p, cchs2009_s, cchs2010_s, cchs2012_s, cchs_2013_i, cchs_2014_i, cchs_2015_i, cchs_2016_i, cchs_2017_i, cchs_2018_i, cchs_2013_2014_i, cchs_2015_2016_i, cchs_2017_2018_i",DerivedVar::[CCC_071_cat1],,"center[CCC_071_cat1, mean]",,,,,,,,,,
CCC_091,"intermediate, imputation-variable",COPD/Emphysema/Bronchitis,"Do you have COPD (eg bronchitis, emphysema)?",Health status,Chronic condition,Categorical,N/A,"cchs2001_p, cchs2003_p, cchs2009_2010_p, cchs2010_p, cchs2011_2012_p, cchs2012_p, cchs2013_2014_p, cchs2014_p, cchs2015_2016_p, cchs2017_2018_p, cchs2009_s, cchs2010_s, cchs2012_s, cchs_2013_i, cchs_2014_i, cchs_2015_i, cchs_2016_i, cchs_2017_i, cchs_2018_i, cchs_2013_2014_i, cchs_2015_2016_i, cchs_2017_2018_i","cchs2001_p::CCCA_91B, cchs2003_p::CCCC_91B, cchs2015_2016_p::CCC_030, cchs2017_2018_p::CCC_030,cchs2015_2016_i::CCC_030, cchs2017_2018_i::CCC_030, [CCC_091]",,,,,,,,,,,,
CCC_091_cat1,intermediate,Dummy COPD/Emphysema/Bronchitis variable: Yes,Dummy COPD/Emphysema/Bronchitis variable: Yes,Health status,Chronic condition,Categorical,N/A,"cchs2001_p, cchs2003_p, cchs2009_2010_p, cchs2010_p, cchs2011_2012_p, cchs2012_p, cchs2013_2014_p, cchs2014_p, cchs2015_2016_p, cchs2017_2018_p, cchs2009_s, cchs2010_s, cchs2012_s, cchs_2013_i, cchs_2014_i, cchs_2015_i, cchs_2016_i, cchs_2017_i, cchs_2018_i, cchs_2013_2014_i, cchs_2015_2016_i, cchs_2017_2018_i",DerivedVar::[CCC_091],,"dummy[1,2]",,,,,,,,,,
CCC_091_cat1_c,predictor,Centered dummy COPD/Emphysema/Bronchitis variable: Yes,Centered dummy COPD/Emphysema/Bronchitis variable: Yes,Health status,Chronic condition,Categorical,N/A,"cchs2001_p, cchs2003_p, cchs2009_2010_p, cchs2010_p, cchs2011_2012_p, cchs2012_p, cchs2013_2014_p, cchs2014_p, cchs2015_2016_p, cchs2017_2018_p, cchs2009_s, cchs2010_s, cchs2012_s, cchs_2013_i, cchs_2014_i, cchs_2015_i, cchs_2016_i, cchs_2017_i, cchs_2018_i, cchs_2013_2014_i, cchs_2015_2016_i, cchs_2017_2018_i",DerivedVar::[CCC_091_cat1],,"center[CCC_091_cat1, mean]",,,,,,,,,,
CCC_101,imputation-variable,Diabetes,Do you have diabetes?,Health status,Chronic condition,Categorical,N/A,"cchs2001_p, cchs2003_p, cchs2005_p, cchs2007_2008_p, cchs2009_2010_p, cchs2010_p, cchs2011_2012_p, cchs2012_p, cchs2013_2014_p, cchs2014_p, cchs2015_2016_p, cchs2017_2018_p, cchs2009_s, cchs2010_s, cchs2012_s, cchs_2013_i, cchs_2014_i, cchs_2015_i, cchs_2016_i, cchs_2017_i, cchs_2018_i, cchs_2013_2014_i, cchs_2015_2016_i, cchs_2017_2018_i","cchs2001_p::CCCA_101, cchs2003_p::CCCC_101, cchs2005_p::CCCE_101, cchs2015_2016_p::CCC_095, cchs2017_2018_p::CCC_095, cchs2015_2016_i::CCC_095, cchs2017_2018_i::CCC_095, [CCC_101]",,,,,,,,,,,,
CCC_121,"intermediate, imputation-variable",Heart Disease,Do you have heart disease?,Health status,Chronic condition,Categorical,N/A,"cchs2001_p, cchs2003_p, cchs2005_p, cchs2007_2008_p, cchs2009_2010_p, cchs2010_p, cchs2011_2012_p, cchs2012_p, cchs2013_2014_p, cchs2014_p, cchs2015_2016_p, cchs2017_2018_p, cchs2009_s, cchs2010_s, cchs2012_s, cchs_2013_i, cchs_2014_i, cchs_2015_i, cchs_2016_i, cchs_2017_i, cchs_2018_i, cchs_2013_2014_i, cchs_2015_2016_i, cchs_2017_2018_i","cchs2001_p::CCCA_121, cchs2003_p::CCCC_121, cchs2005_p::CCCE_121, cchs2015_2016_p::CCC_085, cchs2017_2018_p::CCC_085, cchs2015_2016_i::CCC_085, cchs2017_2018_i::CCC_085, [CCC_121]",,,,,,,,,,,,
CCC_121_cat1,intermediate,Dummy Heart Disease variable: Yes,Dummy Heart Disease variable: Yes,Health status,Chronic condition,Categorical,N/A,"cchs2001_p, cchs2003_p, cchs2005_p, cchs2007_2008_p, cchs2009_2010_p, cchs2010_p, cchs2011_2012_p, cchs2012_p, cchs2013_2014_p, cchs2014_p, cchs2015_2016_p, cchs2017_2018_p, cchs2009_s, cchs2010_s, cchs2012_s, cchs_2013_i, cchs_2014_i, cchs_2015_i, cchs_2016_i, cchs_2017_i, cchs_2018_i, cchs_2013_2014_i, cchs_2015_2016_i, cchs_2017_2018_i",DerivedVar::[CCC_121],,"dummy[1,2]",,,,,,,,,,
CCC_121_cat1_c,predictor,Centered dummy heart disease variable: Yes,Centered dummy heart disease variable: Yes,Health status,Chronic condition,Categorical,N/A,"cchs2001_p, cchs2003_p, cchs2005_p, cchs2007_2008_p, cchs2009_2010_p, cchs2010_p, cchs2011_2012_p, cchs2012_p, cchs2013_2014_p, cchs2014_p, cchs2015_2016_p, cchs2017_2018_p, cchs2009_s, cchs2010_s, cchs2012_s, cchs_2013_i, cchs_2014_i, cchs_2015_i, cchs_2016_i, cchs_2017_i, cchs_2018_i, cchs_2013_2014_i, cchs_2015_2016_i, cchs_2017_2018_i",DerivedVar::[CCC_121_cat1],,"center[CCC_121_cat1, mean]",,,,,,,,,,
CCC_131,"intermediate, imputation-variable",Active Cancer,Do you have cancer?,Health status,Chronic condition,Categorical,N/A,"cchs2001_p, cchs2003_p, cchs2005_p, cchs2007_2008_p, cchs2009_2010_p, cchs2010_p, cchs2011_2012_p, cchs2012_p, cchs2013_2014_p, cchs2014_p, cchs2015_2016_p, cchs2017_2018_p, cchs2009_s, cchs2010_s, cchs2012_s, cchs_2013_i, cchs_2014_i, cchs_2015_i, cchs_2016_i, cchs_2017_i, cchs_2018_i, cchs_2013_2014_i, cchs_2015_2016_i, cchs_2017_2018_i","cchs2001_p::CCCA_131, cchs2003_p::CCCC_131, cchs2005_p::CCCE_131, cchs2015_2016_p::CCC_130, cchs2017_2018_p::CCC_130, cchs2015_2016_i::CCC_130, cchs2017_2018_i::CCC_130,[CCC_131]",,,,,,,,,,,,
CCC_131_cat1,intermediate,Dummy active cancervariable: Yes,Dummy active cancervariable: Yes,Health status,Chronic condition,Categorical,N/A,"cchs2001_p, cchs2003_p, cchs2005_p, cchs2007_2008_p, cchs2009_2010_p, cchs2010_p, cchs2011_2012_p, cchs2012_p, cchs2013_2014_p, cchs2014_p, cchs2015_2016_p, cchs2017_2018_p, cchs2009_s, cchs2010_s, cchs2012_s, cchs_2013_i, cchs_2014_i, cchs_2015_i, cchs_2016_i, cchs_2017_i, cchs_2018_i, cchs_2013_2014_i, cchs_2015_2016_i, cchs_2017_2018_i",DerivedVar::[CCC_131],,"dummy[1,2]",,,,,,,,,,
CCC_131_cat1_c,predictor,Centered dummy active cancer variable: Yes,Centered dummy active cancer variable: Yes,Health status,Chronic condition,Categorical,N/A,"cchs2001_p, cchs2003_p, cchs2005_p, cchs2007_2008_p, cchs2009_2010_p, cchs2010_p, cchs2011_2012_p, cchs2012_p, cchs2013_2014_p, cchs2014_p, cchs2015_2016_p, cchs2017_2018_p, cchs2009_s, cchs2010_s, cchs2012_s, cchs_2013_i, cchs_2014_i, cchs_2015_i, cchs_2016_i, cchs_2017_i, cchs_2018_i, cchs_2013_2014_i, cchs_2015_2016_i, cchs_2017_2018_i",DerivedVar::[CCC_131_cat1],,"center[CCC_131_cat1, mean]",,,,,,,,,,
CCC_151,"intermediate, imputation-variable",Stroke,Do you suffer from effects of stroke?,Health status,Chronic condition,Categorical,N/A,"cchs2001_p, cchs2003_p, cchs2005_p, cchs2007_2008_p, cchs2009_2010_p, cchs2010_p, cchs2011_2012_p, cchs2012_p, cchs2013_2014_p, cchs2014_p, cchs2015_2016_p, cchs2017_2018_p, cchs2009_s, cchs2010_s, cchs2012_s, cchs_2013_i, cchs_2014_i, cchs_2015_i, cchs_2016_i, cchs_2017_i, cchs_2018_i, cchs_2013_2014_i, cchs_2015_2016_i, cchs_2017_2018_i","cchs2001_p::CCCA_151, cchs2003_p::CCCC_151, cchs2005_p::CCCE_151, cchs2015_2016_p::CCC_090, cchs2017_2018_p::CCC_090, cchs2015_2016_i::CCC_090, cchs2017_2018_i::CCC_090, [CCC_151]",,,,,,,,,,,,
CCC_151_cat1,intermediate,Dummy stroke variable: Yes,Dummy stroke variable: Yes,Health status,Chronic condition,Categorical,N/A,"cchs2001_p, cchs2003_p, cchs2005_p, cchs2007_2008_p, cchs2009_2010_p, cchs2010_p, cchs2011_2012_p, cchs2012_p, cchs2013_2014_p, cchs2014_p, cchs2015_2016_p, cchs2017_2018_p, cchs2009_s, cchs2010_s, cchs2012_s, cchs_2013_i, cchs_2014_i, cchs_2015_i, cchs_2016_i, cchs_2017_i, cchs_2018_i, cchs_2013_2014_i, cchs_2015_2016_i, cchs_2017_2018_i",DerivedVar::[CCC_151],,"dummy[1,2]",,,,,,,,,,
CCC_151_cat1_c,predictor,Centered dummy stroke variable: Yes,Centered dummy stroke variable: Yes,Health status,Chronic condition,Categorical,N/A,"cchs2001_p, cchs2003_p, cchs2005_p, cchs2007_2008_p, cchs2009_2010_p, cchs2010_p, cchs2011_2012_p, cchs2012_p, cchs2013_2014_p, cchs2014_p, cchs2015_2016_p, cchs2017_2018_p, cchs2009_s, cchs2010_s, cchs2012_s, cchs_2013_i, cchs_2014_i, cchs_2015_i, cchs_2016_i, cchs_2017_i, cchs_2018_i, cchs_2013_2014_i, cchs_2015_2016_i, cchs_2017_2018_i",DerivedVar::[CCC_151_cat1],,"center[CCC_151_cat1, mean]",,,,,,,,,,
CCC_171,imputation-variable,Bowel Disorder,Do you have bowel disorder?,Health status,Chronic condition,Categorical ,N/A,"cchs2001_p, cchs2003_p, cchs2005_p, cchs2007_2008_p, cchs2009_2010_p, cchs2010_p, cchs2011_2012_p, cchs2012_p, cchs2013_2014_p, cchs2014_p, cchs2015_2016_p, cchs2017_2018_p, cchs2009_s, cchs2010_s, cchs2012_s, cchs_2013_i, cchs_2014_i, cchs_2015_i, cchs_2016_i, cchs_2017_i, cchs_2018_i, cchs_2013_2014_i, cchs_2015_2016_i, cchs_2017_2018_i",,,,,,,,,,,,,
CCC_280,indermediate,Mood disorder,Do you have a mood disorder?,Health status,Chronic condition,Categorical,N/A,"cchs2001_p, cchs2003_p, cchs2005_p, cchs2007_2008_p, cchs2009_2010_p, cchs2010_p, cchs2011_2012_p, cchs2012_p, cchs2013_2014_p, cchs2014_p, cchs2015_2016_p, cchs2017_2018_p, cchs2009_s, cchs2010_s, cchs2012_s, cchs_2013_i, cchs_2014_i, cchs_2015_i, cchs_2016_i, cchs_2017_i, cchs_2018_i, cchs_2013_2014_i, cchs_2015_2016_i, cchs_2017_2018_i","cchs2003_p::CCCC_280, cchs2005_p::CCCE_280, cchs2015_2016_p::CCC_195, cchs2017_2018_p::CCC_195, cchs2015_2016_i::CCC_195, cchs2017_2018_i::CCC_195, [CCC_280]",,,,,,,,,,,,
CCC_280_cat1,intermediate,Dummy mood disordervariable: Yes,Dummy mood disordervariable: Yes,Health status,Chronic condition,Categorical,N/A,"cchs2001_p, cchs2003_p, cchs2005_p, cchs2007_2008_p, cchs2009_2010_p, cchs2010_p, cchs2011_2012_p, cchs2012_p, cchs2013_2014_p, cchs2014_p, cchs2015_2016_p, cchs2017_2018_p, cchs2009_s, cchs2010_s, cchs2012_s, cchs_2013_i, cchs_2014_i, cchs_2015_i, cchs_2016_i, cchs_2017_i, cchs_2018_i, cchs_2013_2014_i, cchs_2015_2016_i, cchs_2017_2018_i",DerivedVar::[CCC_280],,"dummy[1,2]",,,,,,,,,,
CCC_280_cat1_c,predictor,Centered dummy mood disorder variable: Yes,Centered dummy mood disorder variable: Yes,Health status,Chronic condition,Categorical,N/A,"cchs2001_p, cchs2003_p, cchs2005_p, cchs2007_2008_p, cchs2009_2010_p, cchs2010_p, cchs2011_2012_p, cchs2012_p, cchs2013_2014_p, cchs2014_p, cchs2015_2016_p, cchs2017_2018_p, cchs2009_s, cchs2010_s, cchs2012_s, cchs_2013_i, cchs_2014_i, cchs_2015_i, cchs_2016_i, cchs_2017_i, cchs_2018_i, cchs_2013_2014_i, cchs_2015_2016_i, cchs_2017_2018_i",DerivedVar::[CCC_280_cat1],,"center[CCC_280_cat1, mean]",,,,,,,,,,
CCC_290,intermediate,Anxiety Disorder,Do you have an anxiety disorder?,Health status,Chronic condition,Categorical,N/A,"cchs2003_p, cchs2005_p, cchs2007_2008_p, cchs2009_2010_p, cchs2010_p, cchs2011_2012_p, cchs2012_p, cchs2013_2014_p, cchs2014_p, cchs2015_2016_p, cchs2017_2018_p, cchs2009_s, cchs2010_s, cchs2012_s, cchs_2013_i, cchs_2014_i, cchs_2015_i, cchs_2016_i, cchs_2017_i, cchs_2018_i, cchs_2013_2014_i, cchs_2015_2016_i, cchs_2017_2018_i","cchs2003_p::CCCC_290, cchs2005_p::CCCE_290, cchs2015_2016_p::CCC_200, cchs2017_2018_p::CCC_200, cchs2015_2016_i::CCC_200, cchs2017_2018_i::CCC_200, [CCC_290]",,,,,,,,,,,,
CCC_290_cat1,intermediate,Dummy anxiety disorder variable: Yes,Dummy anxiety disordervariable: Yes,Health status,Chronic condition,Categorical,N/A,"cchs2003_p, cchs2005_p, cchs2007_2008_p, cchs2009_2010_p, cchs2010_p, cchs2011_2012_p, cchs2012_p, cchs2013_2014_p, cchs2014_p, cchs2015_2016_p, cchs2017_2018_p, cchs2009_s, cchs2010_s, cchs2012_s, cchs_2013_i, cchs_2014_i, cchs_2015_i, cchs_2016_i, cchs_2017_i, cchs_2018_i, cchs_2013_2014_i, cchs_2015_2016_i, cchs_2017_2018_i",DerivedVar::[CCC_290],,"dummy[1,2]",,,,,,,,,,
CCC_290_cat1_c,predictor,Centered dummy anxiety disorder variable: Yes,Centered dummy anxiety disorder variable: Yes,Health status,Chronic condition,Categorical,N/A,"cchs2003_p, cchs2005_p, cchs2007_2008_p, cchs2009_2010_p, cchs2010_p, cchs2011_2012_p, cchs2012_p, cchs2013_2014_p, cchs2014_p, cchs2015_2016_p, cchs2017_2018_p, cchs2009_s, cchs2010_s, cchs2012_s, cchs_2013_i, cchs_2014_i, cchs_2015_i, cchs_2016_i, cchs_2017_i, cchs_2018_i, cchs_2013_2014_i, cchs_2015_2016_i, cchs_2017_2018_i",DerivedVar::[CCC_290_cat1],,"center[CCC_290_cat1, mean]",,,,,,,,,,
resp_condition,intermediate,Respiratory condition,Respiratory condition,Health status,Chronic condition,Categorical,N/A,"cchs2001_p, cchs2003_p, cchs2005_p, cchs2007_2008_p, cchs2009_2010_p, cchs2010_p, cchs2011_2012_p, cchs2012_p, cchs2013_2014_p, cchs2014_p, cchs2015_2016_p, cchs2017_2018_p, cchs2009_m, cchs2010_m, cchs2012_m, cchs_2013_i, cchs_2014_i, cchs_2015_i, cchs_2016_i, cchs_2017_i, cchs_2018_i, cchs_2013_2014_i, cchs_2015_2016_i, cchs_2017_2018_i","DerivedVar::[DHHGAGE_cont, CCC_091, CCC_031], DerivedVar::[DHHGAGE_cont, CCC_91E, CCC_91F, CCC_91A, CCC_031], DerivedVar::[DHHGAGE_cont, CCC_091, CCC_91A, CCC_031]",,,,,,,,,,,,
DHH_SEX,"intermediate, imputation-variable",Sex,Sex,Demographics,Sex,Categorical,N/A,"cchs2001_p, cchs2003_p, cchs2005_p, cchs2007_2008_p, cchs2009_2010_p, cchs2010_p, cchs2011_2012_p, cchs2012_p, cchs2013_2014_p, cchs2014_p, cchs2015_2016_p, cchs2017_2018_p, cchs2009_s, cchs2010_s, cchs2012_s, cchs_2013_i, cchs_2014_i, cchs_2015_i, cchs_2016_i, cchs_2017_i, cchs_2018_i, cchs_2013_2014_i, cchs_2015_2016_i, cchs_2017_2018_i","cchs2001_p::DHHA_SEX, cchs2003_p::DHHC_SEX, cchs2005_p::DHHE_SEX, [DHH_SEX]",,,,,,,,,,,,
DHH_SEX_cat1,intermediate,Dummry sex variable: Male,Dummry sex variable: Male,Demographics,Sex,Categorical,N/A,"cchs2001_p, cchs2003_p, cchs2005_p, cchs2007_2008_p, cchs2009_2010_p, cchs2010_p, cchs2011_2012_p, cchs2012_p, cchs2013_2014_p, cchs2014_p, cchs2015_2016_p, cchs2017_2018_p, cchs2009_s, cchs2010_s, cchs2012_s, cchs_2013_i, cchs_2014_i, cchs_2015_i, cchs_2016_i, cchs_2017_i, cchs_2018_i, cchs_2013_2014_i, cchs_2015_2016_i, cchs_2017_2018_i",DerivedVar::[DHH_SEX],,"dummy[1,2]",,,,,,,,,,
DHH_SEX_cat1_c,predictor,Centered dummy sex variable: Male,Centered dummy sex variable: Male,Demographics,Sex,Categorical,N/A,"cchs2001_p, cchs2003_p, cchs2005_p, cchs2007_2008_p, cchs2009_2010_p, cchs2010_p, cchs2011_2012_p, cchs2012_p, cchs2013_2014_p, cchs2014_p, cchs2015_2016_p, cchs2017_2018_p, cchs2009_s, cchs2010_s, cchs2012_s, cchs_2013_i, cchs_2014_i, cchs_2015_i, cchs_2016_i, cchs_2017_i, cchs_2018_i, cchs_2013_2014_i, cchs_2015_2016_i, cchs_2017_2018_i",DerivedVar::[DHH_SEX_cat1],,"center[DHH_SEX_cat1, mean]",,,,,,,,,,
DHH_OWN,imputation-variable,Home ownership,Dwelling - owned by a member of hsld,Sociodemographics,Home ownership,Categorical,N/A,"cchs2001_p, cchs2003_p, cchs2005_p, cchs2007_2008_p, cchs2009_2010_p, cchs2010_p, cchs2011_2012_p, cchs2012_p, cchs2013_2014_p, cchs2014_p, cchs_2013_2014_i, cchs_2015_2016_i, cchs_2017_2018_i","cchs2001_p::DHHA_OWN, cchs2003_p::DHHC_OWN, cchs2005_p::DHHE_OWN, [DHH_OWN]",,,,,,,,,,,,
DHHDHSZ,imputation-variable,Household Size,Household Size- number of persons,Sociodemographics,Household Size,Categorical,N/A,"cchs2013_2014_i, cchs2015_2016_i, cchs2017_2018_i"," cchs2015_2016_i::DHHDVHSZ, cchs2017_2018_i::DHHDVHSZ, [DHHDHSZ]",,,,,,,,,,,,
DHH_MS,"intermediate, table-1-a",Marital status,Marital status - (G),Sociodemographics,Marital Status,Categorical,N/A,"cchs2001_p, cchs2003_p, cchs2005_p, cchs2007_2008_p, cchs2009_2010_p, cchs2010_p, cchs2011_2012_p, cchs2012_p, cchs2013_2014_p, cchs2014_p, cchs2015_2016_p, cchs2017_2018_p, cchs2009_s, cchs2010_s, cchs2012_s, cchs_2013_i, cchs_2014_i, cchs_2015_i, cchs_2016_i, cchs_2017_i, cchs_2018_i, cchs_2013_2014_i, cchs_2015_2016_i, cchs_2017_2018_i","cchs2001_p::DHHAGMS, cchs2003_p::DHHCGMS, cchs2005_p::DHHEGMS, cchs2009_s::DHH_iS, cchs2010_s::DHH_iS, cchs2012_s::DHH_MS, [DHH_MS]",,,,,,,,,,,,
DHH_MS_cat2,intermediate,Marital status dummy variable: Common-law,Marital status dummy variable: Common-law,Sociodemographics,Marital Status,Categorical,N/A,"cchs2001_p, cchs2003_p, cchs2005_p, cchs2007_2008_p, cchs2009_2010_p, cchs2010_p, cchs2011_2012_p, cchs2012_p, cchs2013_2014_p, cchs2014_p, cchs2015_2016_p, cchs2017_2018_p, cchs2009_s, cchs2010_s, cchs2012_s, cchs_2013_i, cchs_2014_i, cchs_2015_i, cchs_2016_i, cchs_2017_i, cchs_2018_i, cchs_2013_2014_i, cchs_2015_2016_i, cchs_2017_2018_i",DerivedVar::[DHH_MS],,"dummy[2, 1]",,,,,,,,,,
DHH_MS_cat2_C,predictor,Marital status centered dummy variable: Common-law,Marital status centered dummy variable: Common-law,Sociodemographics,Marital Status,Categorical,N/A,"cchs2001_p, cchs2003_p, cchs2005_p, cchs2007_2008_p, cchs2009_2010_p, cchs2010_p, cchs2011_2012_p, cchs2012_p, cchs2013_2014_p, cchs2014_p, cchs2015_2016_p, cchs2017_2018_p, cchs2009_s, cchs2010_s, cchs2012_s, cchs_2013_i, cchs_2014_i, cchs_2015_i, cchs_2016_i, cchs_2017_i, cchs_2018_i, cchs_2013_2014_i, cchs_2015_2016_i, cchs_2017_2018_i",DerivedVar::[DHH_MS_cat2],,"center[DHH_MS_cat2, mean]",,,,,,,,,,
DHH_MS_cat3,intermediate,Marital status dummy variable: Widow/sep/div,Marital status dummy variable: Widow/sep/div,Sociodemographics,Marital Status,Categorical,N/A,"cchs2001_p, cchs2003_p, cchs2005_p, cchs2007_2008_p, cchs2009_2010_p, cchs2010_p, cchs2011_2012_p, cchs2012_p, cchs2013_2014_p, cchs2014_p, cchs2015_2016_p, cchs2017_2018_p, cchs2009_s, cchs2010_s, cchs2012_s, cchs_2013_i, cchs_2014_i, cchs_2015_i, cchs_2016_i, cchs_2017_i, cchs_2018_i, cchs_2013_2014_i, cchs_2015_2016_i, cchs_2017_2018_i",DerivedVar::[DHH_MS],,"dummy[3, 1]",,,,,,,,,,
DHH_MS_cat3_C,predictor,Marital status centered dummy variable: Widow/sep/div,Marital status centered dummy variable: Widow/sep/div,Sociodemographics,Marital Status,Categorical,N/A,"cchs2001_p, cchs2003_p, cchs2005_p, cchs2007_2008_p, cchs2009_2010_p, cchs2010_p, cchs2011_2012_p, cchs2012_p, cchs2013_2014_p, cchs2014_p, cchs2015_2016_p, cchs2017_2018_p, cchs2009_s, cchs2010_s, cchs2012_s, cchs_2013_i, cchs_2014_i, cchs_2015_i, cchs_2016_i, cchs_2017_i, cchs_2018_i, cchs_2013_2014_i, cchs_2015_2016_i, cchs_2017_2018_i",DerivedVar::[DHH_MS_cat3],,"center[DHH_MS_cat3, mean]",,,,,,,,,,
DHH_MS_cat4,intermediate,Marital status dummy variable: Single/Never mar.,Marital status dummy variable: Single/Never mar.,Sociodemographics,Marital Status,Categorical,N/A,"cchs2001_p, cchs2003_p, cchs2005_p, cchs2007_2008_p, cchs2009_2010_p, cchs2010_p, cchs2011_2012_p, cchs2012_p, cchs2013_2014_p, cchs2014_p, cchs2015_2016_p, cchs2017_2018_p, cchs2009_s, cchs2010_s, cchs2012_s, cchs_2013_i, cchs_2014_i, cchs_2015_i, cchs_2016_i, cchs_2017_i, cchs_2018_i, cchs_2013_2014_i, cchs_2015_2016_i, cchs_2017_2018_i",DerivedVar::[DHH_MS],,"dummy[4, 1]",,,,,,,,,,
DHH_MS_cat4_C,predictor,Marital status centered dummy variable: Single/Never mar.,Marital status centered dummy variable: Single/Never mar.,Sociodemographics,Marital Status,Categorical,N/A,"cchs2001_p, cchs2003_p, cchs2005_p, cchs2007_2008_p, cchs2009_2010_p, cchs2010_p, cchs2011_2012_p, cchs2012_p, cchs2013_2014_p, cchs2014_p, cchs2015_2016_p, cchs2017_2018_p, cchs2009_s, cchs2010_s, cchs2012_s, cchs_2013_i, cchs_2014_i, cchs_2015_i, cchs_2016_i, cchs_2017_i, cchs_2018_i, cchs_2013_2014_i, cchs_2015_2016_i, cchs_2017_2018_i",DerivedVar::[DHH_MS_cat4],,"center[DHH_MS_cat4, mean]",,,,,,,,,,
EDUDR04,intermediate,Highest level education,Highest level/education - 4 categories,Sociodemographics,Education,Categorical,N/A,"cchs2001_p, cchs2003_p, cchs2005_p, cchs2007_2008_p, cchs2009_2010_p, cchs2010_p, cchs2011_2012_p, cchs2012_p, cchs2013_2014_p, cchs2014_p, cchs2009_s, cchs2010_s, cchs2012_s,  cchs_2013_i, cchs_2014_i, cchs_2013_2014_i","cchs2001_p::EDUADR04, cchs2003_p::EDUCDR04, cchs2005_p::EDUEDR04, cchs2015_2016_p::EHG2DVR3, cchs2017_2018_p::EHG2DVR3, [EDUDR04]",,,,,,,,,,,,
EDUDR03,indermediate,Highest level education,Highest level/education - 3 categories,Sociodemographics,Education,Categorical,N/A,"cchs2015_2016_p, cchs2017_2018_p, cchs_2015_i, cchs_2016_i, cchs_2017_i, cchs_2018_i,  cchs_2015_2016_i, cchs_2017_2018_i","cchs2015_2016_p::EHG2DVR3, cchs2017_2018_p::EHG2DVR3, cchs2015_2016_I::EHG2DVR3, cchs2017_2018_I::EHG2DVR3",,,,,,,,,,,,
EDU_1,intermediate,Highest grade completed,What is the highest grade of elementary or high school you ever completed?,Sociodemographics,Education,Categorical,N/A,"cchs2001_p, cchs2003_p, cchs2005_p, cchs2007_2008_p, cchs2009_2010_p, cchs2010_p, cchs2011_2012_p, cchs2012_p, cchs2013_2014_p, cchs2014_p, cchs2009_s, cchs2010_s, cchs2012_s,  cchs_2013_i, cchs_2014_i, cchs_2013_2014_i, cchs2015_2016_p, cchs2017_2018_p, cchs_2015_i, cchs_2016_i, cchs_2017_i, cchs_2018_i,  cchs_2015_2016_i, cchs_2017_2018_i","cchs2015_2016_i::EHG2_01, cchs2017_2018_i::EHG2_01, [EDU_1]",,,,,,,,,,,,
EDU_2,intermediate,Graduated from high school,Did you complete a high school diploma or equivalent?,Sociodemographics,Education,Categorical,N/A,"cchs2001_p, cchs2003_p, cchs2005_p, cchs2007_2008_p, cchs2009_2010_p, cchs2010_p, cchs2011_2012_p, cchs2012_p, cchs2013_2014_p, cchs2014_p, cchs2009_s, cchs2010_s, cchs2012_s,  cchs_2013_i, cchs_2014_i, cchs_2013_2014_i, cchs2015_2016_p, cchs2017_2018_p, cchs_2015_i, cchs_2016_i, cchs_2017_i, cchs_2018_i,  cchs_2015_2016_i, cchs_2017_2018_i","cchs2015_2016_i::EHG2_02, cchs2017_2018_i::EHG2_02, [EDU_2]",,,,,,,,,,,,
EDU_3,intermediate,Any other education,"Any other educaiton that could be counted towards certificate, diploma or degree",Sociodemographics,Education,Categorical,N/A,"cchs2001_p, cchs2003_p, cchs2005_p, cchs2007_2008_p, cchs2009_2010_p, cchs2010_p, cchs2011_2012_p, cchs2012_p, cchs2013_2014_p, cchs2014_p, cchs2009_s, cchs2010_s, cchs2012_s,  cchs_2013_i, cchs_2014_i, cchs_2013_2014_i, cchs2015_2016_p, cchs2017_2018_p, cchs_2015_i, cchs_2016_i, cchs_2017_i, cchs_2018_i,  cchs_2015_2016_i, cchs_2017_2018_i","cchs2015_2016_i::EHG2_03, cchs2017_2018_i::EHG2_03, [EDU_3]",,,,,,,,,,,,
EDU_4A,intermediate,Highest Degree completed ,"What is the highest certificate, diploma or degree that you have completed?",Sociodemographics,Education,Categorical,N/A,"cchs2001_p, cchs2003_p, cchs2005_p, cchs2007_2008_p, cchs2009_2010_p, cchs2010_p, cchs2011_2012_p, cchs2012_p, cchs2013_2014_p, cchs2014_p, cchs2009_s, cchs2010_s, cchs2012_s,  cchs_2013_i, cchs_2014_i, cchs_2013_2014_i, cchs2015_2016_p, cchs2017_2018_p, cchs_2015_i, cchs_2016_i, cchs_2017_i, cchs_2018_i,  cchs_2015_2016_i, cchs_2017_2018_i","cchs2015_2016_i::EHG2_04, cchs2017_2018_i::EHG2_04, [EDU_4A]",,,,,,,,,,,,
EDU_der,"intermediate, imputation-variable, interaction-term",Highest level education,Highest level/education - 3 categories,Sociodemographics,Education,Categorical,N/A,"cchs_2013_i, cchs_2014_i, cchs_2015_i, cchs_2016_i, cchs_2017_i, cchs_2018_i, cchs_2013_2014_i, cchs_2015_2016_i, cchs_2017_2018_i","DerivedVar::[EDU_1, EDU_2, EDU_3, EDU_4A]",,,,,,,,,,,,
EDU_der_cat1,intermediate,Dummy highest level of education: Less than high school,Dummy highest level of education: Less than high school,Sociodemographics,Education,Categorical,N/A,"cchs_2013_i, cchs_2014_i, cchs_2015_i, cchs_2016_i, cchs_2017_i, cchs_2018_i, cchs_2013_2014_i, cchs_2015_2016_i, cchs_2017_2018_i",DerivedVar::[EDU_der],,"dummy[1, 4]",,,,,,,,,,
EDU_der_cat2,intermediate,Dummy highest level of education: High school graduate,Dummy highest level of education: High school graduate,Sociodemographics,Education,Categorical,N/A,"cchs_2013_i, cchs_2014_i, cchs_2015_i, cchs_2016_i, cchs_2017_i, cchs_2018_i, cchs_2013_2014_i, cchs_2015_2016_i, cchs_2017_2018_i",DerivedVar::[EDU_der],,"dummy[2, 4]",,,,,,,,,,
EDU_der_cat3,intermediate,Dummy highest level of education: Some post-secondary education,Dummy highest level of education: Some post-secondary education,Sociodemographics,Education,Categorical,N/A,"cchs_2013_i, cchs_2014_i, cchs_2015_i, cchs_2016_i, cchs_2017_i, cchs_2018_i, cchs_2013_2014_i, cchs_2015_2016_i, cchs_2017_2018_i",DerivedVar::[EDU_der],,"dummy[3, 4]",,,,,,,,,,
EDU_der_cat1,predictor,Centered dummy highest level of education: Less than high school,Centered dummy highest level of education: Less than high school,Sociodemographics,Education,Categorical,N/A,"cchs_2013_i, cchs_2014_i, cchs_2015_i, cchs_2016_i, cchs_2017_i, cchs_2018_i, cchs_2013_2014_i, cchs_2015_2016_i, cchs_2017_2018_i",DerivedVar::[EDU_der],,center[EDU_der_cat1],,,,,,,,,,
EDU_der_cat2,predictor,Centered dummy highest level of education: High school graduate,Centered dummy highest level of education: High school graduate,Sociodemographics,Education,Categorical,N/A,"cchs_2013_i, cchs_2014_i, cchs_2015_i, cchs_2016_i, cchs_2017_i, cchs_2018_i, cchs_2013_2014_i, cchs_2015_2016_i, cchs_2017_2018_i",DerivedVar::[EDU_der],,center[EDU_der_cat2],,,,,,,,,,
EDU_der_cat3,predictor,Centered dummy highest level of education: Some post-secondary education,Centered dummy highest level of education: Some post-secondary education,Sociodemographics,Education,Categorical,N/A,"cchs_2013_i, cchs_2014_i, cchs_2015_i, cchs_2016_i, cchs_2017_i, cchs_2018_i, cchs_2013_2014_i, cchs_2015_2016_i, cchs_2017_2018_i",DerivedVar::[EDU_der],,center[EDU_der_cat3],,,,,,,,,,
deprivation_der,intermediate,Neighbourhood deprivation,Neighbourhood deprivation,Sociodemographics,Neighbourhood deprivation,Categorical,N/A,"cchs2001_m, cchs2003_m, cchs2005_m, cchs2007_2008_m, cchs2009_2010_m, cchs2011_2012_m, cchs2013_2014_m, cchs2015_2016_m, cchs2017_2018_m",DerivedVar::[material_resources_q_da],,N/A,N/A,N/A,N/A,N/A,N/A,N/A,N/A,N/A,N/A,N/A
deprivation_der_cat2,intermediate,"Dummy neighbourhood deprivation, moderate","Dummy neighbourhood deprivation, moderate",Sociodemographics,Neighbourhood deprivation,Categorical,N/A,"cchs2001_m, cchs2003_m, cchs2005_m, cchs2007_2008_m, cchs2009_2010_m, cchs2011_2012_m, cchs2013_2014_m, cchs2015_2016_m, cchs2017_2018_m",DerivedVar::[deprivation_der],,"dummy[2, 1]",N/A,N/A,N/A,N/A,N/A,N/A,N/A,N/A,N/A,N/A
deprivation_der_cat2_C,"predictor, table_1a, imputation-variable","Centered dummy neighbourhood deprivation, moderate","Centered dummy neighbourhood deprivation, moderate",Sociodemographics,Neighbourhood deprivation,Categorical,N/A,"cchs2001_m, cchs2003_m, cchs2005_m, cchs2007_2008_m, cchs2009_2010_m, cchs2011_2012_m, cchs2013_2014_m, cchs2015_2016_m, cchs2017_2018_m",DerivedVar::[deprivation_der_cat2],,"center[deprivation_der_cat2, mean]",N/A,N/A,N/A,N/A,N/A,N/A,N/A,N/A,N/A,N/A
deprivation_der_cat3,intermediate,"Dummy neighbourhood deprivation, high","Dummy neighbourhood deprivation, high",Sociodemographics,Neighbourhood deprivation,Categorical,N/A,"cchs2001_m, cchs2003_m, cchs2005_m, cchs2007_2008_m, cchs2009_2010_m, cchs2011_2012_m, cchs2013_2014_m, cchs2015_2016_m, cchs2017_2018_m",DerivedVar::[deprivation_der],,"dummy[3, 1]",N/A,N/A,N/A,N/A,N/A,N/A,N/A,N/A,N/A,N/A
deprivation_der_cat2_C,"predictor, table_1a, imputation-variable","Centered dummy neighbourhood deprivation, high","Centered dummy neighbourhood deprivation, high",Sociodemographics,Neighbourhood deprivation,Categorical,N/A,"cchs2001_m, cchs2003_m, cchs2005_m, cchs2007_2008_m, cchs2009_2010_m, cchs2011_2012_m, cchs2013_2014_m, cchs2015_2016_m, cchs2017_2018_m",DerivedVar::[deprivation_der_cat3],,"center[n_depriv_cat3, mean]",N/A,N/A,N/A,N/A,N/A,N/A,N/A,N/A,N/A,N/A
FSCDHFS2,intermediate,HC food security,Household food security status - (HC),Sociodemographics,Food security,Categorical,N/A,"cchs2007_2008_p, cchs2009_2010_p, cchs2010_p, cchs2011_2012_p, cchs2012_p, cchs2013_2014_p, cchs2014_p, cchs2015_2016_p, cchs2017_2018_p, cchs2009_s, cchs2010_s, cchs2012_s, cchs2013_2014_i, cchs2017_2018_i","cchs2015_2016_p::FSCDVHFS, cchs2017_2018_p::FSCDVHFS, cchs2017_2018_i::FSCDVHFS [FSCDHFS2]",,,,,,,,,,,,
FSCDHFS_cat1,intermediate,HC food security dummy variable: Mod. Food insec,HC food security dummy variable: Mod. Food insec,Sociodemographics,Food security,Categorical,N/A,"cchs2007_2008_p, cchs2009_2010_p, cchs2010_p, cchs2011_2012_p, cchs2012_p, cchs2013_2014_p, cchs2014_p, cchs2015_2016_p, cchs2017_2018_p, cchs2009_s, cchs2010_s, cchs2012_s, cchs2013_2014_i, cchs2017_2018_i",DerivedVar::[FSCDHFS2],,"dummy[1, 0]",,,,,,,,,,
FSCDHFS_cat1_C,predictor,HC food security centered dummy variable: Mod. Food insec,HC food security centered dummy variable: Mod. Food insec,Sociodemographics,Food security,Categorical,N/A,"cchs2007_2008_p, cchs2009_2010_p, cchs2010_p, cchs2011_2012_p, cchs2012_p, cchs2013_2014_p, cchs2014_p, cchs2015_2016_p, cchs2017_2018_p, cchs2009_s, cchs2010_s, cchs2012_s, cchs2013_2014_i, cchs2017_2018_i",DerivedVar::[FSCDHFS2],,"center[FSCDHFS_cat1, mean]",,,,,,,,,,
FSCDHFS_cat2,intermediate,HC food security dummy variable: Sev. Food insec,HC food security dummy variable: Sev. Food insec,Sociodemographics,Food security,Categorical,N/A,"cchs2007_2008_p, cchs2009_2010_p, cchs2010_p, cchs2011_2012_p, cchs2012_p, cchs2013_2014_p, cchs2014_p, cchs2015_2016_p, cchs2017_2018_p, cchs2009_s, cchs2010_s, cchs2012_s, cchs2013_2014_i, cchs2017_2018_i",DerivedVar::[FSCDHFS2],,"dummy[2, 0]",,,,,,,,,,
FSCDHFS_cat2_C,predictor,HC food security centered dummy variable: Sev. Food insec,HC food security centered dummy variable: Sev. Food insec,Sociodemographics,Food security,Categorical,N/A,"cchs2007_2008_p, cchs2009_2010_p, cchs2010_p, cchs2011_2012_p, cchs2012_p, cchs2013_2014_p, cchs2014_p, cchs2015_2016_p, cchs2017_2018_p, cchs2009_s, cchs2010_s, cchs2012_s, cchs2013_2014_i, cchs2017_2018_i",DerivedVar::[FSCDHFS2],,"center[FSCDHFS_cat2, mean]",,,,,,,,,,
GEN_01,"intermediate, imputation-variable",Self-perceived health,Self-perceived health,Health status,Self-perceived health,Categorical,N/A,"cchs2001_p, cchs2003_p, cchs2005_p, cchs2007_2008_p, cchs2009_2010_p, cchs2010_p, cchs2011_2012_p, cchs2012_p, cchs2013_2014_p, cchs2014_p, cchs2015_2016_p, cchs2017_2018_p, cchs2009_s, cchs2010_s, cchs2012_s, cchs2001_i, cchs2003_i, cchs2005_i, cchs2007_2008_i, cchs2009_2010_i, cchs2011_2012_i, cchs2013_2014_i, cchs2015_2016_i, cchs2017_2018_i","cchs2001_p::GENA_01, cchs2003_p::GENC_01, cchs2005_p::GENE_01, cchs2015_2016_p::GEN_005, cchs2017_2018_p::GEN_005, [GEN_01]",,,,,,,,,,,,
GEN_01_cat2,intermediate,Self-perceived health dummy variable: Very good,Self-perceived health dummy variable: Very good,Health status,Self-perceived health,Categorical,N/A,"cchs2001_p, cchs2003_p, cchs2005_p, cchs2007_2008_p, cchs2009_2010_p, cchs2010_p, cchs2011_2012_p, cchs2012_p, cchs2013_2014_p, cchs2014_p, cchs2015_2016_p, cchs2017_2018_p, cchs2009_s, cchs2010_s, cchs2012_s, cchs2001_i, cchs2003_i, cchs2005_i, cchs2007_2008_i, cchs2009_2010_i, cchs2011_2012_i, cchs2013_2014_i, cchs2015_2016_i, cchs2017_2018_i",DerivedVar::[GEN_01],,"dummy[2, 1]",,,,,,,,,,
GEN_01_cat3,intermediate,Self-perceived health dummy variable: Good,Self-perceived health dummy variable: Good,Health status,Self-perceived health,Categorical,N/A,"cchs2001_p, cchs2003_p, cchs2005_p, cchs2007_2008_p, cchs2009_2010_p, cchs2010_p, cchs2011_2012_p, cchs2012_p, cchs2013_2014_p, cchs2014_p, cchs2015_2016_p, cchs2017_2018_p, cchs2009_s, cchs2010_s, cchs2012_s, cchs2001_i, cchs2003_i, cchs2005_i, cchs2007_2008_i, cchs2009_2010_i, cchs2011_2012_i, cchs2013_2014_i, cchs2015_2016_i, cchs2017_2018_i",DerivedVar::[GEN_01],,"dummy[3, 1]",,,,,,,,,,
GEN_01_cat4,intermediate,Self-perceived health dummy variable: Fair,Self-perceived health dummy variable: Fair,Health status,Self-perceived health,Categorical,N/A,"cchs2001_p, cchs2003_p, cchs2005_p, cchs2007_2008_p, cchs2009_2010_p, cchs2010_p, cchs2011_2012_p, cchs2012_p, cchs2013_2014_p, cchs2014_p, cchs2015_2016_p, cchs2017_2018_p, cchs2009_s, cchs2010_s, cchs2012_s, cchs2001_i, cchs2003_i, cchs2005_i, cchs2007_2008_i, cchs2009_2010_i, cchs2011_2012_i, cchs2013_2014_i, cchs2015_2016_i, cchs2017_2018_i",DerivedVar::[GEN_01],,"dummy[4, 1]",,,,,,,,,,
GEN_01_cat5,intermediate,Self-perceived health dummy variable: Poor,Self-perceived health dummy variable: Poor,Health status,Self-perceived health,Categorical,N/A,"cchs2001_p, cchs2003_p, cchs2005_p, cchs2007_2008_p, cchs2009_2010_p, cchs2010_p, cchs2011_2012_p, cchs2012_p, cchs2013_2014_p, cchs2014_p, cchs2015_2016_p, cchs2017_2018_p, cchs2009_s, cchs2010_s, cchs2012_s, cchs2001_i, cchs2003_i, cchs2005_i, cchs2007_2008_i, cchs2009_2010_i, cchs2011_2012_i, cchs2013_2014_i, cchs2015_2016_i, cchs2017_2018_i",DerivedVar::[GEN_01],,"dummy[5, 1]",,,,,,,,,,
GEN_01_cat2_C,predictor,Self-perceived health centered dummy variable: Very good,Self-perceived health centered dummy variable: Very good,Health status,Self-perceived health,Categorical,N/A,"cchs2001_p, cchs2003_p, cchs2005_p, cchs2007_2008_p, cchs2009_2010_p, cchs2010_p, cchs2011_2012_p, cchs2012_p, cchs2013_2014_p, cchs2014_p, cchs2015_2016_p, cchs2017_2018_p, cchs2009_s, cchs2010_s, cchs2012_s, cchs2001_i, cchs2003_i, cchs2005_i, cchs2007_2008_i, cchs2009_2010_i, cchs2011_2012_i, cchs2013_2014_i, cchs2015_2016_i, cchs2017_2018_i",DerivedVar::[GEN_01],,"center[GEN_01_cat2, mean]",,,,,,,,,,
GEN_01_cat3_C,predictor,Self-perceived health centered dummy variable: Good,Self-perceived health centered dummy variable: Good,Health status,Self-perceived health,Categorical,N/A,"cchs2001_p, cchs2003_p, cchs2005_p, cchs2007_2008_p, cchs2009_2010_p, cchs2010_p, cchs2011_2012_p, cchs2012_p, cchs2013_2014_p, cchs2014_p, cchs2015_2016_p, cchs2017_2018_p, cchs2009_s, cchs2010_s, cchs2012_s, cchs2001_i, cchs2003_i, cchs2005_i, cchs2007_2008_i, cchs2009_2010_i, cchs2011_2012_i, cchs2013_2014_i, cchs2015_2016_i, cchs2017_2018_i",DerivedVar::[GEN_01],,"center[GEN_01_cat3, mean]",,,,,,,,,,
GEN_01_cat4_C,predictor,Self-perceived health centered dummy variable: Fair,Self-perceived health centered dummy variable: Fair,Health status,Self-perceived health,Categorical,N/A,"cchs2001_p, cchs2003_p, cchs2005_p, cchs2007_2008_p, cchs2009_2010_p, cchs2010_p, cchs2011_2012_p, cchs2012_p, cchs2013_2014_p, cchs2014_p, cchs2015_2016_p, cchs2017_2018_p, cchs2009_s, cchs2010_s, cchs2012_s, cchs2001_i, cchs2003_i, cchs2005_i, cchs2007_2008_i, cchs2009_2010_i, cchs2011_2012_i, cchs2013_2014_i, cchs2015_2016_i, cchs2017_2018_i",DerivedVar::[GEN_01],,"center[GEN_01_cat4, mean]",,,,,,,,,,
GEN_01_cat5_C,predictor,Self-perceived health centered dummy variable: Poor,Self-perceived health centered dummy variable: Poor,Health status,Self-perceived health,Categorical,N/A,"cchs2001_p, cchs2003_p, cchs2005_p, cchs2007_2008_p, cchs2009_2010_p, cchs2010_p, cchs2011_2012_p, cchs2012_p, cchs2013_2014_p, cchs2014_p, cchs2015_2016_p, cchs2017_2018_p, cchs2009_s, cchs2010_s, cchs2012_s, cchs2001_i, cchs2003_i, cchs2005_i, cchs2007_2008_i, cchs2009_2010_i, cchs2011_2012_i, cchs2013_2014_i, cchs2015_2016_i, cchs2017_2018_i",DerivedVar::[GEN_01],,"center[GEN_01_cat5, mean]",,,,,,,,,,
GEN_02B,"intermediate, imputation-variable, table-1-a",Self-perceived mental health,Self-perceived mental health,Health status,Mental health,Categorical,N/A,"cchs2003_p, cchs2005_p, cchs2007_2008_p, cchs2009_2010_p, cchs2010_p, cchs2011_2012_p, cchs2012_p, cchs2013_2014_p, cchs2014_p, cchs2015_2016_p, cchs2017_2018_p, cchs2009_s, cchs2010_s, cchs2012_s, cchs2013_2014_i, cchs2015_2016_i, cchs2017_2018_i","cchs2003_p::GENC_02B, cchs2005_p::GENE_02B, cchs2015_2016_p::GEN_015, cchs2017_2018_p::GEN_015, [GEN_02B]",,,,,,,,,,,,
GEN_02B_cat2,intermediate,Self-perceived mental health dummy variable: Very good,Self-perceived mental health dummy variable: Very good,Health status,Mental health,Categorical,,"cchs2003_p, cchs2005_p, cchs2007_2008_p, cchs2009_2010_p, cchs2010_p, cchs2011_2012_p, cchs2012_p, cchs2013_2014_p, cchs2014_p, cchs2015_2016_p, cchs2017_2018_p, cchs2009_s, cchs2010_s, cchs2012_s, cchs2013_2014_i, cchs2015_2016_i, cchs2017_2018_i",DerivedVar::[GEN_02B],,"dummy[2, 1]",,,,,,,,,,
GEN_02B_cat3,intermediate,Self-perceived mental health dummy variable: Good,Self-perceived mental health dummy variable: Good,Health status,Mental health,Categorical,,"cchs2003_p, cchs2005_p, cchs2007_2008_p, cchs2009_2010_p, cchs2010_p, cchs2011_2012_p, cchs2012_p, cchs2013_2014_p, cchs2014_p, cchs2015_2016_p, cchs2017_2018_p, cchs2009_s, cchs2010_s, cchs2012_s, cchs2013_2014_i, cchs2015_2016_i, cchs2017_2018_i",DerivedVar::[GEN_02B],,"dummy[3, 1]",,,,,,,,,,
GEN_02B_cat4,intermediate,Self-perceived mental health dummy variable: Fair,Self-perceived mental health dummy variable: Fair,Health status,Mental health,Categorical,,"cchs2003_p, cchs2005_p, cchs2007_2008_p, cchs2009_2010_p, cchs2010_p, cchs2011_2012_p, cchs2012_p, cchs2013_2014_p, cchs2014_p, cchs2015_2016_p, cchs2017_2018_p, cchs2009_s, cchs2010_s, cchs2012_s, cchs2013_2014_i, cchs2015_2016_i, cchs2017_2018_i",DerivedVar::[GEN_02B],,"dummy[4, 1]",,,,,,,,,,
GEN_02B_cat5,intermediate,Self-perceived mental health dummy variable: Poor,Self-perceived mental health dummy variable: Poor,Health status,Mental health,Categorical,,"cchs2003_p, cchs2005_p, cchs2007_2008_p, cchs2009_2010_p, cchs2010_p, cchs2011_2012_p, cchs2012_p, cchs2013_2014_p, cchs2014_p, cchs2015_2016_p, cchs2017_2018_p, cchs2009_s, cchs2010_s, cchs2012_s, cchs2013_2014_i, cchs2015_2016_i, cchs2017_2018_i",DerivedVar::[GEN_02B],,"dummy[5, 1]",,,,,,,,,,
GEN_02B_cat2_C,predictor,Self-perceived mental health centered dummy variable: Very good,Self-perceived mental health centered dummy variable: Very good,Health status,Mental health,Categorical,,"cchs2003_p, cchs2005_p, cchs2007_2008_p, cchs2009_2010_p, cchs2010_p, cchs2011_2012_p, cchs2012_p, cchs2013_2014_p, cchs2014_p, cchs2015_2016_p, cchs2017_2018_p, cchs2009_s, cchs2010_s, cchs2012_s, cchs2013_2014_i, cchs2015_2016_i, cchs2017_2018_i",DerivedVar::[GEN_02B],,"center[GEN_02B_cat2, mean]",,,,,,,,,,
GEN_02B_cat3_C,predictor,Self-perceived mental health centered dummy variable: Good,Self-perceived mental health centered dummy variable: Good,Health status,Mental health,Categorical,,"cchs2003_p, cchs2005_p, cchs2007_2008_p, cchs2009_2010_p, cchs2010_p, cchs2011_2012_p, cchs2012_p, cchs2013_2014_p, cchs2014_p, cchs2015_2016_p, cchs2017_2018_p, cchs2009_s, cchs2010_s, cchs2012_s, cchs2013_2014_i, cchs2015_2016_i, cchs2017_2018_i",DerivedVar::[GEN_02B],,"center[GEN_02B_cat3, mean]",,,,,,,,,,
GEN_02B_cat4_C,predictor,Self-perceived mental health centered dummy variable: Fair,Self-perceived mental health centered dummy variable: Fair,Health status,Mental health,Categorical,,"cchs2003_p, cchs2005_p, cchs2007_2008_p, cchs2009_2010_p, cchs2010_p, cchs2011_2012_p, cchs2012_p, cchs2013_2014_p, cchs2014_p, cchs2015_2016_p, cchs2017_2018_p, cchs2009_s, cchs2010_s, cchs2012_s, cchs2013_2014_i, cchs2015_2016_i, cchs2017_2018_i",DerivedVar::[GEN_02B],,"center[GEN_02B_cat4, mean]",,,,,,,,,,
GEN_02B_cat5_C,predictor,Self-perceived mental health centered dummy variable: Poor,Self-perceived mental health centered dummy variable: Poor,Health status,Mental health,Categorical,,"cchs2003_p, cchs2005_p, cchs2007_2008_p, cchs2009_2010_p, cchs2010_p, cchs2011_2012_p, cchs2012_p, cchs2013_2014_p, cchs2014_p, cchs2015_2016_p, cchs2017_2018_p, cchs2009_s, cchs2010_s, cchs2012_s, cchs2013_2014_i, cchs2015_2016_i, cchs2017_2018_i",DerivedVar::[GEN_02B],,"center[GEN_02B_cat5, mean]",,,,,,,,,,
GEN_07,intermediate,Self-perceived life stress,Self-perceived life stress,Health status,Mental health,Categorical,N/A,"cchs2003_p, cchs2005_p, cchs2007_2008_p, cchs2009_2010_p, cchs2010_p, cchs2011_2012_p, cchs2012_p, cchs2013_2014_p, cchs2014_p, cchs2015_2016_p, cchs2017_2018_p, cchs2009_s, cchs2010_s, cchs2012_s, cchs2013_2014i, cchs2015_2016i, cchs2017_2018i","cchs2001_p::GENA_07, cchs2003_p::GENC_07, cchs2005_p::GENE_07, cchs2015_2016_p::GEN_020, cchs2017_2018_p:: GEN_020, cchs2015_2016_i::GEN_020, cchs2017_2018_i:: GEN_020, [GEN_07]",,,,,,,,,,,,
GEN_07_cat2,intermediate,Self-perceived life stress dummy variable: Not very stressful,Self-perceived life stress,Health status,Mental health,Categorical,N/A,"cchs2003_p, cchs2005_p, cchs2007_2008_p, cchs2009_2010_p, cchs2010_p, cchs2011_2012_p, cchs2012_p, cchs2013_2014_p, cchs2014_p, cchs2015_2016_p, cchs2017_2018_p, cchs2009_s, cchs2010_s, cchs2012_s, cchs2013_2014i, cchs2015_2016i, cchs2017_2018i",DerivedVar[GEN_07],,"dummy[2, 1]",,,,,,,,,,
GEN_07_cat3,intermediate,Self-perceived life stress dummy variable: A bit stressful,Self-perceived life stress,Health status,Mental health,Categorical,N/A,"cchs2003_p, cchs2005_p, cchs2007_2008_p, cchs2009_2010_p, cchs2010_p, cchs2011_2012_p, cchs2012_p, cchs2013_2014_p, cchs2014_p, cchs2015_2016_p, cchs2017_2018_p, cchs2009_s, cchs2010_s, cchs2012_s, cchs2013_2014i, cchs2015_2016i, cchs2017_2018i",DerivedVar[GEN_07],,"dummy[3, 1]",,,,,,,,,,
GEN_07_cat4,intermediate,Self-perceived life stress dummy variable: Quite a bit stressful,Self-perceived life stress,Health status,Mental health,Categorical,N/A,"cchs2003_p, cchs2005_p, cchs2007_2008_p, cchs2009_2010_p, cchs2010_p, cchs2011_2012_p, cchs2012_p, cchs2013_2014_p, cchs2014_p, cchs2015_2016_p, cchs2017_2018_p, cchs2009_s, cchs2010_s, cchs2012_s, cchs2013_2014i, cchs2015_2016i, cchs2017_2018i",DerivedVar[GEN_07],,"dummy[4, 1]",,,,,,,,,,
GEN_07_cat5,intermediate,Self-perceived life stress dummy variable: Extremely stressful,Self-perceived life stress,Health status,Mental health,Categorical,N/A,"cchs2003_p, cchs2005_p, cchs2007_2008_p, cchs2009_2010_p, cchs2010_p, cchs2011_2012_p, cchs2012_p, cchs2013_2014_p, cchs2014_p, cchs2015_2016_p, cchs2017_2018_p, cchs2009_s, cchs2010_s, cchs2012_s, cchs2013_2014i, cchs2015_2016i, cchs2017_2018i",DerivedVar[GEN_07],,"dummy[5, 1]",,,,,,,,,,
GEN_07_cat2_C,predictor,Self-perceived life stress centered dummy variable: Not very stressful,Self-perceived life stress,Health status,Mental health,Categorical,N/A,"cchs2003_p, cchs2005_p, cchs2007_2008_p, cchs2009_2010_p, cchs2010_p, cchs2011_2012_p, cchs2012_p, cchs2013_2014_p, cchs2014_p, cchs2015_2016_p, cchs2017_2018_p, cchs2009_s, cchs2010_s, cchs2012_s, cchs2013_2014i, cchs2015_2016i, cchs2017_2018i",DerivedVar[GEN_07],,"center[GEN_07_cat2, mean]",,,,,,,,,,
GEN_07_cat3_C,predictor,Self-perceived life stress centered dummy variable: A bit stressful,Self-perceived life stress,Health status,Mental health,Categorical,N/A,"cchs2003_p, cchs2005_p, cchs2007_2008_p, cchs2009_2010_p, cchs2010_p, cchs2011_2012_p, cchs2012_p, cchs2013_2014_p, cchs2014_p, cchs2015_2016_p, cchs2017_2018_p, cchs2009_s, cchs2010_s, cchs2012_s, cchs2013_2014i, cchs2015_2016i, cchs2017_2018i",DerivedVar[GEN_07],,"center[GEN_07_cat3, mean]",,,,,,,,,,
GEN_07_cat4_C,predictor,Self-perceived life stress centered dummy variable: Quite a bit stressful,Self-perceived life stress,Health status,Mental health,Categorical,N/A,"cchs2003_p, cchs2005_p, cchs2007_2008_p, cchs2009_2010_p, cchs2010_p, cchs2011_2012_p, cchs2012_p, cchs2013_2014_p, cchs2014_p, cchs2015_2016_p, cchs2017_2018_p, cchs2009_s, cchs2010_s, cchs2012_s, cchs2013_2014i, cchs2015_2016i, cchs2017_2018i",DerivedVar[GEN_07],,"center[GEN_07_cat4, mean]",,,,,,,,,,
GEN_07_cat5_C,predictor,Self-perceived life stress centered dummy variable: Extremely stressful,Self-perceived life stress,Health status,Mental health,Categorical,N/A,"cchs2003_p, cchs2005_p, cchs2007_2008_p, cchs2009_2010_p, cchs2010_p, cchs2011_2012_p, cchs2012_p, cchs2013_2014_p, cchs2014_p, cchs2015_2016_p, cchs2017_2018_p, cchs2009_s, cchs2010_s, cchs2012_s, cchs2013_2014i, cchs2015_2016i, cchs2017_2018i",DerivedVar[GEN_07],,"center[GEN_07_cat5, mean]",,,,,,,,,,
GEN_09,imputation-variable,Self-perceived work stress,Self-perceived work stress,Health status,Mental health,Categorical,N/A,"cchs2003_p, cchs2005_p, cchs2007_2008_p, cchs2009_2010_p, cchs2010_p, cchs2011_2012_p, cchs2012_p, cchs2013_2014_p, cchs2014_p, cchs2015_2016_p, cchs2017_2018_p, cchs2009_s, cchs2010_s, cchs2012_s, cchs2013_2014_i, cchs2015_2016i, cchs2017_2018_i","cchs2001_p::GENA_09, cchs2003_p::GENC_09, cchs2005_p::GENE_09, cchs2015_2016_p::GEN_025, cchs2017_2018_p::GEN_025,cchs2015_2016_i::GEN_025, cchs2017_2018_i::GEN_025, [GEN_09]",,,,,,,,,,,,
GEN_10,"intermediate, imputation-variable, table-1-a",Sense of belonging,Sense of belonging in the community,Health status,Mental health,Categorical,N/A,"cchs2003_p, cchs2005_p, cchs2007_2008_p, cchs2009_2010_p, cchs2010_p, cchs2011_2012_p, cchs2012_p, cchs2013_2014_p, cchs2014_p, cchs2015_2016_p, cchs2017_2018_p, cchs2009_s, cchs2010_s, cchs2012_s, cchs2013_2014_i, cchs2015_2016_i, cchs2017_2018_i","cchs2001_p::GENA_10, cchs2003_p::GENC_10, cchs2005_p::GENE_10, cchs2015_2016_p::GEN_030, cchs2017_2018_p::GEN_030, chs2015_2016_i::GEN_030, cchs2017_2018_i::GEN_030,[GEN_10]",,,,,,,,,,,,
GEN_10_cat2,intermediate,Dummy sense of belonging: Somewhat strong,Dummy sense of belonging: Very strong,Health status,Mental health,Categorical,N/A,"cchs2003_p, cchs2005_p, cchs2007_2008_p, cchs2009_2010_p, cchs2010_p, cchs2011_2012_p, cchs2012_p, cchs2013_2014_p, cchs2014_p, cchs2015_2016_p, cchs2017_2018_p, cchs2009_s, cchs2010_s, cchs2012_s, cchs2013_2014i, cchs2015_2016i, cchs2017_2018i",DerivedVar::[GEN_10],,"dummy[2,1]",,,,,,,,,,
GEN_10_cat3,intermediate,Dummy sense of belonging: Somwhat weak,Dummy sense of belonging: Somwhat weak,Health status,Mental health,Categorical,N/A,"cchs2003_p, cchs2005_p, cchs2007_2008_p, cchs2009_2010_p, cchs2010_p, cchs2011_2012_p, cchs2012_p, cchs2013_2014_p, cchs2014_p, cchs2015_2016_p, cchs2017_2018_p, cchs2009_s, cchs2010_s, cchs2012_s, cchs2013_2014i, cchs2015_2016i, cchs2017_2018i",DerivedVar::[GEN_10],,"dummy[3,1]",,,,,,,,,,
GEN_10_cat4,intermediate,Dummy sense of belonging: Very weak,Dummy sense of belonging: Very weak,Health status,Mental health,Categorical,N/A,"cchs2003_p, cchs2005_p, cchs2007_2008_p, cchs2009_2010_p, cchs2010_p, cchs2011_2012_p, cchs2012_p, cchs2013_2014_p, cchs2014_p, cchs2015_2016_p, cchs2017_2018_p, cchs2009_s, cchs2010_s, cchs2012_s, cchs2013_2014i, cchs2015_2016i, cchs2017_2018i",DerivedVar::[GEN_10],,"dummy[4,1]",,,,,,,,,,
GEN_10_cat2_C,predictor,Centered dummy sense of belonging: somewhat strong,Centered dummy sense of belonging: Very strong,Health status,Mental health,Categorical,N/A,"cchs2003_p, cchs2005_p, cchs2007_2008_p, cchs2009_2010_p, cchs2010_p, cchs2011_2012_p, cchs2012_p, cchs2013_2014_p, cchs2014_p, cchs2015_2016_p, cchs2017_2018_p, cchs2009_s, cchs2010_s, cchs2012_s, cchs2013_2014i, cchs2015_2016i, cchs2017_2018i",DerivedVar::[GEN_10_cat2],,"center[GEN_10_cat2,mean]",,,,,,,,,,
GEN_10_cat3_C,predictor,Centered dummy sense of belonging: Somwhat weak,Centered dummy sense of belonging: Somwhat weak,Health status,Mental health,Categorical,N/A,"cchs2003_p, cchs2005_p, cchs2007_2008_p, cchs2009_2010_p, cchs2010_p, cchs2011_2012_p, cchs2012_p, cchs2013_2014_p, cchs2014_p, cchs2015_2016_p, cchs2017_2018_p, cchs2009_s, cchs2010_s, cchs2012_s, cchs2013_2014i, cchs2015_2016i, cchs2017_2018i",DerivedVar::[GEN_10_cat3],,"center[GEN_10_cat3,mean]",,,,,,,,,,
GEN_10_cat4_C,predictor,Centered dummy sense of belonging: Very weak,Centered dummy sense of belonging: Very weak,Health status,Mental health,Categorical,N/A,"cchs2003_p, cchs2005_p, cchs2007_2008_p, cchs2009_2010_p, cchs2010_p, cchs2011_2012_p, cchs2012_p, cchs2013_2014_p, cchs2014_p, cchs2015_2016_p, cchs2017_2018_p, cchs2009_s, cchs2010_s, cchs2012_s, cchs2013_2014i, cchs2015_2016i, cchs2017_2018i",DerivedVar::[GEN_10_cat4],,"center[GEN_10_cat4,mean]",,,,,,,,,,
HWTDHTM,intermediate,Height,"Height (metres)/self-reported - (D,G)",Health status,Height,Continuous,meters,"cchs2001_p, cchs2003_p, cchs2005_p, cchs2007_2008_p, cchs2009_2010_p, cchs2010_p, cchs2011_2012_p, cchs2012_p, cchs2013_2014_p, cchs2014_p, cchs_2013_i, cchs_2014_i, cchs_2015_i, cchs_2016_i, cchs_2017_i, cchs_2018_i, cchs_2013_2014_i, cchs_2015_2016_i, cchs_2017_2018_i","cchs2001_p::HWTAGHT, cchs2003_p::HWTCGHT, cchs2005_p::HWTEGHTM, cchs2015_2016_i::HWTDVHTM, cchs2017_2018_i::HWTDVHTM, [HWTGHTM]",,,,,,,,,,,,
HWTDWTK,intermediate,Weight,"Weight - kilograms (D, G)",Health status,Weight,Continuous,kg,"cchs2001_p, cchs2003_p, cchs2005_p, cchs2007_2008_p, cchs2009_2010_p, cchs2010_p, cchs2011_2012_p, cchs2012_p, cchs2013_2014_p, cchs2014_p, cchs_2013_i, cchs_2014_i, cchs_2015_i, cchs_2016_i, cchs_2017_i, cchs_2018_i, cchs_2013_2014_i, cchs_2015_2016_i, cchs_2017_2018_i","cchs2001_p::HWTAGWTK, cchs2003_p::HWTCGWTK, cchs2005_p::HWTEGWTK, cchs2015_2016_i::HWTDVWTK, cchs2017_2018_i::HWTDVWTK, [HWTGWTK]",,,,,,,,,,,,
HWTDBMI_der," imputation-variable,",Derived BMI,Derived Body Mass Index,Health status,BMI,Continuous,kg/m2,"cchs2001_p, cchs2003_p, cchs2005_p, cchs2007_2008_p, cchs2009_2010_p, cchs2010_p, cchs2011_2012_p, cchs2012_p, cchs2013_2014_p, cchs2014_p, cchs_2013_i, cchs_2014_i, cchs_2015_i, cchs_2016_i, cchs_2017_i, cchs_2018_i, cchs_2013_2014_i, cchs_2015_2016_i, cchs_2017_2018_i","DerivedVar::[HWTGHTM, HWTGWTK]",,,,,,,,,,,,
HUPDPAD,intermediate,HUI Pain,Act. prevent/pain - function code - (D),Health status,Health utility index,Categorical,N/A,"cchs2001_p, cchs2003_p, cchs2005_p, cchs2007_2008_p, cchs2009_2010_p, cchs2010_p, cchs2012_p, cchs2013_2014_p, cchs2014_p, cchs2015_2016_p, cchs2009_s, cchs2010_s, cchs2012_s, cchs2013_2014_i","cchs2001_p::HUIADPAD, cchs2003_p::HUICDPAD, cchs2005_p::HUIEDPAD, cchs2015_2016_p::HUIDVPAD, [HUPDPAD]",,,,,,,,,,,,
HUPDPAD_cat2,intermediate,Dummy HUI pain: pain prevents no activities,Act. prevent/pain - function code - (D),Health status,Health utility index,Categorical,N/A,"cchs2001_p, cchs2003_p, cchs2005_p, cchs2007_2008_p, cchs2009_2010_p, cchs2010_p, cchs2012_p, cchs2013_2014_p, cchs2014_p, cchs2015_2016_p, cchs2009_s, cchs2010_s, cchs2012_s, cchs2013_2014_i",DerivedVar::[HUPDPAD],,,,,,,,,,,,
HUPDPAD_cat3,intermediate,Dummy HUI pain: pain prevents a few activities,Act. prevent/pain - function code - (D),Health status,Health utility index,Categorical,N/A,"cchs2001_p, cchs2003_p, cchs2005_p, cchs2007_2008_p, cchs2009_2010_p, cchs2010_p, cchs2012_p, cchs2013_2014_p, cchs2014_p, cchs2015_2016_p, cchs2009_s, cchs2010_s, cchs2012_s, cchs2013_2014_i",DerivedVar::[HUPDPAD],,,,,,,,,,,,
HUPDPAD_cat4,intermediate,Dummy HUI pain: pain prevents some activities,Act. prevent/pain - function code - (D),Health status,Health utility index,Categorical,N/A,"cchs2001_p, cchs2003_p, cchs2005_p, cchs2007_2008_p, cchs2009_2010_p, cchs2010_p, cchs2012_p, cchs2013_2014_p, cchs2014_p, cchs2015_2016_p, cchs2009_s, cchs2010_s, cchs2012_s, cchs2013_2014_i",DerivedVar::[HUPDPAD],,,,,,,,,,,,
HUPDPAD_cat5,intermediate,Dummy HUI pain: pain prevents most activities,Act. prevent/pain - function code - (D),Health status,Health utility index,Categorical,N/A,"cchs2001_p, cchs2003_p, cchs2005_p, cchs2007_2008_p, cchs2009_2010_p, cchs2010_p, cchs2012_p, cchs2013_2014_p, cchs2014_p, cchs2015_2016_p, cchs2009_s, cchs2010_s, cchs2012_s, cchs2013_2014_i",DerivedVar::[HUPDPAD],,,,,,,,,,,,
HUPDPAD_cat2_C,"predictor, missing-desc-table",Centered ummy HUI pain: pain prevents no activities,Act. prevent/pain - function code - (D),Health status,Health utility index,Categorical,N/A,"cchs2001_p, cchs2003_p, cchs2005_p, cchs2007_2008_p, cchs2009_2010_p, cchs2010_p, cchs2012_p, cchs2013_2014_p, cchs2014_p, cchs2015_2016_p, cchs2009_s, cchs2010_s, cchs2012_s, cchs2013_2014_i",DerivedVar::[HUPDPAD],,,,,,,,,,,,
HUPDPAD_cat3_C,"predictor, missing-desc-table",Centered Dummy HUI pain: pain prevents a few activities,Act. prevent/pain - function code - (D),Health status,Health utility index,Categorical,N/A,"cchs2001_p, cchs2003_p, cchs2005_p, cchs2007_2008_p, cchs2009_2010_p, cchs2010_p, cchs2012_p, cchs2013_2014_p, cchs2014_p, cchs2015_2016_p, cchs2009_s, cchs2010_s, cchs2012_s, cchs2013_2014_i",DerivedVar::[HUPDPAD],,,,,,,,,,,,
HUPDPAD_cat4_C,"predictor, missing-desc-table",Centered Dummy HUI pain: pain prevents some activities,Act. prevent/pain - function code - (D),Health status,Health utility index,Categorical,N/A,"cchs2001_p, cchs2003_p, cchs2005_p, cchs2007_2008_p, cchs2009_2010_p, cchs2010_p, cchs2012_p, cchs2013_2014_p, cchs2014_p, cchs2015_2016_p, cchs2009_s, cchs2010_s, cchs2012_s, cchs2013_2014_i",DerivedVar::[HUPDPAD],,,,,,,,,,,,
HUPDPAD_cat5_C,"predictor, missing-desc-table",Centered Dummy HUI pain: pain prevents most activities,Act. prevent/pain - function code - (D),Health status,Health utility index,Categorical,N/A,"cchs2001_p, cchs2003_p, cchs2005_p, cchs2007_2008_p, cchs2009_2010_p, cchs2010_p, cchs2012_p, cchs2013_2014_p, cchs2014_p, cchs2015_2016_p, cchs2009_s, cchs2010_s, cchs2012_s, cchs2013_2014_i",DerivedVar::[HUPDPAD],,,,,,,,,,,,
INCDHH,imputation-variable,Household income,Total household income from all sources - continuous,Sociodemographics,Income,Continuous,$/year,"cchs2001_p, cchs2003_p, cchs2005_p, cchs2007_2008_p, cchs2009_2010_p, cchs2010_p, cchs2011_2012_p, cchs2012_p, cchs2013_2014_p, cchs2014_p, cchs2015_2016_p, cchs2017_2018_p, cchs2009_s, cchs2010_s, cchs2012_s, cchs2013_2014_i, cchs2015_2016_i","cchs2001_p::INCAGHH, cchs2003_p::INCCGHH, cchs2005_p::INCEGHH, cchs2015_2016_p::INCDGHH, cchs2017_2018_p::INCDGHH, cchs2009_s::INCDHH, cchs2010_s::INCDHH, cchs2012_s::INCDHH, [INCGHH]",,,,,,,,,,,,
INCDRCA,"intermediate, imputation-variable",Household income distribution,Household income distribution,Sociodemographics,Income,Categorical,N/A,"cchs2005_p, cchs2007_2008_p, cchs2009_2010_p, cchs2010_p, cchs2011_2012_p, cchs2012_p, cchs2013_2014_p, cchs2014_p, cchs2015_2016_p, cchs2017_2018_p, cchs2009_s, cchs2010_s, cchs2012_s, cchs2013_2014_i, cchs2015_2016_i",DerivedVar::[INCDRCA],,,,,,,,,,,,
INCDRCA_cat2,indermediate,"Dummy household income distribution, decile 2","Dummy household income distribution, decile 2",Sociodemographics,Income,Categorical,N/A,"cchs2005_p, cchs2007_2008_p, cchs2009_2010_p, cchs2010_p, cchs2011_2012_p, cchs2012_p, cchs2013_2014_p, cchs2014_p, cchs2015_2016_p, cchs2017_2018_p, cchs2009_s, cchs2010_s, cchs2012_s, cchs2013_2014_i, cchs2015_2016_i",DerivedVar::[INCDRCA],,,,,,,,,,,,
INCDRCA_cat3,indermediate,"Dummy household income distribution, decile 3","Dummy household income distribution, decile 3",Sociodemographics,Income,Categorical,N/A,"cchs2005_p, cchs2007_2008_p, cchs2009_2010_p, cchs2010_p, cchs2011_2012_p, cchs2012_p, cchs2013_2014_p, cchs2014_p, cchs2015_2016_p, cchs2017_2018_p, cchs2009_s, cchs2010_s, cchs2012_s, cchs2013_2014_i, cchs2015_2016_i",DerivedVar::[INCDRCA],,,,,,,,,,,,
INCDRCA_cat2_C,predictor,"Centered Dummy household income distribution, decile 2","Centered Dummy household income distribution, decile 2",Sociodemographics,Income,Categorical,N/A,"cchs2005_p, cchs2007_2008_p, cchs2009_2010_p, cchs2010_p, cchs2011_2012_p, cchs2012_p, cchs2013_2014_p, cchs2014_p, cchs2015_2016_p, cchs2017_2018_p, cchs2009_s, cchs2010_s, cchs2012_s, cchs2013_2014_i, cchs2015_2016_i",DerivedVar::[INCDRCA],,,,,,,,,,,,
INCDRCA_cat3_C,predictor,"Centered Dummy household income distribution, decile 3","Centered Dummy household income distribution, decile 3",Sociodemographics,Income,Categorical,N/A,"cchs2005_p, cchs2007_2008_p, cchs2009_2010_p, cchs2010_p, cchs2011_2012_p, cchs2012_p, cchs2013_2014_p, cchs2014_p, cchs2015_2016_p, cchs2017_2018_p, cchs2009_s, cchs2010_s, cchs2012_s, cchs2013_2014_i, cchs2015_2016_i",DerivedVar::[INCDRCA],,,,,,,,,,,,
number_conditions,imputation-variable,Number of conditions,Number of chronic conditions,Health status,Chronic condition,Categorical,N/A,"cchs2001_p, cchs2003_p, cchs2005_p, cchs2007_2008_p, cchs2009_2010_p, cchs2010_p, cchs2011_2012_p, cchs2012_p, cchs2013_2014_p, cchs2014_p, cchs2009_s, cchs2010_s, cchs2012_s, cchs2013_2014_i, cchs2015_2016_i, cchs2017_2018_i","DerivedVar::[CCC_121, CCC_131, CCC_151, CCC_171, resp_condition_der, CCC_051], DerivedVar::[CCC_121, CCC_131, CCC_151, CCC_171, CCC_280, resp_condition_der, CCC_051]",,,,,,,,,,,,
IDGFLA,intermediate,Illicit drug use-ever,Illicit drug use-ever,Health behaviour,Drug Use,Categorical,N/A,"cchs2003_p, cchs2005_p, cchs2007_2008_p, cchs2009_2010_p, cchs2011_2012_p, cchs2013_2014_p, cchs2015_2016_p, cchs2017_2018_p, cchs2003_i, cchs2005_i, cchs2007_2008_i, cchs2009_2010_i, cchs2011_2012_i, cchs2013_2014_i, cchs2015_2016_i, cchs2017_2018_i","cchs2003_p::IDGCFLA, cchs2005_p::IDGEFLA, cchs2015_2016_p::DRGDVLA, cchs2017_2018::DRGDVLA, cchs2015_2016_i::DRGDVLA, cchs2017_2018_i::DRGDVLA, [IDGFLA]","This is an optional item in CCHS. In 2007-2008, the module was available to respondents from nova scotia and BC. In 2011-2012 cycles, respondents from Ontario Saskatchewan and Nunavut completed the questionaire. In the annual component of the 2013 cycle, Nunavut, New Brunswick, NFL, and BC were included. In 2014, Nunavut, NFL, and BC respondents completed this questionaire. In the 2015-2016 cycles, respondents from Ontario, Alberta, Yukon, and Nunavut respondents completed this questionaire. In 2017-2018 cycles, NB, ON, MAN, YU, and NWT are included.",,,,,,,,,,,
IDGFLA_cat1,intermediate,Dummy illicit drug use-ever variable: Yes,Dummy illicit drug use-ever variable: Yes,Health behaviour,Drug Use,Categorical,N/A,"cchs2003_p, cchs2005_p, cchs2007_2008_p, cchs2009_2010_p, cchs2011_2012_p, cchs2013_2014_p, cchs2015_2016_p, cchs2017_2018_p, cchs2003_i, cchs2005_i, cchs2007_2008_i, cchs2009_2010_i, cchs2011_2012_i, cchs2013_2014_i, cchs2015_2016_i, cchs2017_2018_i",DerivedVar::[IDGFLA],,"dummy[1,2]",,,,,,,,,,
IDGFLA_cat1_C,predictor,Centered ummy illicit drug use-ever variable: Yes,Centered ummy illicit drug use-ever variable: Yes,Health behaviour,Drug Use,Categorical,N/A,"cchs2003_p, cchs2005_p, cchs2007_2008_p, cchs2009_2010_p, cchs2011_2012_p, cchs2013_2014_p, cchs2015_2016_p, cchs2017_2018_p, cchs2003_i, cchs2005_i, cchs2007_2008_i, cchs2009_2010_i, cchs2011_2012_i, cchs2013_2014_i, cchs2015_2016_i, cchs2017_2018_i",DerivedVar::[IDGFLA],,"center[IDFLA, mean]",,,,,,,,,,
IDGFLAC,intermediate,Illicit drug use- ever (exclude one time cannabis),Illicit drug use- ever (exclude one time cannabis),Health behaviour,Drug Use,Categorical,N/A,"cchs2003_p, cchs2005_p, cchs2007_2008_p, cchs2009_2010_p, cchs2011_2012_p, cchs2013_2014_p, cchs2015_2016_p, cchs2017_2018_p, cchs2003_i, cchs2005_i, cchs2007_2008_i, cchs2009_2010_i, cchs2011_2012_i, cchs2013_2014_i, cchs2015_2016_i, cchs2017_2018_i","cchs2003_p::IDGCFLAC, cchs2005_p::IDGEFLAC, cchs2015_2016_p::DRGDVLAC, cchs2017_2018::DRGDVLAC, cchs2015_2016_i::DRGDVLAC, cchs2017_2018_i::DRGDVLAC, [IDGFLAC]",,,,,,,,,,,,
IDGFLAC_cat1,intermediate,Dummy Illicit drug use- ever (exclude one time cannabis): Yes,Dummy Illicit drug use- ever (exclude one time cannabis): Yes,Health behaviour,Drug Use,Categorical,N/A,"cchs2003_p, cchs2005_p, cchs2007_2008_p, cchs2009_2010_p, cchs2011_2012_p, cchs2013_2014_p, cchs2015_2016_p, cchs2017_2018_p, cchs2003_i, cchs2005_i, cchs2007_2008_i, cchs2009_2010_i, cchs2011_2012_i, cchs2013_2014_i, cchs2015_2016_i, cchs2017_2018_i",DerivedVar::[IDGFLAC],,"dummy[1,2]",,,,,,,,,,
IDGFLAC_cat1_C,predictor,Centered dummy Illicit drug use- ever (exclude one time cannabis): Yes,Centered dummy Illicit drug use- ever (exclude one time cannabis): Yes,Health behaviour,Drug Use,Categorical,N/A,"cchs2003_p, cchs2005_p, cchs2007_2008_p, cchs2009_2010_p, cchs2011_2012_p, cchs2013_2014_p, cchs2015_2016_p, cchs2017_2018_p, cchs2003_i, cchs2005_i, cchs2007_2008_i, cchs2009_2010_i, cchs2011_2012_i, cchs2013_2014_i, cchs2015_2016_i, cchs2017_2018_i",DerivedVar::[IDGFLAC],,"center[IDGFLAC, mean]",,,,,,,,,,
IDGFYA,intermediate,Illicit drug use- 12 mo,Illicit drug use- 12 mo,Health behaviour,Drug Use,Categorical,N/A,"cchs2003_p, cchs2005_p, cchs2007_2008_p, cchs2009_2010_p, cchs2011_2012_p, cchs2013_2014_p, cchs2015_2016_p, cchs2017_2018_p, cchs2003_i, cchs2005_i, cchs2007_2008_i, cchs2009_2010_i, cchs2011_2012_i, cchs2013_2014_i, cchs2015_2016_i, cchs2017_2018_i","cchs2003_p::IDGCFYA, cchs2005_p::IDGEFYA, cchs2015_2016_p::DRGDVYA, cchs2017_2018::DRGDVYA, cchs2015_2016_i::DRGDVYA, cchs2017_2018_i::DRGDVYA, [IDGFYA]",,,,,,,,,,,,
IDGFYA_cat1,intermediate,Dummy illicit drug use- 12 mo: Yes,Dummy illicit drug use- 12 mo: Yes,Health behaviour,Drug Use,Categorical,N/A,"cchs2003_p, cchs2005_p, cchs2007_2008_p, cchs2009_2010_p, cchs2011_2012_p, cchs2013_2014_p, cchs2015_2016_p, cchs2017_2018_p, cchs2003_i, cchs2005_i, cchs2007_2008_i, cchs2009_2010_i, cchs2011_2012_i, cchs2013_2014_i, cchs2015_2016_i, cchs2017_2018_i",DerivedVar::[IDGFYA],,"dummy[1,2]",,,,,,,,,,
IDGFYA_cat1_C,predictor,Centered dummy Illicit drug use- 12 mo: Yes,Centered dummy Illicit drug use- 12 mo: Yes,Health behaviour,Drug Use,Categorical,N/A,"cchs2003_p, cchs2005_p, cchs2007_2008_p, cchs2009_2010_p, cchs2011_2012_p, cchs2013_2014_p, cchs2015_2016_p, cchs2017_2018_p, cchs2003_i, cchs2005_i, cchs2007_2008_i, cchs2009_2010_i, cchs2011_2012_i, cchs2013_2014_i, cchs2015_2016_i, cchs2017_2018_i",DerivedVar::[IDGFYA],,"center[IDGFYA, mean]",,,,,,,,,,
IDGFYAC,intermediate,Illicit drug use- 12 (excluding one time cannabis),Illicit drug use- 12 (excluding one time cannabis),Health behaviour,Drug Use,Categorical,N/A,"cchs2003_p, cchs2005_p, cchs2007_2008_p, cchs2009_2010_p, cchs2011_2012_p, cchs2013_2014_p, cchs2015_2016_p, cchs2017_2018_p, cchs2003_i, cchs2005_i, cchs2007_2008_i, cchs2009_2010_i, cchs2011_2012_i, cchs2013_2014_i, cchs2015_2016_i, cchs2017_2018_i","cchs2003_p::IDGCFYAC, cchs2005_p::IDGEFYAC, cchs2015_2016_p::DRGDVYAC, cchs2017_2018::DRGDVYAC, cchs2015_2016_i::DRGDVYAC, cchs2017_2018_i::DRGDVYAC, [IDGFYAC]",,,,,,,,,,,,
IDGFYAC_cat1,intermediate,Dummy illicit drug use- 12 (excluding one time cannabis): Yes,Dummy illicit drug use- 12 (excluding one time cannabis): Yes,Health behaviour,Drug Use,Categorical,N/A,"cchs2003_p, cchs2005_p, cchs2007_2008_p, cchs2009_2010_p, cchs2011_2012_p, cchs2013_2014_p, cchs2015_2016_p, cchs2017_2018_p, cchs2003_i, cchs2005_i, cchs2007_2008_i, cchs2009_2010_i, cchs2011_2012_i, cchs2013_2014_i, cchs2015_2016_i, cchs2017_2018_i",DerivedVar::[IDGFYAC],,"dummy[1,2]",,,,,,,,,,
IDGFYAC_cat1_C,predictor,Centered dummy illicit drug use- 12 (excluding one time cannabis): Yes,Centered dummy illicit drug use- 12 (excluding one time cannabis): Yes,Health behaviour,Drug Use,Categorical,N/A,"cchs2003_p, cchs2005_p, cchs2007_2008_p, cchs2009_2010_p, cchs2011_2012_p, cchs2013_2014_p, cchs2015_2016_p, cchs2017_2018_p, cchs2003_i, cchs2005_i, cchs2007_2008_i, cchs2009_2010_i, cchs2011_2012_i, cchs2013_2014_i, cchs2015_2016_i, cchs2017_2018_i",DerivedVar::[IDGFYAC],,"center[IDGFYAC, mean]",,,,,,,,,,
LBFCDWSS,predictor,working status,Working status last week,Sociodemographics,Occupation,Categorical,N/A,"cchs2003_p, cchs2005_p, cchs2007_2008_p, cchs2009_2010_p, cchs2010_p, cchs2011_2012_p, cchs2012_p, cchs2013_2014_p, cchs2014_p, cchs2015_2016_p, cchs2017_2018_p, cchs2009_s, cchs2010_s, cchs2012_s","cchs2001_p::, cchs2003_p::HUICDPAD, cchs2005_p::HUIEDPAD, cchs2015_2016_p::HUIDVPAD, [HUPDPAD]",,,,,,,,,,,,
SDCGCGT,"intermdiate, table-1-a, imputation-variable",Ethnicity,"Cultural or racial origin - (D, G)",Sociodemographics,Ethnicity,Categorical,N/A,"cchs2001_p, cchs2003_p, cchs2005_p, cchs2007_2008_p, cchs2009_2010_p, cchs2010_p, cchs2011_2012_p, cchs2012_p, cchs2013_2014_p, cchs2014_p, cchs2015_2016_p, cchs2017_2018_p, cchs2001_i, cchs2005_i,  cchs2011_2012_i, cchs2013_2014_i, cchs2015_2016_i, cchs2017_2018_i","cchs2001_p::SDCAGRAC, cchs2003_p::SDCCGRAC, cchs2005_p::SDCEGCGT, cchs2015_2016_p::SDCDGCGT, cchs2017_2018_p::SDCDGCGT, [SDCGCGT]",,,,,,,,,,,,
SDCGCGT_cat2,indermediate,Dummy variable for ethnicity: Non-white,Dummy variable for ethnicity: Non-white,Sociodemographics,Ethnicity,Categorical,N/A,"cchs2001_p, cchs2003_p, cchs2005_p, cchs2007_2008_p, cchs2009_2010_p, cchs2010_p, cchs2011_2012_p, cchs2012_p, cchs2013_2014_p, cchs2014_p, cchs2015_2016_p, cchs2017_2018_p, cchs2001_i, cchs2005_i,  cchs2011_2012_i, cchs2013_2014_i, cchs2015_2016_i, cchs2017_2018_i",DerivedVar::[SDCGCGT],,"dummy[2, 1]",,,,,,,,,,
SDCGCGT_cat2_C,predictor,Centered dummy ethnicity variable: Non-white,Centered dummy ethnicity variable: Non-white,Sociodemographics,Ethnicity,Categorical,N/A,"cchs2001_p, cchs2003_p, cchs2005_p, cchs2007_2008_p, cchs2009_2010_p, cchs2010_p, cchs2011_2012_p, cchs2012_p, cchs2013_2014_p, cchs2014_p, cchs2015_2016_p, cchs2017_2018_p, cchs2001_i, cchs2005_i,  cchs2011_2012_i, cchs2013_2014_i, cchs2015_2016_i, cchs2017_2018_i",DerivedVar::[SDCGCGT],,"center[SDCGCGT, mean]",,,,,,,,,,
SMK_01A,intermediate,,"In lifetime, smoked 100 or more cigarettes",Health behaviour,Smoking,Categorical,N/A,"cchs2001_p, cchs2003_p, cchs2005_p, cchs2007_2008_p, cchs2009_2010_p, cchs2010_p, cchs2011_2012_p, cchs2012_p, cchs2013_2014_p, cchs2014_p, cchs2015_2016_p, cchs2017_2018_p, cchs2009_s, cchs2010_s, cchs2012_s, cchs2001_i, cchs2005_i,  cchs2007_2008_i, cchs2009_2010_i, cchs2011_2012_i, cchs2013_2014_i, cchs2015_2016_i, cchs2017_2018_i","cchs2001_p::SMKA_01A, cchs2003_p::SMKC_01A, cchs2005_p::SMKE_01A, cchs2015_2016_p::SMK_020, cchs2017_2018_p::SMK_020, [SMK_01A]",,,,,,,,,,,,
SMK_05B,intermediate,cigdayo,# of cigarettes smoked daily - occasional smoker,Health behaviour,Smoking,Continuous,cigarettes,"cchs2001_p, cchs2003_p, cchs2005_p, cchs2007_2008_p, cchs2009_2010_p, cchs2010_p, cchs2011_2012_p, cchs2012_p, cchs2013_2014_p, cchs2014_p, cchs2015_2016_p, cchs2017_2018_p","cchs2001_p::SMKA_05B, cchs2003_p::SMKC_05B, cchs2005_p::SMKE_05B, cchs2015_2016_p::SMK_050, cchs2017_2018_p::SMK_050, cchs2015_2016_i::SMK_050, cchs2017_2018_i::SMK_050, [SMK_05B]",,,,,,,,,,,,
SMK_05C,intermediate,Number of days - smoked 1 cigarette or more (occ. smoker),"In the past month, on how many days have you smoked 1 or more cigarettes?",Health behaviour,Smoking,Continuous,days,"cchs2001_p, cchs2003_p, cchs2005_p, cchs2007_2008_p, cchs2009_2010_p, cchs2010_p, cchs2011_2012_p, cchs2012_p, cchs2013_2014_p, cchs2014_p, cchs2015_2016_p, cchs2017_2018_p, cchs2009_s, cchs2010_s, cchs2012_s","cchs2001_p::SMKA_05C, cchs2003_p::SMKC_05C, cchs2005_p::SMKE_05C, cchs2015_2016_p::SMK_055, cchs2017_2018_p::SMK_055, [SMK_05C]",,,,,,,,,,,,
SMK_09A_B,intermediate,stpd,When did you stop smoking daily - former daily,Health behaviour,Smoking,Categorical,Years,"cchs2003_p, cchs2005_p, cchs2007_2008_p, cchs2009_2010_p, cchs2010_p, cchs2011_2012_p, cchs2012_p, cchs2013_2014_p, cchs2014_p, cchs2015_2016_p, cchs2017_2018_p, cchs2009_s, cchs2010_s, cchs2012_s","cchs2003_p::SMKC_09A, cchs2005_p::SMKE_09A, cchs2015_2016_p::SMK_080, cchs2017_2018_p::SMK_080, [SMK_09A]",,,,,,,,,,,,
SMK_204,intermediate,cigdayd,# of cigarettes smoked daily - daily smoker,Health behaviour,Smoking,Continuous,cigarettes,"cchs2001_p, cchs2003_p, cchs2005_p, cchs2007_2008_p, cchs2009_2010_p, cchs2010_p, cchs2011_2012_p, cchs2012_p, cchs2013_2014_p, cchs2014_p, cchs2015_2016_p, cchs2017_2018_p","cchs2001_p::SMKA_204, cchs2003_p::SMKC_204, cchs2005_p::SMKE_204, cchs2015_2016_p::SMK_045, cchs2017_2018_p::SMK_045, [SMK_204]",,,,,,,,,,,,
SMK_208,intermediate,# of cigarettes smoke each day - former daily,# of cigarettes smoked each day - former daily smoker,Health behaviour,Smoking,Continuous,cigarettes,"cchs2001_p, cchs2003_p, cchs2005_p, cchs2007_2008_p, cchs2009_2010_p, cchs2010_p, cchs2011_2012_p, cchs2012_p, cchs2013_2014_p, cchs2014_p","cchs2001_p::SMKA_208, cchs2003_p::SMKC_208, cchs2005_p::SMKE_208, [SMK_208]",,,,,,,,,,,,
SMKDSTY,intermediate,Smoking status,"Type of smoker: daily, occasional, former daily, former occasional, never",Health behaviour,Smoking,Categorical,N/A,"cchs2001_p, cchs2003_p, cchs2005_p, cchs2007_2008_p, cchs2009_2010_p, cchs2010_p, cchs2011_2012_p, cchs2012_p, cchs2013_2014_p, cchs2014_p, cchs2015_2016_p, cchs2017_2018_p, cchs2009_s, cchs2010_s, cchs2012_s","cchs2001_p::SMKADSTY, cchs2003_p::SMKCDSTY, cchs2005_p::SMKEDSTY, cchs2015_2016_p::SMKDVSTY, cchs2017_2018_p::SMKDVSTY, [SMKDSTY]","Re-categorization of SMKDSTY to be used for smoking imputation. SMKDSTY_cat5 is a 5 category variable for smoking status for cycles up to 2018. Prior to 2015, 'occasional' and 'always occasional' are combined to form the current 'occasional' category. 2015 onwards, 'former occasional' and 'experimental' are combined to form the current 'former occasional' category",,,,,,,,,,,
SMKG09C,intermediate,stpdy,Years since stopped smoking daily - former daily,Health behaviour,Smoking,Categorical,Years,"cchs2003_p, cchs2005_p, cchs2007_2008_p, cchs2009_2010_p, cchs2010_p, cchs2011_2012_p, cchs2012_p, cchs2013_2014_p, cchs2014_p, cchs2015_2016_p, cchs2017_2018_p, cchs2009_s, cchs2010_s, cchs2012_s","cchs2003_p::SMKCG09C, cchs2005_p::SMKEG09C, cchs2015_2016_p::SMKG090, cchs2017_2018_p::SMKG090, cchs2009_s::SMK_09C, cchs2010_s::SMK_09C, cchs2012_s::SMK_09C, [SMKG09C]",,,,,,,,,,,,
SMKG203_cont,intermediate,agecigd,Age started to smoke daily - daily smoker (G),Health behaviour,Smoking,Continuous,Years,"cchs2001_p, cchs2003_p, cchs2005_p, cchs2007_2008_p, cchs2009_2010_p, cchs2010_p, cchs2011_2012_p, cchs2012_p, cchs2013_2014_p, cchs2014_p, cchs2015_2016_p, cchs2017_2018_p, cchs2009_s, cchs2010_s, cchs2012_s","cchs2001_p::SMKAG203, cchs2003_p::SMKCG203, cchs2005_p::SMKEG203, cchs2009_s::SMK_203, cchs2010_s::SMK_203, cchs2012_s::SMK_203, [SMKG203], DerivedVar::[SMK_005, SMKG040]",,,,,,,,,,,,
SMK207,intermediate,agecigfd,Age started to smoke daily - former daily smoker,Health behaviour,Smoking,Continuous,Years,"cchs2001_p, cchs2003_p, cchs2005_p, cchs2007_2008_p, cchs2009_2010_p, cchs2010_p, cchs2011_2012_p, cchs2012_p, cchs2013_2014_p, cchs2014_p, cchs2015_2016_p, cchs2017_2018_p, cchs2009_s, cchs2010_s, cchs2012_s","cchs2001_p::SMKAG207, cchs2003_p::SMKCG207, cchs2005_p::SMKEG207, cchs2009_s::SMK_207, cchs2010_s::SMK_207, cchs2012_s::SMK_207, [SMKG207], DerivedVar::[SMK_030, SMKG040]",,,,,,,,,,,,
smoke_simple,predictor,Simple smoking status,Simple smoking status,Health behaviour,Smoking,Categorical,N/A,"cchs2003_p, cchs2005_p, cchs2007_2008_p, cchs2009_2010_p, cchs2010_p, cchs2011_2012_p, cchs2012_p, cchs2013_2014_p, cchs2014_p, cchs2015_2016_p, cchs2017_2018_p, cchs2009_s, cchs2010_s, cchs2012_s, cchs_2013_i, cchs_2014_i, cchs_2015_i, cchs_2016_i, cchs2017_2018i","DerivedVar::[SMKDSTY_cat5, time_quit_smoking]",,,,,,,,,,,,
time_quit_smoking,intermediate,Time since quit,Time since quit smoking,Health behaviour,Smoking,Continuous,Years,"cchs2003_p, cchs2005_p, cchs2007_2008_p, cchs2009_2010_p, cchs2010_p, cchs2011_2012_p, cchs2012_p, cchs2013_2014_p, cchs2014_p, cchs2015_2016_p, cchs2017_2018_p, cchs2009_s, cchs2010_s, cchs2012_s, cchs_2013_i, cchs_2014_i, cchs_2015_i, cchs_2016_i, cchs2017_2018i","DerivedVar::[SMK_09A_B, SMKG09C]",,,,,,,,,,,,
SurveyCycle,"intermediate, imputation-variable",Survey Year,Survey Year,Design,Survey Cycle,Categorical,N/A,"cchs2001_p, cchs2003_p, cchs2005_p, cchs2007_2008_p, cchs2009_2010_p, cchs2011_2012_p, cchs2013_2014_p, cchs2015_2016_p, cchs2017_2018_p, cchs2001_i, cchs2003_i, cchs2005_i, cchs2007_2008_i, cchs2009_2010_i, cchs2011_2012_i, cchs2013_2014_i, cchs2015_2016_i, cchs2017_2018_i",DerivedVar::[data_name],,,,,,,,,,,,
SurveyCycle_cat1,intermediate,Dummied survey year: 2013-2014,Dummied survey year: 2013-2015,Design,Survey Cycle,Categorical,N/A,"cchs2001_p, cchs2003_p, cchs2005_p, cchs2007_2008_p, cchs2009_2010_p, cchs2011_2012_p, cchs2013_2014_p, cchs2015_2016_p, cchs2017_2018_p, cchs2001_i, cchs2003_i, cchs2005_i, cchs2007_2008_i, cchs2009_2010_i, cchs2011_2012_i, cchs2013_2014_i, cchs2015_2016_i, cchs2017_2018_i",DerivedVar::[SurveyCycle],,"dummy[1, 3]",,,,,,,,,,
SurveyCycle_cat2,intermediate,Dummied survey year: 2015-2016,Dummied survey year: 2015-2017,Design,Survey Cycle,Categorical,N/A,"cchs2001_p, cchs2003_p, cchs2005_p, cchs2007_2008_p, cchs2009_2010_p, cchs2011_2012_p, cchs2013_2014_p, cchs2015_2016_p, cchs2017_2018_p, cchs2001_i, cchs2003_i, cchs2005_i, cchs2007_2008_i, cchs2009_2010_i, cchs2011_2012_i, cchs2013_2014_i, cchs2015_2016_i, cchs2017_2018_i",DerivedVar::[SurveyCycle],,"dummy[1, 3]",,,,,,,,,,
SurveyCycle_cat1_C,predictor,Cnetered Dummied survey year: 2013-2014,Cnetered Dummied survey year: 2013-2015,Design,Survey Cycle,Categorical,N/A,"cchs2001_p, cchs2003_p, cchs2005_p, cchs2007_2008_p, cchs2009_2010_p, cchs2011_2012_p, cchs2013_2014_p, cchs2015_2016_p, cchs2017_2018_p, cchs2001_i, cchs2003_i, cchs2005_i, cchs2007_2008_i, cchs2009_2010_i, cchs2011_2012_i, cchs2013_2014_i, cchs2015_2016_i, cchs2017_2018_i",DerivedVar::[SurveyCycle_cat1],,center[SurveyCycle_cat1],,,,,,,,,,
SurveyCycle_cat2_C,predictor,Centered Dummied survey year: 2015-2016,Centered Dummied survey year: 2015-2017,Design,Survey Cycle,Categorical,N/A,"cchs2001_p, cchs2003_p, cchs2005_p, cchs2007_2008_p, cchs2009_2010_p, cchs2011_2012_p, cchs2013_2014_p, cchs2015_2016_p, cchs2017_2018_p, cchs2001_i, cchs2003_i, cchs2005_i, cchs2007_2008_i, cchs2009_2010_i, cchs2011_2012_i, cchs2013_2014_i, cchs2015_2016_i, cchs2017_2018_i",DerivedVar::[SurveyCycle_cat2],,center[SurveyCycle_cat2],,,,,,,,,,
WTS_L,Linked Weights,Linked Weights,Linked Weights,N/A,N/A,Continuous,N/A,"cchs2001_m, cchs2003_m, cchs2005_m, cchs2007_2008_m, cchs2009_2010_m, cchs2011_2012_m, cchs2013_2014_m","cchs2001_p::WTSAM, cchs2003_p::WTSC_i, cchs2005_p::WTSE_i, [WTS_i]",,,,,,,,,,,,
WTS_S,Shared Weights,,,,,,,,,,,,,,,,,,,,
IKN,Linkage and ID Number,ICES Knowledge Number,ICES Knowledge Number,N/A,N/A,Continuous,N/A,"cchs2001_m, cchs2003_m, cchs2005_m, cchs2007_2008_m, cchs2009_2010_m, cchs2011_2012_m, cchs2013_2014_m, cchs2015_2016_m, cchs2017_2018_m",[IKN],internal ICES number derived using scrambled OHIP number. Used to link survey participants to adminstrative databases for outcome ascertainment,,,,,,,,,,,